scenario,n,trial,rank,lambda_min_information,parameter_covered,aligned_sum_width,empty,lower,upper,width,delta_covered,decision,incorrect_claim,sign_error
null,8,0,1,0.0,1,0.20788557365245175,0,-1.0,1.0,2.0,1,0,0,0
null,8,1,1,0.0,1,0.20788557365245164,0,-1.0,1.0,2.0,1,0,0,0
null,8,2,1,0.0,1,0.20788557365245164,0,-1.0,1.0,2.0,1,0,0,0
null,8,3,1,0.0,1,0.20788557365245153,0,-1.0,1.0,2.0,1,0,0,0
null,8,4,1,0.0,1,0.20788557365245164,0,-1.0,1.0,2.0,1,0,0,0
null,8,5,1,0.0,1,0.20788557365245153,0,-1.0,1.0,2.0,1,0,0,0
null,8,6,1,0.0,1,0.20788557365245164,0,-1.0,1.0,2.0,1,0,0,0
null,8,7,1,0.0,1,0.20788557365245164,0,-1.0,1.0,2.0,1,0,0,0
null,8,8,1,0.0,1,0.20788557365245164,0,-1.0,1.0,2.0,1,0,0,0
null,8,9,1,0.0,1,0.20788557365245164,0,-1.0,1.0,2.0,1,0,0,0
null,8,10,1,0.0,1,0.20788557365245153,0,-1.0,1.0,2.0,1,0,0,0
null,8,11,1,0.0,0,0.20788557365245153,0,-0.9422758803348606,0.9422758803348606,1.8845517606697213,1,0,0,0
null,8,12,1,0.0,1,0.20788557365245164,0,-1.0,1.0,2.0,1,0,0,0
null,8,13,1,0.0,1,0.20788557365245164,0,-1.0,1.0,2.0,1,0,0,0
null,8,14,1,0.0,1,0.20788557365245164,0,-1.0,1.0,2.0,1,0,0,0
null,8,15,1,0.0,0,0.20788557365245158,0,-0.9929276563925692,0.9929276563925692,1.9858553127851384,1,0,0,0
null,8,16,1,0.0,1,0.20788557365245164,0,-1.0,1.0,2.0,1,0,0,0
null,8,17,1,0.0,1,0.20788557365245153,0,-1.0,1.0,2.0,1,0,0,0
null,8,18,1,0.0,1,0.20788557365245153,0,-1.0,1.0,2.0,1,0,0,0
null,8,19,1,0.0,1,0.20788557365245164,0,-1.0,1.0,2.0,1,0,0,0
null,8,20,1,0.0,1,0.20788557365245153,0,-1.0,1.0,2.0,1,0,0,0
null,8,21,1,0.0,1,0.20788557365245164,0,-1.0,1.0,2.0,1,0,0,0
null,8,22,1,0.0,1,0.20788557365245153,0,-1.0,1.0,2.0,1,0,0,0
null,8,23,1,0.0,1,0.20788557365245142,0,-1.0,1.0,2.0,1,0,0,0
null,8,24,1,0.0,1,0.20788557365245153,0,-1.0,1.0,2.0,1,0,0,0
null,8,25,1,0.0,1,0.20788557365245153,0,-1.0,1.0,2.0,1,0,0,0
null,8,26,1,0.0,1,0.20788557365245164,0,-1.0,1.0,2.0,1,0,0,0
null,8,27,1,0.0,1,0.20788557365245164,0,-1.0,1.0,2.0,1,0,0,0
null,8,28,1,0.0,1,0.20788557365245153,0,-1.0,1.0,2.0,1,0,0,0
null,8,29,1,0.0,1,0.20788557365245175,0,-1.0,1.0,2.0,1,0,0,0
null,8,30,1,0.0,1,0.20788557365245153,0,-1.0,1.0,2.0,1,0,0,0
null,8,31,1,0.0,1,0.20788557365245164,0,-1.0,1.0,2.0,1,0,0,0
null,8,32,1,0.0,1,0.20788557365245153,0,-1.0,1.0,2.0,1,0,0,0
null,8,33,1,0.0,1,0.20788557365245153,0,-1.0,1.0,2.0,1,0,0,0
null,8,34,1,0.0,1,0.20788557365245153,0,-1.0,1.0,2.0,1,0,0,0
null,8,35,1,0.0,1,0.20788557365245153,0,-1.0,1.0,2.0,1,0,0,0
null,8,36,1,0.0,1,0.20788557365245142,0,-1.0,1.0,2.0,1,0,0,0
null,8,37,1,0.0,1,0.20788557365245153,0,-1.0,1.0,2.0,1,0,0,0
null,8,38,1,0.0,1,0.20788557365245153,0,-1.0,1.0,2.0,1,0,0,0
null,8,39,1,0.0,1,0.20788557365245153,0,-1.0,1.0,2.0,1,0,0,0
null,8,40,1,0.0,1,0.20788557365245175,0,-1.0,1.0,2.0,1,0,0,0
null,8,41,1,0.0,1,0.2078855736524513,0,-1.0,1.0,2.0,1,0,0,0
null,8,42,1,0.0,1,0.20788557365245153,0,-1.0,1.0,2.0,1,0,0,0
null,8,43,1,0.0,1,0.20788557365245164,0,-1.0,1.0,2.0,1,0,0,0
null,8,44,1,0.0,1,0.20788557365245164,0,-1.0,1.0,2.0,1,0,0,0
null,8,45,1,0.0,1,0.20788557365245153,0,-1.0,1.0,2.0,1,0,0,0
null,8,46,1,0.0,1,0.20788557365245153,0,-1.0,1.0,2.0,1,0,0,0
null,8,47,1,0.0,1,0.20788557365245175,0,-1.0,1.0,2.0,1,0,0,0
null,8,48,1,0.0,1,0.20788557365245175,0,-1.0,1.0,2.0,1,0,0,0
null,8,49,1,0.0,0,0.20788557365245158,0,-0.959939204930972,0.959939204930972,1.919878409861944,1,0,0,0
null,8,50,1,0.0,1,0.20788557365245153,0,-1.0,1.0,2.0,1,0,0,0
null,8,51,1,0.0,1,0.20788557365245153,0,-1.0,1.0,2.0,1,0,0,0
null,8,52,1,0.0,1,0.20788557365245164,0,-1.0,1.0,2.0,1,0,0,0
null,8,53,1,0.0,1,0.20788557365245153,0,-1.0,1.0,2.0,1,0,0,0
null,8,54,1,0.0,0,0.20788557365245164,0,-0.9247392538397469,0.9247392538397469,1.8494785076794937,1,0,0,0
null,8,55,1,0.0,1,0.20788557365245153,0,-1.0,1.0,2.0,1,0,0,0
null,8,56,1,0.0,1,0.20788557365245164,0,-1.0,1.0,2.0,1,0,0,0
null,8,57,1,0.0,1,0.20788557365245164,0,-1.0,1.0,2.0,1,0,0,0
null,8,58,1,0.0,1,0.20788557365245164,0,-1.0,1.0,2.0,1,0,0,0
null,8,59,1,0.0,1,0.20788557365245164,0,-1.0,1.0,2.0,1,0,0,0
null,8,60,1,0.0,1,0.20788557365245153,0,-1.0,1.0,2.0,1,0,0,0
null,8,61,1,0.0,1,0.20788557365245153,0,-1.0,1.0,2.0,1,0,0,0
null,8,62,1,0.0,0,0.20788557365245158,0,-0.9958200156982241,0.9958200156982241,1.9916400313964482,1,0,0,0
null,8,63,1,0.0,1,0.20788557365245164,0,-1.0,1.0,2.0,1,0,0,0
null,8,64,1,0.0,0,0.20788557365245164,0,-0.9291611442788007,0.9291611442788007,1.8583222885576014,1,0,0,0
null,8,65,1,0.0,1,0.20788557365245153,0,-1.0,1.0,2.0,1,0,0,0
null,8,66,1,0.0,1,0.20788557365245153,0,-1.0,1.0,2.0,1,0,0,0
null,8,67,1,0.0,1,0.20788557365245164,0,-1.0,1.0,2.0,1,0,0,0
null,8,68,1,0.0,1,0.20788557365245175,0,-1.0,1.0,2.0,1,0,0,0
null,8,69,1,0.0,1,0.20788557365245164,0,-1.0,1.0,2.0,1,0,0,0
null,8,70,1,0.0,1,0.20788557365245164,0,-1.0,1.0,2.0,1,0,0,0
null,8,71,1,0.0,1,0.20788557365245164,0,-1.0,1.0,2.0,1,0,0,0
null,8,72,1,0.0,1,0.20788557365245153,0,-1.0,1.0,2.0,1,0,0,0
null,8,73,1,0.0,1,0.20788557365245164,0,-1.0,1.0,2.0,1,0,0,0
null,8,74,1,0.0,1,0.20788557365245164,0,-1.0,1.0,2.0,1,0,0,0
null,8,75,1,0.0,1,0.20788557365245153,0,-1.0,1.0,2.0,1,0,0,0
null,8,76,1,0.0,1,0.20788557365245164,0,-1.0,1.0,2.0,1,0,0,0
null,8,77,1,0.0,1,0.20788557365245153,0,-1.0,1.0,2.0,1,0,0,0
null,8,78,1,0.0,1,0.20788557365245153,0,-1.0,1.0,2.0,1,0,0,0
null,8,79,1,0.0,1,0.20788557365245164,0,-1.0,1.0,2.0,1,0,0,0
null,8,80,1,0.0,1,0.20788557365245153,0,-1.0,1.0,2.0,1,0,0,0
null,8,81,1,0.0,1,0.20788557365245153,0,-1.0,1.0,2.0,1,0,0,0
null,8,82,1,0.0,1,0.20788557365245153,0,-1.0,1.0,2.0,1,0,0,0
null,8,83,1,0.0,1,0.20788557365245164,0,-1.0,1.0,2.0,1,0,0,0
null,8,84,1,0.0,1,0.20788557365245153,0,-1.0,1.0,2.0,1,0,0,0
null,8,85,1,0.0,1,0.20788557365245164,0,-1.0,1.0,2.0,1,0,0,0
null,8,86,1,0.0,1,0.20788557365245153,0,-1.0,1.0,2.0,1,0,0,0
null,8,87,1,0.0,1,0.20788557365245164,0,-1.0,1.0,2.0,1,0,0,0
null,8,88,1,0.0,1,0.20788557365245153,0,-1.0,1.0,2.0,1,0,0,0
null,8,89,1,0.0,1,0.20788557365245164,0,-1.0,1.0,2.0,1,0,0,0
null,8,90,1,0.0,1,0.20788557365245153,0,-1.0,1.0,2.0,1,0,0,0
null,8,91,1,0.0,1,0.20788557365245153,0,-1.0,1.0,2.0,1,0,0,0
null,8,92,1,0.0,1,0.20788557365245153,0,-1.0,1.0,2.0,1,0,0,0
null,8,93,1,0.0,1,0.20788557365245153,0,-1.0,1.0,2.0,1,0,0,0
null,8,94,1,0.0,1,0.20788557365245153,0,-1.0,1.0,2.0,1,0,0,0
null,8,95,1,0.0,1,0.20788557365245153,0,-1.0,1.0,2.0,1,0,0,0
null,8,96,1,0.0,0,0.20788557365245164,0,-0.9304681124858599,0.9304681124858599,1.8609362249717198,1,0,0,0
null,8,97,1,0.0,1,0.20788557365245175,0,-1.0,1.0,2.0,1,0,0,0
null,8,98,1,0.0,1,0.20788557365245153,0,-1.0,1.0,2.0,1,0,0,0
null,8,99,1,0.0,1,0.20788557365245153,0,-1.0,1.0,2.0,1,0,0,0
null,8,100,1,0.0,1,0.20788557365245164,0,-1.0,1.0,2.0,1,0,0,0
null,8,101,1,0.0,1,0.20788557365245164,0,-1.0,1.0,2.0,1,0,0,0
null,8,102,1,0.0,1,0.20788557365245153,0,-1.0,1.0,2.0,1,0,0,0
null,8,103,1,0.0,1,0.20788557365245153,0,-1.0,1.0,2.0,1,0,0,0
null,8,104,1,0.0,1,0.20788557365245164,0,-1.0,1.0,2.0,1,0,0,0
null,8,105,1,0.0,1,0.20788557365245153,0,-1.0,1.0,2.0,1,0,0,0
null,8,106,1,0.0,1,0.20788557365245153,0,-1.0,1.0,2.0,1,0,0,0
null,8,107,1,0.0,1,0.20788557365245164,0,-1.0,1.0,2.0,1,0,0,0
null,8,108,1,0.0,1,0.20788557365245153,0,-1.0,1.0,2.0,1,0,0,0
null,8,109,1,0.0,1,0.20788557365245153,0,-1.0,1.0,2.0,1,0,0,0
null,8,110,1,0.0,1,0.20788557365245153,0,-1.0,1.0,2.0,1,0,0,0
null,8,111,1,0.0,1,0.20788557365245153,0,-1.0,1.0,2.0,1,0,0,0
null,8,112,1,0.0,1,0.20788557365245153,0,-1.0,1.0,2.0,1,0,0,0
null,8,113,1,0.0,1,0.20788557365245164,0,-1.0,1.0,2.0,1,0,0,0
null,8,114,1,0.0,1,0.20788557365245153,0,-1.0,1.0,2.0,1,0,0,0
null,8,115,1,0.0,1,0.20788557365245153,0,-1.0,1.0,2.0,1,0,0,0
null,8,116,1,0.0,1,0.20788557365245175,0,-1.0,1.0,2.0,1,0,0,0
null,8,117,1,0.0,1,0.20788557365245153,0,-1.0,1.0,2.0,1,0,0,0
null,8,118,1,0.0,1,0.20788557365245164,0,-1.0,1.0,2.0,1,0,0,0
null,8,119,1,0.0,1,0.20788557365245153,0,-1.0,1.0,2.0,1,0,0,0
null,8,120,1,0.0,1,0.20788557365245153,0,-1.0,1.0,2.0,1,0,0,0
null,8,121,1,0.0,1,0.20788557365245175,0,-1.0,1.0,2.0,1,0,0,0
null,8,122,1,0.0,1,0.20788557365245164,0,-1.0,1.0,2.0,1,0,0,0
null,8,123,1,0.0,1,0.20788557365245153,0,-1.0,1.0,2.0,1,0,0,0
null,8,124,1,0.0,1,0.20788557365245153,0,-1.0,1.0,2.0,1,0,0,0
null,8,125,1,0.0,1,0.20788557365245153,0,-1.0,1.0,2.0,1,0,0,0
null,8,126,1,0.0,1,0.20788557365245164,0,-1.0,1.0,2.0,1,0,0,0
null,8,127,1,0.0,1,0.20788557365245153,0,-1.0,1.0,2.0,1,0,0,0
null,8,128,1,0.0,1,0.20788557365245153,0,-1.0,1.0,2.0,1,0,0,0
null,8,129,1,0.0,1,0.20788557365245164,0,-1.0,1.0,2.0,1,0,0,0
null,8,130,1,0.0,1,0.20788557365245164,0,-1.0,1.0,2.0,1,0,0,0
null,8,131,1,0.0,1,0.20788557365245153,0,-1.0,1.0,2.0,1,0,0,0
null,8,132,1,0.0,1,0.20788557365245164,0,-1.0,1.0,2.0,1,0,0,0
null,8,133,1,0.0,1,0.20788557365245164,0,-1.0,1.0,2.0,1,0,0,0
null,8,134,1,0.0,1,0.20788557365245153,0,-1.0,1.0,2.0,1,0,0,0
null,8,135,1,0.0,1,0.20788557365245164,0,-1.0,1.0,2.0,1,0,0,0
null,8,136,1,0.0,1,0.20788557365245153,0,-1.0,1.0,2.0,1,0,0,0
null,8,137,1,0.0,1,0.20788557365245164,0,-1.0,1.0,2.0,1,0,0,0
null,8,138,1,0.0,1,0.20788557365245164,0,-1.0,1.0,2.0,1,0,0,0
null,8,139,1,0.0,0,0.2078855736524518,0,-0.9471411913989232,0.9471411913989232,1.8942823827978463,1,0,0,0
null,8,140,1,0.0,1,0.20788557365245153,0,-1.0,1.0,2.0,1,0,0,0
null,8,141,1,0.0,1,0.20788557365245164,0,-1.0,1.0,2.0,1,0,0,0
null,8,142,1,0.0,1,0.20788557365245153,0,-1.0,1.0,2.0,1,0,0,0
null,8,143,1,0.0,1,0.20788557365245164,0,-1.0,1.0,2.0,1,0,0,0
null,8,144,1,0.0,1,0.20788557365245153,0,-1.0,1.0,2.0,1,0,0,0
null,8,145,1,0.0,1,0.20788557365245164,0,-1.0,1.0,2.0,1,0,0,0
null,8,146,1,0.0,1,0.20788557365245153,0,-1.0,1.0,2.0,1,0,0,0
null,8,147,1,0.0,1,0.20788557365245164,0,-1.0,1.0,2.0,1,0,0,0
null,8,148,1,0.0,1,0.20788557365245153,0,-1.0,1.0,2.0,1,0,0,0
null,8,149,1,0.0,1,0.20788557365245164,0,-1.0,1.0,2.0,1,0,0,0
null,8,150,1,0.0,1,0.20788557365245153,0,-1.0,1.0,2.0,1,0,0,0
null,8,151,1,0.0,1,0.20788557365245153,0,-1.0,1.0,2.0,1,0,0,0
null,8,152,1,0.0,1,0.20788557365245153,0,-1.0,1.0,2.0,1,0,0,0
null,8,153,1,0.0,1,0.20788557365245164,0,-1.0,1.0,2.0,1,0,0,0
null,8,154,1,0.0,1,0.20788557365245153,0,-1.0,1.0,2.0,1,0,0,0
null,8,155,1,0.0,1,0.20788557365245164,0,-1.0,1.0,2.0,1,0,0,0
null,8,156,1,0.0,1,0.20788557365245164,0,-1.0,1.0,2.0,1,0,0,0
null,8,157,1,0.0,1,0.20788557365245164,0,-1.0,1.0,2.0,1,0,0,0
null,8,158,1,0.0,1,0.20788557365245164,0,-1.0,1.0,2.0,1,0,0,0
null,8,159,1,0.0,1,0.20788557365245153,0,-1.0,1.0,2.0,1,0,0,0
null,8,160,1,0.0,1,0.20788557365245153,0,-1.0,1.0,2.0,1,0,0,0
null,8,161,1,0.0,1,0.20788557365245164,0,-1.0,1.0,2.0,1,0,0,0
null,8,162,1,0.0,1,0.20788557365245164,0,-1.0,1.0,2.0,1,0,0,0
null,8,163,1,0.0,1,0.20788557365245164,0,-1.0,1.0,2.0,1,0,0,0
null,8,164,1,0.0,1,0.20788557365245153,0,-1.0,1.0,2.0,1,0,0,0
null,8,165,1,0.0,1,0.20788557365245153,0,-1.0,1.0,2.0,1,0,0,0
null,8,166,1,0.0,1,0.20788557365245164,0,-1.0,1.0,2.0,1,0,0,0
null,8,167,1,0.0,1,0.20788557365245164,0,-1.0,1.0,2.0,1,0,0,0
null,8,168,1,0.0,1,0.20788557365245153,0,-1.0,1.0,2.0,1,0,0,0
null,8,169,1,0.0,1,0.20788557365245153,0,-1.0,1.0,2.0,1,0,0,0
null,8,170,1,0.0,1,0.20788557365245153,0,-1.0,1.0,2.0,1,0,0,0
null,8,171,1,0.0,1,0.20788557365245153,0,-1.0,1.0,2.0,1,0,0,0
null,8,172,1,0.0,1,0.20788557365245153,0,-1.0,1.0,2.0,1,0,0,0
null,8,173,1,0.0,1,0.20788557365245175,0,-1.0,1.0,2.0,1,0,0,0
null,8,174,1,0.0,1,0.20788557365245153,0,-1.0,1.0,2.0,1,0,0,0
null,8,175,1,0.0,1,0.20788557365245164,0,-1.0,1.0,2.0,1,0,0,0
null,8,176,1,0.0,1,0.20788557365245153,0,-1.0,1.0,2.0,1,0,0,0
null,8,177,1,0.0,1,0.20788557365245153,0,-1.0,1.0,2.0,1,0,0,0
null,8,178,1,0.0,1,0.20788557365245153,0,-1.0,1.0,2.0,1,0,0,0
null,8,179,1,0.0,1,0.20788557365245164,0,-1.0,1.0,2.0,1,0,0,0
null,8,180,1,0.0,1,0.20788557365245153,0,-1.0,1.0,2.0,1,0,0,0
null,8,181,1,0.0,1,0.20788557365245153,0,-1.0,1.0,2.0,1,0,0,0
null,8,182,1,0.0,1,0.20788557365245164,0,-1.0,1.0,2.0,1,0,0,0
null,8,183,1,0.0,1,0.20788557365245153,0,-1.0,1.0,2.0,1,0,0,0
null,8,184,1,0.0,1,0.20788557365245153,0,-1.0,1.0,2.0,1,0,0,0
null,8,185,1,0.0,1,0.20788557365245164,0,-1.0,1.0,2.0,1,0,0,0
null,8,186,1,0.0,1,0.20788557365245164,0,-1.0,1.0,2.0,1,0,0,0
null,8,187,1,0.0,1,0.20788557365245164,0,-1.0,1.0,2.0,1,0,0,0
null,8,188,1,0.0,1,0.20788557365245153,0,-1.0,1.0,2.0,1,0,0,0
null,8,189,1,0.0,1,0.20788557365245164,0,-1.0,1.0,2.0,1,0,0,0
null,8,190,1,0.0,1,0.20788557365245164,0,-1.0,1.0,2.0,1,0,0,0
null,8,191,1,0.0,1,0.20788557365245153,0,-1.0,1.0,2.0,1,0,0,0
null,8,192,1,0.0,1,0.20788557365245153,0,-1.0,1.0,2.0,1,0,0,0
null,8,193,1,0.0,1,0.20788557365245153,0,-1.0,1.0,2.0,1,0,0,0
null,8,194,1,0.0,1,0.20788557365245164,0,-1.0,1.0,2.0,1,0,0,0
null,8,195,1,0.0,1,0.20788557365245164,0,-1.0,1.0,2.0,1,0,0,0
null,8,196,1,0.0,0,0.20788557365245164,0,-0.9979098243002418,0.9979098243002418,1.9958196486004836,1,0,0,0
null,8,197,1,0.0,1,0.20788557365245153,0,-1.0,1.0,2.0,1,0,0,0
null,8,198,1,0.0,1,0.20788557365245164,0,-1.0,1.0,2.0,1,0,0,0
null,8,199,1,0.0,1,0.20788557365245164,0,-1.0,1.0,2.0,1,0,0,0
null,8,200,1,0.0,1,0.20788557365245153,0,-1.0,1.0,2.0,1,0,0,0
null,8,201,1,0.0,1,0.20788557365245153,0,-1.0,1.0,2.0,1,0,0,0
null,8,202,1,0.0,1,0.20788557365245164,0,-1.0,1.0,2.0,1,0,0,0
null,8,203,1,0.0,1,0.20788557365245164,0,-1.0,1.0,2.0,1,0,0,0
null,8,204,1,0.0,1,0.20788557365245164,0,-1.0,1.0,2.0,1,0,0,0
null,8,205,1,0.0,1,0.20788557365245153,0,-1.0,1.0,2.0,1,0,0,0
null,8,206,1,0.0,1,0.20788557365245153,0,-1.0,1.0,2.0,1,0,0,0
null,8,207,1,0.0,1,0.20788557365245153,0,-1.0,1.0,2.0,1,0,0,0
null,8,208,1,0.0,1,0.20788557365245142,0,-1.0,1.0,2.0,1,0,0,0
null,8,209,1,0.0,1,0.20788557365245153,0,-1.0,1.0,2.0,1,0,0,0
null,8,210,1,0.0,1,0.20788557365245153,0,-1.0,1.0,2.0,1,0,0,0
null,8,211,1,0.0,0,0.20788557365245164,0,-0.9935337073404541,0.9935337073404541,1.9870674146809082,1,0,0,0
null,8,212,1,0.0,1,0.20788557365245142,0,-1.0,1.0,2.0,1,0,0,0
null,8,213,1,0.0,1,0.20788557365245164,0,-1.0,1.0,2.0,1,0,0,0
null,8,214,1,0.0,0,0.20788557365245164,0,-0.9894947264106821,0.9894947264106821,1.9789894528213643,1,0,0,0
null,8,215,1,0.0,1,0.20788557365245153,0,-1.0,1.0,2.0,1,0,0,0
null,8,216,1,0.0,1,0.20788557365245164,0,-1.0,1.0,2.0,1,0,0,0
null,8,217,1,0.0,1,0.20788557365245164,0,-1.0,1.0,2.0,1,0,0,0
null,8,218,1,0.0,1,0.20788557365245153,0,-1.0,1.0,2.0,1,0,0,0
null,8,219,1,0.0,1,0.20788557365245153,0,-1.0,1.0,2.0,1,0,0,0
null,8,220,1,0.0,1,0.20788557365245153,0,-1.0,1.0,2.0,1,0,0,0
null,8,221,1,0.0,1,0.20788557365245175,0,-1.0,1.0,2.0,1,0,0,0
null,8,222,1,0.0,0,0.2078855736524518,0,-0.9142868502393204,0.9142868502393204,1.8285737004786409,1,0,0,0
null,8,223,1,0.0,1,0.20788557365245153,0,-1.0,1.0,2.0,1,0,0,0
null,8,224,1,0.0,1,0.20788557365245153,0,-1.0,1.0,2.0,1,0,0,0
null,8,225,1,0.0,1,0.20788557365245175,0,-1.0,1.0,2.0,1,0,0,0
null,8,226,1,0.0,1,0.20788557365245153,0,-1.0,1.0,2.0,1,0,0,0
null,8,227,1,0.0,1,0.20788557365245164,0,-1.0,1.0,2.0,1,0,0,0
null,8,228,1,0.0,1,0.20788557365245164,0,-1.0,1.0,2.0,1,0,0,0
null,8,229,1,0.0,1,0.20788557365245175,0,-1.0,1.0,2.0,1,0,0,0
null,8,230,1,0.0,1,0.20788557365245164,0,-1.0,1.0,2.0,1,0,0,0
null,8,231,1,0.0,1,0.20788557365245164,0,-1.0,1.0,2.0,1,0,0,0
null,8,232,1,0.0,1,0.20788557365245153,0,-1.0,1.0,2.0,1,0,0,0
null,8,233,1,0.0,1,0.20788557365245164,0,-1.0,1.0,2.0,1,0,0,0
null,8,234,1,0.0,1,0.20788557365245153,0,-1.0,1.0,2.0,1,0,0,0
null,8,235,1,0.0,0,0.20788557365245164,0,-0.9827856047899058,0.9827856047899058,1.9655712095798117,1,0,0,0
null,8,236,1,0.0,1,0.20788557365245164,0,-1.0,1.0,2.0,1,0,0,0
null,8,237,1,0.0,1,0.20788557365245175,0,-1.0,1.0,2.0,1,0,0,0
null,8,238,1,0.0,1,0.20788557365245164,0,-1.0,1.0,2.0,1,0,0,0
null,8,239,1,0.0,1,0.20788557365245153,0,-1.0,1.0,2.0,1,0,0,0
null,8,240,1,0.0,1,0.20788557365245153,0,-1.0,1.0,2.0,1,0,0,0
null,8,241,1,0.0,1,0.20788557365245153,0,-1.0,1.0,2.0,1,0,0,0
null,8,242,1,0.0,1,0.20788557365245153,0,-1.0,1.0,2.0,1,0,0,0
null,8,243,1,0.0,0,0.20788557365245158,0,-0.9649691542182232,0.9649691542182232,1.9299383084364463,1,0,0,0
null,8,244,1,0.0,1,0.20788557365245153,0,-1.0,1.0,2.0,1,0,0,0
null,8,245,1,0.0,1,0.20788557365245153,0,-1.0,1.0,2.0,1,0,0,0
null,8,246,1,0.0,0,0.20788557365245158,0,-0.9309245475558433,0.9309245475558433,1.8618490951116866,1,0,0,0
null,8,247,1,0.0,1,0.20788557365245164,0,-1.0,1.0,2.0,1,0,0,0
null,8,248,1,0.0,1,0.20788557365245164,0,-1.0,1.0,2.0,1,0,0,0
null,8,249,1,0.0,1,0.20788557365245175,0,-1.0,1.0,2.0,1,0,0,0
null,8,250,1,0.0,0,0.20788557365245175,0,-0.9971346849457419,0.9971346849457419,1.9942693698914837,1,0,0,0
null,8,251,1,0.0,1,0.20788557365245153,0,-1.0,1.0,2.0,1,0,0,0
null,8,252,1,0.0,1,0.20788557365245175,0,-1.0,1.0,2.0,1,0,0,0
null,8,253,1,0.0,1,0.20788557365245164,0,-1.0,1.0,2.0,1,0,0,0
null,8,254,1,0.0,1,0.20788557365245164,0,-1.0,1.0,2.0,1,0,0,0
null,8,255,1,0.0,1,0.20788557365245164,0,-1.0,1.0,2.0,1,0,0,0
null,8,256,1,0.0,1,0.20788557365245164,0,-1.0,1.0,2.0,1,0,0,0
null,8,257,1,0.0,1,0.20788557365245153,0,-1.0,1.0,2.0,1,0,0,0
null,8,258,1,0.0,1,0.20788557365245164,0,-1.0,1.0,2.0,1,0,0,0
null,8,259,1,0.0,1,0.20788557365245164,0,-1.0,1.0,2.0,1,0,0,0
null,8,260,1,0.0,1,0.20788557365245153,0,-1.0,1.0,2.0,1,0,0,0
null,8,261,1,0.0,1,0.20788557365245164,0,-1.0,1.0,2.0,1,0,0,0
null,8,262,1,0.0,1,0.20788557365245164,0,-1.0,1.0,2.0,1,0,0,0
null,8,263,1,0.0,0,0.2078855736524518,0,-0.9366725638481461,0.9366725638481461,1.8733451276962922,1,0,0,0
null,8,264,1,0.0,0,0.20788557365245164,0,-0.9562164711795881,0.9562164711795881,1.9124329423591762,1,0,0,0
null,8,265,1,0.0,1,0.20788557365245153,0,-1.0,1.0,2.0,1,0,0,0
null,8,266,1,0.0,1,0.20788557365245164,0,-1.0,1.0,2.0,1,0,0,0
null,8,267,1,0.0,1,0.20788557365245153,0,-1.0,1.0,2.0,1,0,0,0
null,8,268,1,0.0,1,0.20788557365245164,0,-1.0,1.0,2.0,1,0,0,0
null,8,269,1,0.0,1,0.20788557365245153,0,-1.0,1.0,2.0,1,0,0,0
null,8,270,1,0.0,1,0.20788557365245153,0,-1.0,1.0,2.0,1,0,0,0
null,8,271,1,0.0,1,0.20788557365245153,0,-1.0,1.0,2.0,1,0,0,0
null,8,272,1,0.0,1,0.20788557365245164,0,-1.0,1.0,2.0,1,0,0,0
null,8,273,1,0.0,1,0.20788557365245153,0,-1.0,1.0,2.0,1,0,0,0
null,8,274,1,0.0,1,0.20788557365245164,0,-1.0,1.0,2.0,1,0,0,0
null,8,275,1,0.0,1,0.20788557365245164,0,-1.0,1.0,2.0,1,0,0,0
null,8,276,1,0.0,1,0.20788557365245153,0,-1.0,1.0,2.0,1,0,0,0
null,8,277,1,0.0,1,0.20788557365245153,0,-1.0,1.0,2.0,1,0,0,0
null,8,278,1,0.0,1,0.20788557365245164,0,-1.0,1.0,2.0,1,0,0,0
null,8,279,1,0.0,1,0.20788557365245153,0,-1.0,1.0,2.0,1,0,0,0
null,8,280,1,0.0,1,0.20788557365245164,0,-1.0,1.0,2.0,1,0,0,0
null,8,281,1,0.0,1,0.20788557365245153,0,-1.0,1.0,2.0,1,0,0,0
null,8,282,1,0.0,1,0.20788557365245164,0,-1.0,1.0,2.0,1,0,0,0
null,8,283,1,0.0,1,0.20788557365245164,0,-1.0,1.0,2.0,1,0,0,0
null,8,284,1,0.0,1,0.20788557365245153,0,-1.0,1.0,2.0,1,0,0,0
null,8,285,1,0.0,1,0.20788557365245153,0,-1.0,1.0,2.0,1,0,0,0
null,8,286,1,0.0,1,0.20788557365245164,0,-1.0,1.0,2.0,1,0,0,0
null,8,287,1,0.0,1,0.20788557365245164,0,-1.0,1.0,2.0,1,0,0,0
null,8,288,1,0.0,1,0.20788557365245175,0,-1.0,1.0,2.0,1,0,0,0
null,8,289,1,0.0,1,0.20788557365245164,0,-1.0,1.0,2.0,1,0,0,0
null,8,290,1,0.0,1,0.20788557365245164,0,-1.0,1.0,2.0,1,0,0,0
null,8,291,1,0.0,1,0.20788557365245164,0,-1.0,1.0,2.0,1,0,0,0
null,8,292,1,0.0,1,0.20788557365245153,0,-1.0,1.0,2.0,1,0,0,0
null,8,293,1,0.0,1,0.2078855736524513,0,-1.0,1.0,2.0,1,0,0,0
null,8,294,1,0.0,1,0.20788557365245164,0,-1.0,1.0,2.0,1,0,0,0
null,8,295,1,0.0,1,0.20788557365245153,0,-1.0,1.0,2.0,1,0,0,0
null,8,296,1,0.0,1,0.20788557365245164,0,-1.0,1.0,2.0,1,0,0,0
null,8,297,1,0.0,1,0.20788557365245164,0,-1.0,1.0,2.0,1,0,0,0
null,8,298,1,0.0,1,0.20788557365245153,0,-1.0,1.0,2.0,1,0,0,0
null,8,299,1,0.0,1,0.20788557365245164,0,-1.0,1.0,2.0,1,0,0,0
null,32,0,1,0.0,1,0.10394278682622582,0,-1.0,1.0,2.0,1,0,0,0
null,32,1,1,0.0,1,0.10394278682622593,0,-1.0,1.0,2.0,1,0,0,0
null,32,2,1,0.0,1,0.10394278682622582,0,-1.0,1.0,2.0,1,0,0,0
null,32,3,1,0.0,1,0.10394278682622571,0,-1.0,1.0,2.0,1,0,0,0
null,32,4,1,0.0,0,0.10394278682622582,0,-0.9962026951954452,0.9962026951954452,1.9924053903908905,1,0,0,0
null,32,5,1,0.0,1,0.10394278682622593,0,-1.0,1.0,2.0,1,0,0,0
null,32,6,1,0.0,1,0.10394278682622593,0,-1.0,1.0,2.0,1,0,0,0
null,32,7,1,0.0,1,0.1039427868262256,0,-1.0,1.0,2.0,1,0,0,0
null,32,8,1,0.0,1,0.10394278682622593,0,-1.0,1.0,2.0,1,0,0,0
null,32,9,1,0.0,1,0.1039427868262256,0,-1.0,1.0,2.0,1,0,0,0
null,32,10,1,0.0,1,0.10394278682622593,0,-1.0,1.0,2.0,1,0,0,0
null,32,11,1,0.0,1,0.10394278682622582,0,-1.0,1.0,2.0,1,0,0,0
null,32,12,1,0.0,1,0.10394278682622571,0,-1.0,1.0,2.0,1,0,0,0
null,32,13,1,0.0,1,0.10394278682622571,0,-1.0,1.0,2.0,1,0,0,0
null,32,14,1,0.0,0,0.10394278682622571,0,-0.9941005608229045,0.9941005608229045,1.988201121645809,1,0,0,0
null,32,15,1,0.0,1,0.1039427868262256,0,-1.0,1.0,2.0,1,0,0,0
null,32,16,1,0.0,1,0.10394278682622582,0,-1.0,1.0,2.0,1,0,0,0
null,32,17,1,0.0,0,0.10394278682622582,0,-0.988283296068917,0.988283296068917,1.976566592137834,1,0,0,0
null,32,18,1,0.0,1,0.10394278682622582,0,-1.0,1.0,2.0,1,0,0,0
null,32,19,1,0.0,1,0.10394278682622593,0,-1.0,1.0,2.0,1,0,0,0
null,32,20,1,0.0,1,0.10394278682622582,0,-1.0,1.0,2.0,1,0,0,0
null,32,21,1,0.0,1,0.10394278682622582,0,-1.0,1.0,2.0,1,0,0,0
null,32,22,1,0.0,1,0.10394278682622593,0,-1.0,1.0,2.0,1,0,0,0
null,32,23,1,0.0,1,0.10394278682622582,0,-1.0,1.0,2.0,1,0,0,0
null,32,24,1,0.0,1,0.10394278682622593,0,-1.0,1.0,2.0,1,0,0,0
null,32,25,1,0.0,1,0.1039427868262256,0,-1.0,1.0,2.0,1,0,0,0
null,32,26,1,0.0,1,0.1039427868262256,0,-1.0,1.0,2.0,1,0,0,0
null,32,27,1,0.0,1,0.10394278682622571,0,-1.0,1.0,2.0,1,0,0,0
null,32,28,1,0.0,1,0.10394278682622549,0,-1.0,1.0,2.0,1,0,0,0
null,32,29,1,0.0,1,0.10394278682622593,0,-1.0,1.0,2.0,1,0,0,0
null,32,30,1,0.0,1,0.10394278682622582,0,-1.0,1.0,2.0,1,0,0,0
null,32,31,1,0.0,1,0.10394278682622604,0,-1.0,1.0,2.0,1,0,0,0
null,32,32,1,0.0,1,0.10394278682622582,0,-1.0,1.0,2.0,1,0,0,0
null,32,33,1,0.0,1,0.10394278682622582,0,-1.0,1.0,2.0,1,0,0,0
null,32,34,1,0.0,1,0.10394278682622582,0,-1.0,1.0,2.0,1,0,0,0
null,32,35,1,0.0,1,0.10394278682622582,0,-1.0,1.0,2.0,1,0,0,0
null,32,36,1,0.0,1,0.10394278682622582,0,-1.0,1.0,2.0,1,0,0,0
null,32,37,1,0.0,1,0.10394278682622571,0,-1.0,1.0,2.0,1,0,0,0
null,32,38,1,0.0,1,0.10394278682622582,0,-1.0,1.0,2.0,1,0,0,0
null,32,39,1,0.0,1,0.10394278682622582,0,-1.0,1.0,2.0,1,0,0,0
null,32,40,1,0.0,1,0.10394278682622582,0,-1.0,1.0,2.0,1,0,0,0
null,32,41,1,0.0,1,0.10394278682622582,0,-1.0,1.0,2.0,1,0,0,0
null,32,42,1,0.0,1,0.10394278682622582,0,-1.0,1.0,2.0,1,0,0,0
null,32,43,1,0.0,1,0.10394278682622593,0,-1.0,1.0,2.0,1,0,0,0
null,32,44,1,0.0,1,0.1039427868262256,0,-1.0,1.0,2.0,1,0,0,0
null,32,45,1,0.0,1,0.10394278682622571,0,-1.0,1.0,2.0,1,0,0,0
null,32,46,1,0.0,1,0.1039427868262256,0,-1.0,1.0,2.0,1,0,0,0
null,32,47,1,0.0,1,0.10394278682622582,0,-1.0,1.0,2.0,1,0,0,0
null,32,48,1,0.0,1,0.10394278682622571,0,-1.0,1.0,2.0,1,0,0,0
null,32,49,1,0.0,1,0.10394278682622582,0,-1.0,1.0,2.0,1,0,0,0
null,32,50,1,0.0,1,0.10394278682622604,0,-1.0,1.0,2.0,1,0,0,0
null,32,51,1,0.0,1,0.10394278682622582,0,-1.0,1.0,2.0,1,0,0,0
null,32,52,1,0.0,1,0.10394278682622571,0,-1.0,1.0,2.0,1,0,0,0
null,32,53,1,0.0,1,0.10394278682622593,0,-1.0,1.0,2.0,1,0,0,0
null,32,54,1,0.0,1,0.1039427868262256,0,-1.0,1.0,2.0,1,0,0,0
null,32,55,1,0.0,1,0.10394278682622593,0,-1.0,1.0,2.0,1,0,0,0
null,32,56,1,0.0,1,0.10394278682622582,0,-1.0,1.0,2.0,1,0,0,0
null,32,57,1,0.0,1,0.10394278682622593,0,-1.0,1.0,2.0,1,0,0,0
null,32,58,1,0.0,1,0.10394278682622582,0,-1.0,1.0,2.0,1,0,0,0
null,32,59,1,0.0,1,0.10394278682622571,0,-1.0,1.0,2.0,1,0,0,0
null,32,60,1,0.0,1,0.1039427868262256,0,-1.0,1.0,2.0,1,0,0,0
null,32,61,1,0.0,1,0.10394278682622571,0,-1.0,1.0,2.0,1,0,0,0
null,32,62,1,0.0,1,0.10394278682622593,0,-1.0,1.0,2.0,1,0,0,0
null,32,63,1,0.0,1,0.10394278682622593,0,-1.0,1.0,2.0,1,0,0,0
null,32,64,1,0.0,1,0.10394278682622582,0,-1.0,1.0,2.0,1,0,0,0
null,32,65,1,0.0,1,0.10394278682622593,0,-1.0,1.0,2.0,1,0,0,0
null,32,66,1,0.0,1,0.10394278682622582,0,-1.0,1.0,2.0,1,0,0,0
null,32,67,1,0.0,1,0.10394278682622571,0,-1.0,1.0,2.0,1,0,0,0
null,32,68,1,0.0,1,0.10394278682622571,0,-1.0,1.0,2.0,1,0,0,0
null,32,69,1,0.0,1,0.10394278682622593,0,-1.0,1.0,2.0,1,0,0,0
null,32,70,1,0.0,1,0.1039427868262256,0,-1.0,1.0,2.0,1,0,0,0
null,32,71,1,0.0,1,0.10394278682622571,0,-1.0,1.0,2.0,1,0,0,0
null,32,72,1,0.0,1,0.10394278682622593,0,-1.0,1.0,2.0,1,0,0,0
null,32,73,1,0.0,1,0.10394278682622582,0,-1.0,1.0,2.0,1,0,0,0
null,32,74,1,0.0,1,0.10394278682622582,0,-1.0,1.0,2.0,1,0,0,0
null,32,75,1,0.0,1,0.10394278682622593,0,-1.0,1.0,2.0,1,0,0,0
null,32,76,1,0.0,1,0.10394278682622582,0,-1.0,1.0,2.0,1,0,0,0
null,32,77,1,0.0,1,0.10394278682622593,0,-1.0,1.0,2.0,1,0,0,0
null,32,78,1,0.0,1,0.10394278682622582,0,-1.0,1.0,2.0,1,0,0,0
null,32,79,1,0.0,0,0.10394278682622593,0,-0.986428365460092,0.986428365460092,1.972856730920184,1,0,0,0
null,32,80,1,0.0,1,0.10394278682622571,0,-1.0,1.0,2.0,1,0,0,0
null,32,81,1,0.0,1,0.10394278682622604,0,-1.0,1.0,2.0,1,0,0,0
null,32,82,1,0.0,1,0.10394278682622582,0,-1.0,1.0,2.0,1,0,0,0
null,32,83,1,0.0,1,0.10394278682622582,0,-1.0,1.0,2.0,1,0,0,0
null,32,84,1,0.0,1,0.10394278682622582,0,-1.0,1.0,2.0,1,0,0,0
null,32,85,1,0.0,1,0.10394278682622582,0,-1.0,1.0,2.0,1,0,0,0
null,32,86,1,0.0,1,0.10394278682622582,0,-1.0,1.0,2.0,1,0,0,0
null,32,87,1,0.0,1,0.10394278682622593,0,-1.0,1.0,2.0,1,0,0,0
null,32,88,1,0.0,1,0.10394278682622582,0,-1.0,1.0,2.0,1,0,0,0
null,32,89,1,0.0,1,0.10394278682622582,0,-1.0,1.0,2.0,1,0,0,0
null,32,90,1,0.0,1,0.10394278682622593,0,-1.0,1.0,2.0,1,0,0,0
null,32,91,1,0.0,1,0.1039427868262256,0,-1.0,1.0,2.0,1,0,0,0
null,32,92,1,0.0,1,0.10394278682622571,0,-1.0,1.0,2.0,1,0,0,0
null,32,93,1,0.0,1,0.10394278682622593,0,-1.0,1.0,2.0,1,0,0,0
null,32,94,1,0.0,1,0.1039427868262256,0,-1.0,1.0,2.0,1,0,0,0
null,32,95,1,0.0,1,0.10394278682622582,0,-1.0,1.0,2.0,1,0,0,0
null,32,96,1,0.0,1,0.10394278682622582,0,-1.0,1.0,2.0,1,0,0,0
null,32,97,1,0.0,1,0.10394278682622582,0,-1.0,1.0,2.0,1,0,0,0
null,32,98,1,0.0,1,0.10394278682622593,0,-1.0,1.0,2.0,1,0,0,0
null,32,99,1,0.0,1,0.10394278682622582,0,-1.0,1.0,2.0,1,0,0,0
null,32,100,1,0.0,1,0.10394278682622571,0,-1.0,1.0,2.0,1,0,0,0
null,32,101,1,0.0,1,0.10394278682622582,0,-1.0,1.0,2.0,1,0,0,0
null,32,102,1,0.0,1,0.1039427868262256,0,-1.0,1.0,2.0,1,0,0,0
null,32,103,1,0.0,1,0.10394278682622582,0,-1.0,1.0,2.0,1,0,0,0
null,32,104,1,0.0,1,0.10394278682622593,0,-1.0,1.0,2.0,1,0,0,0
null,32,105,1,0.0,1,0.10394278682622571,0,-1.0,1.0,2.0,1,0,0,0
null,32,106,1,0.0,1,0.10394278682622582,0,-1.0,1.0,2.0,1,0,0,0
null,32,107,1,0.0,1,0.10394278682622593,0,-1.0,1.0,2.0,1,0,0,0
null,32,108,1,0.0,1,0.10394278682622582,0,-1.0,1.0,2.0,1,0,0,0
null,32,109,1,0.0,1,0.1039427868262256,0,-1.0,1.0,2.0,1,0,0,0
null,32,110,1,0.0,1,0.10394278682622593,0,-1.0,1.0,2.0,1,0,0,0
null,32,111,1,0.0,1,0.10394278682622604,0,-1.0,1.0,2.0,1,0,0,0
null,32,112,1,0.0,1,0.10394278682622582,0,-1.0,1.0,2.0,1,0,0,0
null,32,113,1,0.0,0,0.10394278682622571,0,-0.9856747721365753,0.9856747721365753,1.9713495442731506,1,0,0,0
null,32,114,1,0.0,1,0.10394278682622593,0,-1.0,1.0,2.0,1,0,0,0
null,32,115,1,0.0,1,0.10394278682622571,0,-1.0,1.0,2.0,1,0,0,0
null,32,116,1,0.0,1,0.10394278682622571,0,-1.0,1.0,2.0,1,0,0,0
null,32,117,1,0.0,1,0.10394278682622593,0,-1.0,1.0,2.0,1,0,0,0
null,32,118,1,0.0,1,0.10394278682622604,0,-1.0,1.0,2.0,1,0,0,0
null,32,119,1,0.0,1,0.10394278682622593,0,-1.0,1.0,2.0,1,0,0,0
null,32,120,1,0.0,1,0.10394278682622582,0,-1.0,1.0,2.0,1,0,0,0
null,32,121,1,0.0,1,0.10394278682622582,0,-1.0,1.0,2.0,1,0,0,0
null,32,122,1,0.0,1,0.10394278682622593,0,-1.0,1.0,2.0,1,0,0,0
null,32,123,1,0.0,1,0.10394278682622571,0,-1.0,1.0,2.0,1,0,0,0
null,32,124,1,0.0,1,0.10394278682622571,0,-1.0,1.0,2.0,1,0,0,0
null,32,125,1,0.0,1,0.10394278682622593,0,-1.0,1.0,2.0,1,0,0,0
null,32,126,1,0.0,1,0.10394278682622593,0,-1.0,1.0,2.0,1,0,0,0
null,32,127,1,0.0,1,0.10394278682622571,0,-1.0,1.0,2.0,1,0,0,0
null,32,128,1,0.0,1,0.10394278682622593,0,-1.0,1.0,2.0,1,0,0,0
null,32,129,1,0.0,1,0.10394278682622593,0,-1.0,1.0,2.0,1,0,0,0
null,32,130,1,0.0,1,0.10394278682622593,0,-1.0,1.0,2.0,1,0,0,0
null,32,131,1,0.0,1,0.10394278682622582,0,-1.0,1.0,2.0,1,0,0,0
null,32,132,1,0.0,1,0.10394278682622582,0,-1.0,1.0,2.0,1,0,0,0
null,32,133,1,0.0,1,0.10394278682622582,0,-1.0,1.0,2.0,1,0,0,0
null,32,134,1,0.0,1,0.10394278682622571,0,-1.0,1.0,2.0,1,0,0,0
null,32,135,1,0.0,0,0.10394278682622582,0,-0.9733876834061352,0.9733876834061352,1.9467753668122705,1,0,0,0
null,32,136,1,0.0,1,0.10394278682622571,0,-1.0,1.0,2.0,1,0,0,0
null,32,137,1,0.0,1,0.10394278682622593,0,-1.0,1.0,2.0,1,0,0,0
null,32,138,1,0.0,1,0.10394278682622593,0,-1.0,1.0,2.0,1,0,0,0
null,32,139,1,0.0,1,0.10394278682622582,0,-1.0,1.0,2.0,1,0,0,0
null,32,140,1,0.0,1,0.10394278682622582,0,-1.0,1.0,2.0,1,0,0,0
null,32,141,1,0.0,1,0.10394278682622571,0,-1.0,1.0,2.0,1,0,0,0
null,32,142,1,0.0,1,0.10394278682622582,0,-1.0,1.0,2.0,1,0,0,0
null,32,143,1,0.0,1,0.10394278682622571,0,-1.0,1.0,2.0,1,0,0,0
null,32,144,1,0.0,1,0.10394278682622593,0,-1.0,1.0,2.0,1,0,0,0
null,32,145,1,0.0,1,0.10394278682622571,0,-1.0,1.0,2.0,1,0,0,0
null,32,146,1,0.0,1,0.10394278682622571,0,-1.0,1.0,2.0,1,0,0,0
null,32,147,1,0.0,1,0.10394278682622571,0,-1.0,1.0,2.0,1,0,0,0
null,32,148,1,0.0,1,0.10394278682622582,0,-1.0,1.0,2.0,1,0,0,0
null,32,149,1,0.0,1,0.10394278682622582,0,-1.0,1.0,2.0,1,0,0,0
null,32,150,1,0.0,1,0.10394278682622571,0,-1.0,1.0,2.0,1,0,0,0
null,32,151,1,0.0,1,0.10394278682622582,0,-1.0,1.0,2.0,1,0,0,0
null,32,152,1,0.0,1,0.10394278682622582,0,-1.0,1.0,2.0,1,0,0,0
null,32,153,1,0.0,1,0.10394278682622593,0,-1.0,1.0,2.0,1,0,0,0
null,32,154,1,0.0,1,0.10394278682622582,0,-1.0,1.0,2.0,1,0,0,0
null,32,155,1,0.0,1,0.10394278682622571,0,-1.0,1.0,2.0,1,0,0,0
null,32,156,1,0.0,1,0.10394278682622582,0,-1.0,1.0,2.0,1,0,0,0
null,32,157,1,0.0,1,0.10394278682622582,0,-1.0,1.0,2.0,1,0,0,0
null,32,158,1,0.0,1,0.10394278682622582,0,-1.0,1.0,2.0,1,0,0,0
null,32,159,1,0.0,1,0.10394278682622571,0,-1.0,1.0,2.0,1,0,0,0
null,32,160,1,0.0,1,0.1039427868262256,0,-1.0,1.0,2.0,1,0,0,0
null,32,161,1,0.0,1,0.10394278682622582,0,-1.0,1.0,2.0,1,0,0,0
null,32,162,1,0.0,1,0.10394278682622593,0,-1.0,1.0,2.0,1,0,0,0
null,32,163,1,0.0,1,0.10394278682622582,0,-1.0,1.0,2.0,1,0,0,0
null,32,164,1,0.0,1,0.10394278682622571,0,-1.0,1.0,2.0,1,0,0,0
null,32,165,1,0.0,1,0.10394278682622593,0,-1.0,1.0,2.0,1,0,0,0
null,32,166,1,0.0,1,0.10394278682622582,0,-1.0,1.0,2.0,1,0,0,0
null,32,167,1,0.0,1,0.10394278682622582,0,-1.0,1.0,2.0,1,0,0,0
null,32,168,1,0.0,1,0.10394278682622571,0,-1.0,1.0,2.0,1,0,0,0
null,32,169,1,0.0,0,0.10394278682622593,0,-0.9963269598074176,0.9963269598074176,1.9926539196148352,1,0,0,0
null,32,170,1,0.0,1,0.10394278682622571,0,-1.0,1.0,2.0,1,0,0,0
null,32,171,1,0.0,1,0.10394278682622582,0,-1.0,1.0,2.0,1,0,0,0
null,32,172,1,0.0,1,0.10394278682622582,0,-1.0,1.0,2.0,1,0,0,0
null,32,173,1,0.0,1,0.10394278682622582,0,-1.0,1.0,2.0,1,0,0,0
null,32,174,1,0.0,1,0.10394278682622593,0,-1.0,1.0,2.0,1,0,0,0
null,32,175,1,0.0,1,0.10394278682622571,0,-1.0,1.0,2.0,1,0,0,0
null,32,176,1,0.0,1,0.10394278682622571,0,-1.0,1.0,2.0,1,0,0,0
null,32,177,1,0.0,1,0.10394278682622582,0,-1.0,1.0,2.0,1,0,0,0
null,32,178,1,0.0,1,0.10394278682622571,0,-1.0,1.0,2.0,1,0,0,0
null,32,179,1,0.0,1,0.10394278682622571,0,-1.0,1.0,2.0,1,0,0,0
null,32,180,1,0.0,1,0.10394278682622582,0,-1.0,1.0,2.0,1,0,0,0
null,32,181,1,0.0,1,0.10394278682622571,0,-1.0,1.0,2.0,1,0,0,0
null,32,182,1,0.0,1,0.10394278682622582,0,-1.0,1.0,2.0,1,0,0,0
null,32,183,1,0.0,1,0.10394278682622593,0,-1.0,1.0,2.0,1,0,0,0
null,32,184,1,0.0,1,0.10394278682622593,0,-1.0,1.0,2.0,1,0,0,0
null,32,185,1,0.0,0,0.10394278682622604,0,-0.9906699942638626,0.9906699942638626,1.9813399885277252,1,0,0,0
null,32,186,1,0.0,1,0.1039427868262256,0,-1.0,1.0,2.0,1,0,0,0
null,32,187,1,0.0,1,0.10394278682622571,0,-1.0,1.0,2.0,1,0,0,0
null,32,188,1,0.0,1,0.10394278682622593,0,-1.0,1.0,2.0,1,0,0,0
null,32,189,1,0.0,1,0.10394278682622593,0,-1.0,1.0,2.0,1,0,0,0
null,32,190,1,0.0,1,0.10394278682622571,0,-1.0,1.0,2.0,1,0,0,0
null,32,191,1,0.0,1,0.10394278682622582,0,-1.0,1.0,2.0,1,0,0,0
null,32,192,1,0.0,1,0.10394278682622571,0,-1.0,1.0,2.0,1,0,0,0
null,32,193,1,0.0,1,0.10394278682622582,0,-1.0,1.0,2.0,1,0,0,0
null,32,194,1,0.0,1,0.10394278682622593,0,-1.0,1.0,2.0,1,0,0,0
null,32,195,1,0.0,1,0.10394278682622593,0,-1.0,1.0,2.0,1,0,0,0
null,32,196,1,0.0,1,0.10394278682622571,0,-1.0,1.0,2.0,1,0,0,0
null,32,197,1,0.0,1,0.10394278682622571,0,-1.0,1.0,2.0,1,0,0,0
null,32,198,1,0.0,1,0.10394278682622582,0,-1.0,1.0,2.0,1,0,0,0
null,32,199,1,0.0,1,0.1039427868262256,0,-1.0,1.0,2.0,1,0,0,0
null,32,200,1,0.0,1,0.10394278682622549,0,-1.0,1.0,2.0,1,0,0,0
null,32,201,1,0.0,1,0.10394278682622571,0,-1.0,1.0,2.0,1,0,0,0
null,32,202,1,0.0,1,0.10394278682622593,0,-1.0,1.0,2.0,1,0,0,0
null,32,203,1,0.0,1,0.10394278682622582,0,-1.0,1.0,2.0,1,0,0,0
null,32,204,1,0.0,1,0.10394278682622593,0,-1.0,1.0,2.0,1,0,0,0
null,32,205,1,0.0,1,0.10394278682622593,0,-1.0,1.0,2.0,1,0,0,0
null,32,206,1,0.0,1,0.10394278682622582,0,-1.0,1.0,2.0,1,0,0,0
null,32,207,1,0.0,0,0.10394278682622571,0,-0.9862906952840049,0.9862906952840049,1.9725813905680099,1,0,0,0
null,32,208,1,0.0,1,0.10394278682622582,0,-1.0,1.0,2.0,1,0,0,0
null,32,209,1,0.0,1,0.10394278682622593,0,-1.0,1.0,2.0,1,0,0,0
null,32,210,1,0.0,1,0.10394278682622582,0,-1.0,1.0,2.0,1,0,0,0
null,32,211,1,0.0,1,0.10394278682622593,0,-1.0,1.0,2.0,1,0,0,0
null,32,212,1,0.0,1,0.10394278682622571,0,-1.0,1.0,2.0,1,0,0,0
null,32,213,1,0.0,1,0.10394278682622582,0,-1.0,1.0,2.0,1,0,0,0
null,32,214,1,0.0,1,0.10394278682622571,0,-1.0,1.0,2.0,1,0,0,0
null,32,215,1,0.0,1,0.10394278682622582,0,-1.0,1.0,2.0,1,0,0,0
null,32,216,1,0.0,1,0.10394278682622571,0,-1.0,1.0,2.0,1,0,0,0
null,32,217,1,0.0,1,0.10394278682622604,0,-1.0,1.0,2.0,1,0,0,0
null,32,218,1,0.0,1,0.10394278682622571,0,-1.0,1.0,2.0,1,0,0,0
null,32,219,1,0.0,1,0.10394278682622582,0,-1.0,1.0,2.0,1,0,0,0
null,32,220,1,0.0,1,0.10394278682622593,0,-1.0,1.0,2.0,1,0,0,0
null,32,221,1,0.0,1,0.10394278682622582,0,-1.0,1.0,2.0,1,0,0,0
null,32,222,1,0.0,1,0.10394278682622571,0,-1.0,1.0,2.0,1,0,0,0
null,32,223,1,0.0,1,0.10394278682622582,0,-1.0,1.0,2.0,1,0,0,0
null,32,224,1,0.0,1,0.10394278682622593,0,-1.0,1.0,2.0,1,0,0,0
null,32,225,1,0.0,1,0.10394278682622582,0,-1.0,1.0,2.0,1,0,0,0
null,32,226,1,0.0,1,0.10394278682622593,0,-1.0,1.0,2.0,1,0,0,0
null,32,227,1,0.0,1,0.10394278682622582,0,-1.0,1.0,2.0,1,0,0,0
null,32,228,1,0.0,1,0.10394278682622582,0,-1.0,1.0,2.0,1,0,0,0
null,32,229,1,0.0,1,0.10394278682622593,0,-1.0,1.0,2.0,1,0,0,0
null,32,230,1,0.0,0,0.10394278682622582,0,-0.9997068096708372,0.9997068096708372,1.9994136193416745,1,0,0,0
null,32,231,1,0.0,1,0.10394278682622593,0,-1.0,1.0,2.0,1,0,0,0
null,32,232,1,0.0,1,0.10394278682622571,0,-1.0,1.0,2.0,1,0,0,0
null,32,233,1,0.0,1,0.10394278682622582,0,-1.0,1.0,2.0,1,0,0,0
null,32,234,1,0.0,1,0.10394278682622593,0,-1.0,1.0,2.0,1,0,0,0
null,32,235,1,0.0,1,0.10394278682622582,0,-1.0,1.0,2.0,1,0,0,0
null,32,236,1,0.0,1,0.10394278682622593,0,-1.0,1.0,2.0,1,0,0,0
null,32,237,1,0.0,1,0.10394278682622593,0,-1.0,1.0,2.0,1,0,0,0
null,32,238,1,0.0,1,0.10394278682622582,0,-1.0,1.0,2.0,1,0,0,0
null,32,239,1,0.0,0,0.10394278682622582,0,-0.9983802756883735,0.9983802756883735,1.996760551376747,1,0,0,0
null,32,240,1,0.0,1,0.10394278682622571,0,-1.0,1.0,2.0,1,0,0,0
null,32,241,1,0.0,1,0.10394278682622593,0,-1.0,1.0,2.0,1,0,0,0
null,32,242,1,0.0,1,0.10394278682622582,0,-1.0,1.0,2.0,1,0,0,0
null,32,243,1,0.0,1,0.10394278682622582,0,-1.0,1.0,2.0,1,0,0,0
null,32,244,1,0.0,1,0.10394278682622593,0,-1.0,1.0,2.0,1,0,0,0
null,32,245,1,0.0,1,0.10394278682622593,0,-1.0,1.0,2.0,1,0,0,0
null,32,246,1,0.0,1,0.10394278682622571,0,-1.0,1.0,2.0,1,0,0,0
null,32,247,1,0.0,1,0.10394278682622593,0,-1.0,1.0,2.0,1,0,0,0
null,32,248,1,0.0,1,0.10394278682622593,0,-1.0,1.0,2.0,1,0,0,0
null,32,249,1,0.0,1,0.10394278682622571,0,-1.0,1.0,2.0,1,0,0,0
null,32,250,1,0.0,1,0.10394278682622571,0,-1.0,1.0,2.0,1,0,0,0
null,32,251,1,0.0,1,0.10394278682622582,0,-1.0,1.0,2.0,1,0,0,0
null,32,252,1,0.0,1,0.1039427868262256,0,-1.0,1.0,2.0,1,0,0,0
null,32,253,1,0.0,0,0.10394278682622582,0,-0.994419893151465,0.994419893151465,1.98883978630293,1,0,0,0
null,32,254,1,0.0,1,0.10394278682622593,0,-1.0,1.0,2.0,1,0,0,0
null,32,255,1,0.0,1,0.10394278682622582,0,-1.0,1.0,2.0,1,0,0,0
null,32,256,1,0.0,0,0.10394278682622582,0,-0.9952180612348633,0.9952180612348633,1.9904361224697267,1,0,0,0
null,32,257,1,0.0,1,0.10394278682622582,0,-1.0,1.0,2.0,1,0,0,0
null,32,258,1,0.0,1,0.10394278682622549,0,-1.0,1.0,2.0,1,0,0,0
null,32,259,1,0.0,1,0.10394278682622571,0,-1.0,1.0,2.0,1,0,0,0
null,32,260,1,0.0,1,0.10394278682622582,0,-1.0,1.0,2.0,1,0,0,0
null,32,261,1,0.0,1,0.10394278682622582,0,-1.0,1.0,2.0,1,0,0,0
null,32,262,1,0.0,1,0.10394278682622582,0,-1.0,1.0,2.0,1,0,0,0
null,32,263,1,0.0,1,0.10394278682622582,0,-1.0,1.0,2.0,1,0,0,0
null,32,264,1,0.0,1,0.10394278682622604,0,-1.0,1.0,2.0,1,0,0,0
null,32,265,1,0.0,1,0.10394278682622593,0,-1.0,1.0,2.0,1,0,0,0
null,32,266,1,0.0,1,0.10394278682622593,0,-1.0,1.0,2.0,1,0,0,0
null,32,267,1,0.0,1,0.10394278682622582,0,-1.0,1.0,2.0,1,0,0,0
null,32,268,1,0.0,1,0.10394278682622582,0,-1.0,1.0,2.0,1,0,0,0
null,32,269,1,0.0,1,0.10394278682622582,0,-1.0,1.0,2.0,1,0,0,0
null,32,270,1,0.0,1,0.10394278682622593,0,-1.0,1.0,2.0,1,0,0,0
null,32,271,1,0.0,1,0.10394278682622593,0,-1.0,1.0,2.0,1,0,0,0
null,32,272,1,0.0,1,0.10394278682622571,0,-1.0,1.0,2.0,1,0,0,0
null,32,273,1,0.0,1,0.10394278682622582,0,-1.0,1.0,2.0,1,0,0,0
null,32,274,1,0.0,1,0.10394278682622582,0,-1.0,1.0,2.0,1,0,0,0
null,32,275,1,0.0,1,0.10394278682622593,0,-1.0,1.0,2.0,1,0,0,0
null,32,276,1,0.0,1,0.10394278682622549,0,-1.0,1.0,2.0,1,0,0,0
null,32,277,1,0.0,0,0.10394278682622582,0,-0.9863839351511352,0.9863839351511352,1.9727678703022704,1,0,0,0
null,32,278,1,0.0,1,0.10394278682622593,0,-1.0,1.0,2.0,1,0,0,0
null,32,279,1,0.0,1,0.10394278682622582,0,-1.0,1.0,2.0,1,0,0,0
null,32,280,1,0.0,1,0.10394278682622593,0,-1.0,1.0,2.0,1,0,0,0
null,32,281,1,0.0,1,0.10394278682622582,0,-1.0,1.0,2.0,1,0,0,0
null,32,282,1,0.0,0,0.10394278682622582,0,-0.9902013120769573,0.9902013120769573,1.9804026241539145,1,0,0,0
null,32,283,1,0.0,1,0.10394278682622549,0,-1.0,1.0,2.0,1,0,0,0
null,32,284,1,0.0,0,0.10394278682622593,0,-0.9916075603382595,0.9916075603382595,1.983215120676519,1,0,0,0
null,32,285,1,0.0,1,0.10394278682622582,0,-1.0,1.0,2.0,1,0,0,0
null,32,286,1,0.0,1,0.10394278682622582,0,-1.0,1.0,2.0,1,0,0,0
null,32,287,1,0.0,1,0.10394278682622582,0,-1.0,1.0,2.0,1,0,0,0
null,32,288,1,0.0,1,0.10394278682622571,0,-1.0,1.0,2.0,1,0,0,0
null,32,289,1,0.0,1,0.10394278682622571,0,-1.0,1.0,2.0,1,0,0,0
null,32,290,1,0.0,1,0.10394278682622582,0,-1.0,1.0,2.0,1,0,0,0
null,32,291,1,0.0,1,0.10394278682622582,0,-1.0,1.0,2.0,1,0,0,0
null,32,292,1,0.0,1,0.10394278682622571,0,-1.0,1.0,2.0,1,0,0,0
null,32,293,1,0.0,1,0.10394278682622571,0,-1.0,1.0,2.0,1,0,0,0
null,32,294,1,0.0,1,0.10394278682622571,0,-1.0,1.0,2.0,1,0,0,0
null,32,295,1,0.0,1,0.10394278682622593,0,-1.0,1.0,2.0,1,0,0,0
null,32,296,1,0.0,1,0.10394278682622593,0,-1.0,1.0,2.0,1,0,0,0
null,32,297,1,0.0,1,0.10394278682622582,0,-1.0,1.0,2.0,1,0,0,0
null,32,298,1,0.0,0,0.10394278682622582,0,-0.999415641503701,0.999415641503701,1.998831283007402,1,0,0,0
null,32,299,1,0.0,1,0.10394278682622571,0,-1.0,1.0,2.0,1,0,0,0
null,128,0,1,0.0,1,0.051971393413112965,0,-1.0,1.0,2.0,1,0,0,0
null,128,1,1,0.0,1,0.051971393413112965,0,-1.0,1.0,2.0,1,0,0,0
null,128,2,1,0.0,1,0.051971393413112965,0,-1.0,1.0,2.0,1,0,0,0
null,128,3,1,0.0,1,0.051971393413112965,0,-1.0,1.0,2.0,1,0,0,0
null,128,4,1,0.0,1,0.051971393413112854,0,-1.0,1.0,2.0,1,0,0,0
null,128,5,1,0.0,1,0.051971393413112854,0,-1.0,1.0,2.0,1,0,0,0
null,128,6,1,0.0,1,0.05197139341311263,0,-1.0,1.0,2.0,1,0,0,0
null,128,7,1,0.0,1,0.051971393413112854,0,-1.0,1.0,2.0,1,0,0,0
null,128,8,1,0.0,1,0.051971393413112965,0,-1.0,1.0,2.0,1,0,0,0
null,128,9,1,0.0,1,0.05197139341311263,0,-1.0,1.0,2.0,1,0,0,0
null,128,10,1,0.0,1,0.05197139341311241,0,-1.0,1.0,2.0,1,0,0,0
null,128,11,1,0.0,1,0.051971393413112965,0,-1.0,1.0,2.0,1,0,0,0
null,128,12,1,0.0,1,0.051971393413112854,0,-1.0,1.0,2.0,1,0,0,0
null,128,13,1,0.0,1,0.051971393413112854,0,-1.0,1.0,2.0,1,0,0,0
null,128,14,1,0.0,0,0.051971393413112965,0,-0.999642352826134,0.999642352826134,1.999284705652268,1,0,0,0
null,128,15,1,0.0,1,0.051971393413112965,0,-1.0,1.0,2.0,1,0,0,0
null,128,16,1,0.0,1,0.051971393413112965,0,-1.0,1.0,2.0,1,0,0,0
null,128,17,1,0.0,1,0.051971393413112965,0,-1.0,1.0,2.0,1,0,0,0
null,128,18,1,0.0,0,0.051971393413112965,0,-0.9989118110041428,0.9989118110041428,1.9978236220082857,1,0,0,0
null,128,19,1,0.0,1,0.051971393413112965,0,-1.0,1.0,2.0,1,0,0,0
null,128,20,1,0.0,1,0.051971393413112854,0,-1.0,1.0,2.0,1,0,0,0
null,128,21,1,0.0,1,0.051971393413112965,0,-1.0,1.0,2.0,1,0,0,0
null,128,22,1,0.0,1,0.05197139341311241,0,-1.0,1.0,2.0,1,0,0,0
null,128,23,1,0.0,1,0.051971393413112965,0,-1.0,1.0,2.0,1,0,0,0
null,128,24,1,0.0,1,0.051971393413112965,0,-1.0,1.0,2.0,1,0,0,0
null,128,25,1,0.0,1,0.051971393413112965,0,-1.0,1.0,2.0,1,0,0,0
null,128,26,1,0.0,0,0.051971393413112965,0,-0.997721752498796,0.997721752498796,1.995443504997592,1,0,0,0
null,128,27,1,0.0,0,0.051971393413112854,0,-0.9964893928315308,0.9964893928315308,1.9929787856630616,1,0,0,0
null,128,28,1,0.0,1,0.05197139341311263,0,-1.0,1.0,2.0,1,0,0,0
null,128,29,1,0.0,1,0.051971393413112965,0,-1.0,1.0,2.0,1,0,0,0
null,128,30,1,0.0,1,0.051971393413112965,0,-1.0,1.0,2.0,1,0,0,0
null,128,31,1,0.0,1,0.051971393413112965,0,-1.0,1.0,2.0,1,0,0,0
null,128,32,1,0.0,1,0.05197139341311274,0,-1.0,1.0,2.0,1,0,0,0
null,128,33,1,0.0,1,0.05197139341311263,0,-1.0,1.0,2.0,1,0,0,0
null,128,34,1,0.0,1,0.051971393413112965,0,-1.0,1.0,2.0,1,0,0,0
null,128,35,1,0.0,1,0.05197139341311252,0,-1.0,1.0,2.0,1,0,0,0
null,128,36,1,0.0,1,0.051971393413112965,0,-1.0,1.0,2.0,1,0,0,0
null,128,37,1,0.0,1,0.051971393413112854,0,-1.0,1.0,2.0,1,0,0,0
null,128,38,1,0.0,1,0.051971393413112965,0,-1.0,1.0,2.0,1,0,0,0
null,128,39,1,0.0,1,0.051971393413112965,0,-1.0,1.0,2.0,1,0,0,0
null,128,40,1,0.0,1,0.051971393413112965,0,-1.0,1.0,2.0,1,0,0,0
null,128,41,1,0.0,1,0.05197139341311263,0,-1.0,1.0,2.0,1,0,0,0
null,128,42,1,0.0,1,0.051971393413112854,0,-1.0,1.0,2.0,1,0,0,0
null,128,43,1,0.0,1,0.05197139341311274,0,-1.0,1.0,2.0,1,0,0,0
null,128,44,1,0.0,1,0.05197139341311263,0,-1.0,1.0,2.0,1,0,0,0
null,128,45,1,0.0,1,0.051971393413112965,0,-1.0,1.0,2.0,1,0,0,0
null,128,46,1,0.0,1,0.051971393413112854,0,-1.0,1.0,2.0,1,0,0,0
null,128,47,1,0.0,1,0.051971393413112854,0,-1.0,1.0,2.0,1,0,0,0
null,128,48,1,0.0,1,0.051971393413112965,0,-1.0,1.0,2.0,1,0,0,0
null,128,49,1,0.0,1,0.05197139341311263,0,-1.0,1.0,2.0,1,0,0,0
null,128,50,1,0.0,1,0.051971393413112854,0,-1.0,1.0,2.0,1,0,0,0
null,128,51,1,0.0,1,0.051971393413112965,0,-1.0,1.0,2.0,1,0,0,0
null,128,52,1,0.0,1,0.051971393413112965,0,-1.0,1.0,2.0,1,0,0,0
null,128,53,1,0.0,1,0.051971393413112854,0,-1.0,1.0,2.0,1,0,0,0
null,128,54,1,0.0,1,0.051971393413112854,0,-1.0,1.0,2.0,1,0,0,0
null,128,55,1,0.0,1,0.051971393413112854,0,-1.0,1.0,2.0,1,0,0,0
null,128,56,1,0.0,1,0.051971393413112965,0,-1.0,1.0,2.0,1,0,0,0
null,128,57,1,0.0,1,0.05197139341311241,0,-1.0,1.0,2.0,1,0,0,0
null,128,58,1,0.0,1,0.051971393413112965,0,-1.0,1.0,2.0,1,0,0,0
null,128,59,1,0.0,1,0.051971393413112854,0,-1.0,1.0,2.0,1,0,0,0
null,128,60,1,0.0,1,0.051971393413112965,0,-1.0,1.0,2.0,1,0,0,0
null,128,61,1,0.0,1,0.051971393413112965,0,-1.0,1.0,2.0,1,0,0,0
null,128,62,1,0.0,1,0.051971393413112965,0,-1.0,1.0,2.0,1,0,0,0
null,128,63,1,0.0,1,0.051971393413112854,0,-1.0,1.0,2.0,1,0,0,0
null,128,64,1,0.0,1,0.05197139341311274,0,-1.0,1.0,2.0,1,0,0,0
null,128,65,1,0.0,1,0.051971393413112854,0,-1.0,1.0,2.0,1,0,0,0
null,128,66,1,0.0,1,0.05197139341311252,0,-1.0,1.0,2.0,1,0,0,0
null,128,67,1,0.0,1,0.051971393413112965,0,-1.0,1.0,2.0,1,0,0,0
null,128,68,1,0.0,1,0.051971393413112854,0,-1.0,1.0,2.0,1,0,0,0
null,128,69,1,0.0,1,0.051971393413112965,0,-1.0,1.0,2.0,1,0,0,0
null,128,70,1,0.0,1,0.051971393413112965,0,-1.0,1.0,2.0,1,0,0,0
null,128,71,1,0.0,1,0.051971393413112854,0,-1.0,1.0,2.0,1,0,0,0
null,128,72,1,0.0,1,0.051971393413112854,0,-1.0,1.0,2.0,1,0,0,0
null,128,73,1,0.0,1,0.05197139341311263,0,-1.0,1.0,2.0,1,0,0,0
null,128,74,1,0.0,1,0.051971393413112965,0,-1.0,1.0,2.0,1,0,0,0
null,128,75,1,0.0,1,0.051971393413112965,0,-1.0,1.0,2.0,1,0,0,0
null,128,76,1,0.0,1,0.05197139341311263,0,-1.0,1.0,2.0,1,0,0,0
null,128,77,1,0.0,1,0.051971393413112965,0,-1.0,1.0,2.0,1,0,0,0
null,128,78,1,0.0,1,0.051971393413112854,0,-1.0,1.0,2.0,1,0,0,0
null,128,79,1,0.0,1,0.051971393413112965,0,-1.0,1.0,2.0,1,0,0,0
null,128,80,1,0.0,1,0.051971393413112854,0,-1.0,1.0,2.0,1,0,0,0
null,128,81,1,0.0,1,0.051971393413112965,0,-1.0,1.0,2.0,1,0,0,0
null,128,82,1,0.0,1,0.051971393413112965,0,-1.0,1.0,2.0,1,0,0,0
null,128,83,1,0.0,1,0.05197139341311263,0,-1.0,1.0,2.0,1,0,0,0
null,128,84,1,0.0,1,0.051971393413112854,0,-1.0,1.0,2.0,1,0,0,0
null,128,85,1,0.0,1,0.05197139341311252,0,-1.0,1.0,2.0,1,0,0,0
null,128,86,1,0.0,1,0.051971393413112965,0,-1.0,1.0,2.0,1,0,0,0
null,128,87,1,0.0,1,0.051971393413112965,0,-1.0,1.0,2.0,1,0,0,0
null,128,88,1,0.0,1,0.051971393413112965,0,-1.0,1.0,2.0,1,0,0,0
null,128,89,1,0.0,1,0.051971393413112965,0,-1.0,1.0,2.0,1,0,0,0
null,128,90,1,0.0,1,0.051971393413112965,0,-1.0,1.0,2.0,1,0,0,0
null,128,91,1,0.0,1,0.05197139341311319,0,-1.0,1.0,2.0,1,0,0,0
null,128,92,1,0.0,1,0.05197139341311241,0,-1.0,1.0,2.0,1,0,0,0
null,128,93,1,0.0,1,0.051971393413112965,0,-1.0,1.0,2.0,1,0,0,0
null,128,94,1,0.0,1,0.051971393413112965,0,-1.0,1.0,2.0,1,0,0,0
null,128,95,1,0.0,1,0.051971393413112965,0,-1.0,1.0,2.0,1,0,0,0
null,128,96,1,0.0,1,0.051971393413112965,0,-1.0,1.0,2.0,1,0,0,0
null,128,97,1,0.0,1,0.051971393413112965,0,-1.0,1.0,2.0,1,0,0,0
null,128,98,1,0.0,1,0.05197139341311263,0,-1.0,1.0,2.0,1,0,0,0
null,128,99,1,0.0,1,0.051971393413112965,0,-1.0,1.0,2.0,1,0,0,0
null,128,100,1,0.0,1,0.051971393413112965,0,-1.0,1.0,2.0,1,0,0,0
null,128,101,1,0.0,1,0.051971393413112854,0,-1.0,1.0,2.0,1,0,0,0
null,128,102,1,0.0,1,0.051971393413112965,0,-1.0,1.0,2.0,1,0,0,0
null,128,103,1,0.0,1,0.05197139341311263,0,-1.0,1.0,2.0,1,0,0,0
null,128,104,1,0.0,1,0.051971393413112965,0,-1.0,1.0,2.0,1,0,0,0
null,128,105,1,0.0,1,0.051971393413112854,0,-1.0,1.0,2.0,1,0,0,0
null,128,106,1,0.0,1,0.051971393413112854,0,-1.0,1.0,2.0,1,0,0,0
null,128,107,1,0.0,0,0.051971393413112854,0,-0.9981463130561103,0.9981463130561103,1.9962926261122207,1,0,0,0
null,128,108,1,0.0,1,0.051971393413112965,0,-1.0,1.0,2.0,1,0,0,0
null,128,109,1,0.0,1,0.051971393413112854,0,-1.0,1.0,2.0,1,0,0,0
null,128,110,1,0.0,1,0.051971393413112854,0,-1.0,1.0,2.0,1,0,0,0
null,128,111,1,0.0,1,0.05197139341311274,0,-1.0,1.0,2.0,1,0,0,0
null,128,112,1,0.0,1,0.051971393413112965,0,-1.0,1.0,2.0,1,0,0,0
null,128,113,1,0.0,1,0.051971393413112854,0,-1.0,1.0,2.0,1,0,0,0
null,128,114,1,0.0,1,0.051971393413112965,0,-1.0,1.0,2.0,1,0,0,0
null,128,115,1,0.0,1,0.051971393413112965,0,-1.0,1.0,2.0,1,0,0,0
null,128,116,1,0.0,1,0.05197139341311274,0,-1.0,1.0,2.0,1,0,0,0
null,128,117,1,0.0,1,0.051971393413112965,0,-1.0,1.0,2.0,1,0,0,0
null,128,118,1,0.0,1,0.051971393413112854,0,-1.0,1.0,2.0,1,0,0,0
null,128,119,1,0.0,0,0.051971393413112965,0,-0.9889697479508628,0.9889697479508628,1.9779394959017256,1,0,0,0
null,128,120,1,0.0,1,0.051971393413112965,0,-1.0,1.0,2.0,1,0,0,0
null,128,121,1,0.0,1,0.05197139341311319,0,-1.0,1.0,2.0,1,0,0,0
null,128,122,1,0.0,1,0.05197139341311241,0,-1.0,1.0,2.0,1,0,0,0
null,128,123,1,0.0,1,0.051971393413112854,0,-1.0,1.0,2.0,1,0,0,0
null,128,124,1,0.0,1,0.051971393413112965,0,-1.0,1.0,2.0,1,0,0,0
null,128,125,1,0.0,1,0.05197139341311263,0,-1.0,1.0,2.0,1,0,0,0
null,128,126,1,0.0,1,0.051971393413112854,0,-1.0,1.0,2.0,1,0,0,0
null,128,127,1,0.0,1,0.051971393413112965,0,-1.0,1.0,2.0,1,0,0,0
null,128,128,1,0.0,1,0.051971393413112965,0,-1.0,1.0,2.0,1,0,0,0
null,128,129,1,0.0,1,0.05197139341311252,0,-1.0,1.0,2.0,1,0,0,0
null,128,130,1,0.0,1,0.051971393413112854,0,-1.0,1.0,2.0,1,0,0,0
null,128,131,1,0.0,1,0.051971393413112965,0,-1.0,1.0,2.0,1,0,0,0
null,128,132,1,0.0,1,0.051971393413112965,0,-1.0,1.0,2.0,1,0,0,0
null,128,133,1,0.0,1,0.051971393413112965,0,-1.0,1.0,2.0,1,0,0,0
null,128,134,1,0.0,1,0.05197139341311274,0,-1.0,1.0,2.0,1,0,0,0
null,128,135,1,0.0,1,0.051971393413112854,0,-1.0,1.0,2.0,1,0,0,0
null,128,136,1,0.0,1,0.05197139341311263,0,-1.0,1.0,2.0,1,0,0,0
null,128,137,1,0.0,1,0.051971393413112965,0,-1.0,1.0,2.0,1,0,0,0
null,128,138,1,0.0,0,0.051971393413112965,0,-0.9988302358696968,0.9988302358696968,1.9976604717393935,1,0,0,0
null,128,139,1,0.0,1,0.051971393413112965,0,-1.0,1.0,2.0,1,0,0,0
null,128,140,1,0.0,1,0.051971393413112965,0,-1.0,1.0,2.0,1,0,0,0
null,128,141,1,0.0,1,0.05197139341311274,0,-1.0,1.0,2.0,1,0,0,0
null,128,142,1,0.0,1,0.051971393413112965,0,-1.0,1.0,2.0,1,0,0,0
null,128,143,1,0.0,1,0.051971393413112965,0,-1.0,1.0,2.0,1,0,0,0
null,128,144,1,0.0,1,0.051971393413112965,0,-1.0,1.0,2.0,1,0,0,0
null,128,145,1,0.0,1,0.05197139341311241,0,-1.0,1.0,2.0,1,0,0,0
null,128,146,1,0.0,1,0.051971393413112854,0,-1.0,1.0,2.0,1,0,0,0
null,128,147,1,0.0,1,0.051971393413112854,0,-1.0,1.0,2.0,1,0,0,0
null,128,148,1,0.0,1,0.051971393413112854,0,-1.0,1.0,2.0,1,0,0,0
null,128,149,1,0.0,1,0.05197139341311263,0,-1.0,1.0,2.0,1,0,0,0
null,128,150,1,0.0,1,0.05197139341311274,0,-1.0,1.0,2.0,1,0,0,0
null,128,151,1,0.0,1,0.05197139341311252,0,-1.0,1.0,2.0,1,0,0,0
null,128,152,1,0.0,1,0.051971393413112854,0,-1.0,1.0,2.0,1,0,0,0
null,128,153,1,0.0,1,0.051971393413112965,0,-1.0,1.0,2.0,1,0,0,0
null,128,154,1,0.0,1,0.051971393413112854,0,-1.0,1.0,2.0,1,0,0,0
null,128,155,1,0.0,1,0.05197139341311263,0,-1.0,1.0,2.0,1,0,0,0
null,128,156,1,0.0,1,0.051971393413112965,0,-1.0,1.0,2.0,1,0,0,0
null,128,157,1,0.0,1,0.051971393413112854,0,-1.0,1.0,2.0,1,0,0,0
null,128,158,1,0.0,1,0.051971393413112965,0,-1.0,1.0,2.0,1,0,0,0
null,128,159,1,0.0,1,0.051971393413112965,0,-1.0,1.0,2.0,1,0,0,0
null,128,160,1,0.0,1,0.051971393413112965,0,-1.0,1.0,2.0,1,0,0,0
null,128,161,1,0.0,1,0.05197139341311263,0,-1.0,1.0,2.0,1,0,0,0
null,128,162,1,0.0,0,0.051971393413112965,0,-0.9953827983687036,0.9953827983687036,1.9907655967374072,1,0,0,0
null,128,163,1,0.0,1,0.0519713934131123,0,-1.0,1.0,2.0,1,0,0,0
null,128,164,1,0.0,1,0.051971393413112965,0,-1.0,1.0,2.0,1,0,0,0
null,128,165,1,0.0,1,0.05197139341311319,0,-1.0,1.0,2.0,1,0,0,0
null,128,166,1,0.0,1,0.051971393413112854,0,-1.0,1.0,2.0,1,0,0,0
null,128,167,1,0.0,1,0.051971393413112854,0,-1.0,1.0,2.0,1,0,0,0
null,128,168,1,0.0,1,0.051971393413112965,0,-1.0,1.0,2.0,1,0,0,0
null,128,169,1,0.0,1,0.051971393413112965,0,-1.0,1.0,2.0,1,0,0,0
null,128,170,1,0.0,1,0.05197139341311263,0,-1.0,1.0,2.0,1,0,0,0
null,128,171,1,0.0,1,0.051971393413112965,0,-1.0,1.0,2.0,1,0,0,0
null,128,172,1,0.0,1,0.051971393413112965,0,-1.0,1.0,2.0,1,0,0,0
null,128,173,1,0.0,1,0.051971393413112854,0,-1.0,1.0,2.0,1,0,0,0
null,128,174,1,0.0,1,0.051971393413112854,0,-1.0,1.0,2.0,1,0,0,0
null,128,175,1,0.0,1,0.05197139341311252,0,-1.0,1.0,2.0,1,0,0,0
null,128,176,1,0.0,1,0.051971393413112854,0,-1.0,1.0,2.0,1,0,0,0
null,128,177,1,0.0,1,0.051971393413112965,0,-1.0,1.0,2.0,1,0,0,0
null,128,178,1,0.0,1,0.05197139341311263,0,-1.0,1.0,2.0,1,0,0,0
null,128,179,1,0.0,1,0.051971393413112854,0,-1.0,1.0,2.0,1,0,0,0
null,128,180,1,0.0,1,0.051971393413112965,0,-1.0,1.0,2.0,1,0,0,0
null,128,181,1,0.0,1,0.051971393413112965,0,-1.0,1.0,2.0,1,0,0,0
null,128,182,1,0.0,1,0.051971393413112854,0,-1.0,1.0,2.0,1,0,0,0
null,128,183,1,0.0,1,0.05197139341311241,0,-1.0,1.0,2.0,1,0,0,0
null,128,184,1,0.0,1,0.051971393413112854,0,-1.0,1.0,2.0,1,0,0,0
null,128,185,1,0.0,1,0.051971393413112854,0,-1.0,1.0,2.0,1,0,0,0
null,128,186,1,0.0,1,0.051971393413112854,0,-1.0,1.0,2.0,1,0,0,0
null,128,187,1,0.0,1,0.051971393413112854,0,-1.0,1.0,2.0,1,0,0,0
null,128,188,1,0.0,1,0.051971393413112965,0,-1.0,1.0,2.0,1,0,0,0
null,128,189,1,0.0,1,0.051971393413112965,0,-1.0,1.0,2.0,1,0,0,0
null,128,190,1,0.0,1,0.051971393413112854,0,-1.0,1.0,2.0,1,0,0,0
null,128,191,1,0.0,1,0.051971393413112965,0,-1.0,1.0,2.0,1,0,0,0
null,128,192,1,0.0,1,0.051971393413112965,0,-1.0,1.0,2.0,1,0,0,0
null,128,193,1,0.0,1,0.051971393413112965,0,-1.0,1.0,2.0,1,0,0,0
null,128,194,1,0.0,0,0.051971393413112965,0,-0.9774830348406094,0.9774830348406094,1.9549660696812188,1,0,0,0
null,128,195,1,0.0,1,0.051971393413112965,0,-1.0,1.0,2.0,1,0,0,0
null,128,196,1,0.0,1,0.051971393413112854,0,-1.0,1.0,2.0,1,0,0,0
null,128,197,1,0.0,1,0.05197139341311263,0,-1.0,1.0,2.0,1,0,0,0
null,128,198,1,0.0,1,0.051971393413112965,0,-1.0,1.0,2.0,1,0,0,0
null,128,199,1,0.0,1,0.05197139341311208,0,-1.0,1.0,2.0,1,0,0,0
null,128,200,1,0.0,1,0.051971393413112965,0,-1.0,1.0,2.0,1,0,0,0
null,128,201,1,0.0,1,0.051971393413112854,0,-1.0,1.0,2.0,1,0,0,0
null,128,202,1,0.0,1,0.051971393413112965,0,-1.0,1.0,2.0,1,0,0,0
null,128,203,1,0.0,1,0.05197139341311241,0,-1.0,1.0,2.0,1,0,0,0
null,128,204,1,0.0,1,0.051971393413112965,0,-1.0,1.0,2.0,1,0,0,0
null,128,205,1,0.0,1,0.05197139341311252,0,-1.0,1.0,2.0,1,0,0,0
null,128,206,1,0.0,1,0.05197139341311241,0,-1.0,1.0,2.0,1,0,0,0
null,128,207,1,0.0,1,0.051971393413112965,0,-1.0,1.0,2.0,1,0,0,0
null,128,208,1,0.0,1,0.05197139341311263,0,-1.0,1.0,2.0,1,0,0,0
null,128,209,1,0.0,1,0.051971393413112965,0,-1.0,1.0,2.0,1,0,0,0
null,128,210,1,0.0,1,0.051971393413112854,0,-1.0,1.0,2.0,1,0,0,0
null,128,211,1,0.0,1,0.05197139341311274,0,-1.0,1.0,2.0,1,0,0,0
null,128,212,1,0.0,1,0.051971393413112965,0,-1.0,1.0,2.0,1,0,0,0
null,128,213,1,0.0,1,0.051971393413112854,0,-1.0,1.0,2.0,1,0,0,0
null,128,214,1,0.0,1,0.051971393413112854,0,-1.0,1.0,2.0,1,0,0,0
null,128,215,1,0.0,1,0.051971393413112854,0,-1.0,1.0,2.0,1,0,0,0
null,128,216,1,0.0,1,0.051971393413112965,0,-1.0,1.0,2.0,1,0,0,0
null,128,217,1,0.0,1,0.05197139341311274,0,-1.0,1.0,2.0,1,0,0,0
null,128,218,1,0.0,1,0.051971393413112854,0,-1.0,1.0,2.0,1,0,0,0
null,128,219,1,0.0,1,0.051971393413112854,0,-1.0,1.0,2.0,1,0,0,0
null,128,220,1,0.0,1,0.051971393413112965,0,-1.0,1.0,2.0,1,0,0,0
null,128,221,1,0.0,1,0.051971393413112965,0,-1.0,1.0,2.0,1,0,0,0
null,128,222,1,0.0,1,0.05197139341311274,0,-1.0,1.0,2.0,1,0,0,0
null,128,223,1,0.0,1,0.051971393413112854,0,-1.0,1.0,2.0,1,0,0,0
null,128,224,1,0.0,1,0.051971393413112965,0,-1.0,1.0,2.0,1,0,0,0
null,128,225,1,0.0,1,0.051971393413112965,0,-1.0,1.0,2.0,1,0,0,0
null,128,226,1,0.0,1,0.051971393413112854,0,-1.0,1.0,2.0,1,0,0,0
null,128,227,1,0.0,1,0.051971393413112965,0,-1.0,1.0,2.0,1,0,0,0
null,128,228,1,0.0,1,0.051971393413112854,0,-1.0,1.0,2.0,1,0,0,0
null,128,229,1,0.0,1,0.051971393413112965,0,-1.0,1.0,2.0,1,0,0,0
null,128,230,1,0.0,1,0.051971393413112965,0,-1.0,1.0,2.0,1,0,0,0
null,128,231,1,0.0,0,0.051971393413112854,0,-0.9979163159678659,0.9979163159678659,1.9958326319357318,1,0,0,0
null,128,232,1,0.0,1,0.05197139341311274,0,-1.0,1.0,2.0,1,0,0,0
null,128,233,1,0.0,1,0.051971393413112965,0,-1.0,1.0,2.0,1,0,0,0
null,128,234,1,0.0,1,0.051971393413112965,0,-1.0,1.0,2.0,1,0,0,0
null,128,235,1,0.0,1,0.051971393413112854,0,-1.0,1.0,2.0,1,0,0,0
null,128,236,1,0.0,0,0.051971393413112965,0,-0.9861700201470476,0.9861700201470476,1.9723400402940952,1,0,0,0
null,128,237,1,0.0,1,0.051971393413112854,0,-1.0,1.0,2.0,1,0,0,0
null,128,238,1,0.0,0,0.05197139341311352,0,-0.9868140925738571,0.9868140925738571,1.9736281851477142,1,0,0,0
null,128,239,1,0.0,0,0.051971393413112965,0,-0.9965045456851476,0.9965045456851476,1.9930090913702951,1,0,0,0
null,128,240,1,0.0,1,0.051971393413112854,0,-1.0,1.0,2.0,1,0,0,0
null,128,241,1,0.0,1,0.051971393413112854,0,-1.0,1.0,2.0,1,0,0,0
null,128,242,1,0.0,1,0.05197139341311263,0,-1.0,1.0,2.0,1,0,0,0
null,128,243,1,0.0,1,0.051971393413112965,0,-1.0,1.0,2.0,1,0,0,0
null,128,244,1,0.0,1,0.05197139341311274,0,-1.0,1.0,2.0,1,0,0,0
null,128,245,1,0.0,1,0.051971393413112965,0,-1.0,1.0,2.0,1,0,0,0
null,128,246,1,0.0,1,0.051971393413112854,0,-1.0,1.0,2.0,1,0,0,0
null,128,247,1,0.0,1,0.051971393413112965,0,-1.0,1.0,2.0,1,0,0,0
null,128,248,1,0.0,1,0.051971393413112854,0,-1.0,1.0,2.0,1,0,0,0
null,128,249,1,0.0,1,0.051971393413112854,0,-1.0,1.0,2.0,1,0,0,0
null,128,250,1,0.0,1,0.051971393413112854,0,-1.0,1.0,2.0,1,0,0,0
null,128,251,1,0.0,1,0.05197139341311319,0,-1.0,1.0,2.0,1,0,0,0
null,128,252,1,0.0,0,0.051971393413112965,0,-0.9942499254920565,0.9942499254920565,1.988499850984113,1,0,0,0
null,128,253,1,0.0,1,0.051971393413112965,0,-1.0,1.0,2.0,1,0,0,0
null,128,254,1,0.0,1,0.05197139341311263,0,-1.0,1.0,2.0,1,0,0,0
null,128,255,1,0.0,1,0.051971393413112965,0,-1.0,1.0,2.0,1,0,0,0
null,128,256,1,0.0,1,0.051971393413112854,0,-1.0,1.0,2.0,1,0,0,0
null,128,257,1,0.0,1,0.051971393413112965,0,-1.0,1.0,2.0,1,0,0,0
null,128,258,1,0.0,1,0.051971393413112965,0,-1.0,1.0,2.0,1,0,0,0
null,128,259,1,0.0,1,0.051971393413112965,0,-1.0,1.0,2.0,1,0,0,0
null,128,260,1,0.0,1,0.051971393413112965,0,-1.0,1.0,2.0,1,0,0,0
null,128,261,1,0.0,1,0.051971393413112854,0,-1.0,1.0,2.0,1,0,0,0
null,128,262,1,0.0,1,0.051971393413112965,0,-1.0,1.0,2.0,1,0,0,0
null,128,263,1,0.0,1,0.051971393413112965,0,-1.0,1.0,2.0,1,0,0,0
null,128,264,1,0.0,1,0.0519713934131133,0,-1.0,1.0,2.0,1,0,0,0
null,128,265,1,0.0,1,0.051971393413112965,0,-1.0,1.0,2.0,1,0,0,0
null,128,266,1,0.0,1,0.051971393413112854,0,-1.0,1.0,2.0,1,0,0,0
null,128,267,1,0.0,1,0.05197139341311319,0,-1.0,1.0,2.0,1,0,0,0
null,128,268,1,0.0,1,0.051971393413112965,0,-1.0,1.0,2.0,1,0,0,0
null,128,269,1,0.0,1,0.051971393413112965,0,-1.0,1.0,2.0,1,0,0,0
null,128,270,1,0.0,1,0.051971393413112965,0,-1.0,1.0,2.0,1,0,0,0
null,128,271,1,0.0,1,0.051971393413112965,0,-1.0,1.0,2.0,1,0,0,0
null,128,272,1,0.0,1,0.051971393413112854,0,-1.0,1.0,2.0,1,0,0,0
null,128,273,1,0.0,1,0.051971393413112854,0,-1.0,1.0,2.0,1,0,0,0
null,128,274,1,0.0,1,0.051971393413112965,0,-1.0,1.0,2.0,1,0,0,0
null,128,275,1,0.0,1,0.051971393413112965,0,-1.0,1.0,2.0,1,0,0,0
null,128,276,1,0.0,1,0.051971393413112965,0,-1.0,1.0,2.0,1,0,0,0
null,128,277,1,0.0,1,0.051971393413112854,0,-1.0,1.0,2.0,1,0,0,0
null,128,278,1,0.0,1,0.051971393413112854,0,-1.0,1.0,2.0,1,0,0,0
null,128,279,1,0.0,1,0.051971393413112854,0,-1.0,1.0,2.0,1,0,0,0
null,128,280,1,0.0,1,0.051971393413112965,0,-1.0,1.0,2.0,1,0,0,0
null,128,281,1,0.0,0,0.051971393413112854,0,-0.9902039705313117,0.9902039705313117,1.9804079410626234,1,0,0,0
null,128,282,1,0.0,1,0.051971393413112854,0,-1.0,1.0,2.0,1,0,0,0
null,128,283,1,0.0,1,0.051971393413112965,0,-1.0,1.0,2.0,1,0,0,0
null,128,284,1,0.0,1,0.05197139341311274,0,-1.0,1.0,2.0,1,0,0,0
null,128,285,1,0.0,1,0.051971393413112965,0,-1.0,1.0,2.0,1,0,0,0
null,128,286,1,0.0,1,0.051971393413112854,0,-1.0,1.0,2.0,1,0,0,0
null,128,287,1,0.0,1,0.051971393413112854,0,-1.0,1.0,2.0,1,0,0,0
null,128,288,1,0.0,1,0.051971393413112965,0,-1.0,1.0,2.0,1,0,0,0
null,128,289,1,0.0,1,0.051971393413112854,0,-1.0,1.0,2.0,1,0,0,0
null,128,290,1,0.0,1,0.05197139341311252,0,-1.0,1.0,2.0,1,0,0,0
null,128,291,1,0.0,1,0.051971393413112965,0,-1.0,1.0,2.0,1,0,0,0
null,128,292,1,0.0,1,0.05197139341311274,0,-1.0,1.0,2.0,1,0,0,0
null,128,293,1,0.0,1,0.051971393413112854,0,-1.0,1.0,2.0,1,0,0,0
null,128,294,1,0.0,1,0.051971393413112854,0,-1.0,1.0,2.0,1,0,0,0
null,128,295,1,0.0,1,0.051971393413112965,0,-1.0,1.0,2.0,1,0,0,0
null,128,296,1,0.0,0,0.05197139341311341,0,-0.9634453797750298,0.9634453797750298,1.9268907595500595,1,0,0,0
null,128,297,1,0.0,1,0.051971393413112965,0,-1.0,1.0,2.0,1,0,0,0
null,128,298,1,0.0,1,0.051971393413112965,0,-1.0,1.0,2.0,1,0,0,0
null,128,299,1,0.0,0,0.051971393413112965,0,-0.9977593126811082,0.9977593126811082,1.9955186253622164,1,0,0,0
null,512,0,1,0.0,1,0.02598569670655637,0,-1.0,1.0,2.0,1,0,0,0
null,512,1,1,0.0,1,0.025985696706556483,0,-1.0,1.0,2.0,1,0,0,0
null,512,2,1,0.0,1,0.025985696706556483,0,-1.0,1.0,2.0,1,0,0,0
null,512,3,1,0.0,1,0.025985696706555372,0,-1.0,1.0,2.0,1,0,0,0
null,512,4,1,0.0,1,0.025985696706556483,0,-1.0,1.0,2.0,1,0,0,0
null,512,5,1,0.0,1,0.02598569670655637,0,-1.0,1.0,2.0,1,0,0,0
null,512,6,1,0.0,1,0.02598569670655637,0,-1.0,1.0,2.0,1,0,0,0
null,512,7,1,0.0,1,0.025985696706556483,0,-1.0,1.0,2.0,1,0,0,0
null,512,8,1,0.0,1,0.025985696706556483,0,-1.0,1.0,2.0,1,0,0,0
null,512,9,1,0.0,1,0.025985696706556483,0,-1.0,1.0,2.0,1,0,0,0
null,512,10,1,0.0,1,0.025985696706555372,0,-1.0,1.0,2.0,1,0,0,0
null,512,11,1,0.0,1,0.025985696706556483,0,-1.0,1.0,2.0,1,0,0,0
null,512,12,1,0.0,1,0.025985696706556483,0,-1.0,1.0,2.0,1,0,0,0
null,512,13,1,0.0,1,0.025985696706556483,0,-1.0,1.0,2.0,1,0,0,0
null,512,14,1,0.0,1,0.025985696706557038,0,-1.0,1.0,2.0,1,0,0,0
null,512,15,1,0.0,1,0.025985696706556483,0,-1.0,1.0,2.0,1,0,0,0
null,512,16,1,0.0,1,0.025985696706556483,0,-1.0,1.0,2.0,1,0,0,0
null,512,17,1,0.0,0,0.025985696706557038,0,-0.996576448496752,0.996576448496752,1.993152896993504,1,0,0,0
null,512,18,1,0.0,1,0.025985696706556483,0,-1.0,1.0,2.0,1,0,0,0
null,512,19,1,0.0,1,0.025985696706556483,0,-1.0,1.0,2.0,1,0,0,0
null,512,20,1,0.0,1,0.025985696706556483,0,-1.0,1.0,2.0,1,0,0,0
null,512,21,1,0.0,1,0.025985696706556483,0,-1.0,1.0,2.0,1,0,0,0
null,512,22,1,0.0,1,0.025985696706556483,0,-1.0,1.0,2.0,1,0,0,0
null,512,23,1,0.0,1,0.025985696706556483,0,-1.0,1.0,2.0,1,0,0,0
null,512,24,1,0.0,1,0.025985696706556483,0,-1.0,1.0,2.0,1,0,0,0
null,512,25,1,0.0,1,0.025985696706556483,0,-1.0,1.0,2.0,1,0,0,0
null,512,26,1,0.0,1,0.025985696706556483,0,-1.0,1.0,2.0,1,0,0,0
null,512,27,1,0.0,1,0.025985696706556483,0,-1.0,1.0,2.0,1,0,0,0
null,512,28,1,0.0,1,0.025985696706556483,0,-1.0,1.0,2.0,1,0,0,0
null,512,29,1,0.0,1,0.025985696706556483,0,-1.0,1.0,2.0,1,0,0,0
null,512,30,1,0.0,1,0.025985696706556483,0,-1.0,1.0,2.0,1,0,0,0
null,512,31,1,0.0,1,0.025985696706556483,0,-1.0,1.0,2.0,1,0,0,0
null,512,32,1,0.0,1,0.025985696706556483,0,-1.0,1.0,2.0,1,0,0,0
null,512,33,1,0.0,1,0.025985696706556483,0,-1.0,1.0,2.0,1,0,0,0
null,512,34,1,0.0,1,0.02598569670655637,0,-1.0,1.0,2.0,1,0,0,0
null,512,35,1,0.0,1,0.025985696706556483,0,-1.0,1.0,2.0,1,0,0,0
null,512,36,1,0.0,1,0.025985696706556483,0,-1.0,1.0,2.0,1,0,0,0
null,512,37,1,0.0,1,0.025985696706556483,0,-1.0,1.0,2.0,1,0,0,0
null,512,38,1,0.0,1,0.025985696706556483,0,-1.0,1.0,2.0,1,0,0,0
null,512,39,1,0.0,1,0.025985696706556483,0,-1.0,1.0,2.0,1,0,0,0
null,512,40,1,0.0,1,0.025985696706556483,0,-1.0,1.0,2.0,1,0,0,0
null,512,41,1,0.0,1,0.025985696706556483,0,-1.0,1.0,2.0,1,0,0,0
null,512,42,1,0.0,1,0.02598569670655637,0,-1.0,1.0,2.0,1,0,0,0
null,512,43,1,0.0,1,0.025985696706556483,0,-1.0,1.0,2.0,1,0,0,0
null,512,44,1,0.0,0,0.025985696706557038,0,-0.9996924224126892,0.9996924224126892,1.9993848448253784,1,0,0,0
null,512,45,1,0.0,1,0.025985696706556483,0,-1.0,1.0,2.0,1,0,0,0
null,512,46,1,0.0,1,0.025985696706556483,0,-1.0,1.0,2.0,1,0,0,0
null,512,47,1,0.0,1,0.025985696706556483,0,-1.0,1.0,2.0,1,0,0,0
null,512,48,1,0.0,1,0.025985696706556483,0,-1.0,1.0,2.0,1,0,0,0
null,512,49,1,0.0,1,0.025985696706556483,0,-1.0,1.0,2.0,1,0,0,0
null,512,50,1,0.0,1,0.025985696706556483,0,-1.0,1.0,2.0,1,0,0,0
null,512,51,1,0.0,1,0.025985696706556483,0,-1.0,1.0,2.0,1,0,0,0
null,512,52,1,0.0,1,0.025985696706556483,0,-1.0,1.0,2.0,1,0,0,0
null,512,53,1,0.0,1,0.02598569670655637,0,-1.0,1.0,2.0,1,0,0,0
null,512,54,1,0.0,1,0.02598569670655637,0,-1.0,1.0,2.0,1,0,0,0
null,512,55,1,0.0,1,0.025985696706556483,0,-1.0,1.0,2.0,1,0,0,0
null,512,56,1,0.0,1,0.025985696706556483,0,-1.0,1.0,2.0,1,0,0,0
null,512,57,1,0.0,1,0.025985696706556483,0,-1.0,1.0,2.0,1,0,0,0
null,512,58,1,0.0,1,0.025985696706556483,0,-1.0,1.0,2.0,1,0,0,0
null,512,59,1,0.0,1,0.025985696706556483,0,-1.0,1.0,2.0,1,0,0,0
null,512,60,1,0.0,1,0.025985696706556483,0,-1.0,1.0,2.0,1,0,0,0
null,512,61,1,0.0,1,0.025985696706556483,0,-1.0,1.0,2.0,1,0,0,0
null,512,62,1,0.0,1,0.025985696706556483,0,-1.0,1.0,2.0,1,0,0,0
null,512,63,1,0.0,1,0.025985696706556483,0,-1.0,1.0,2.0,1,0,0,0
null,512,64,1,0.0,1,0.025985696706556483,0,-1.0,1.0,2.0,1,0,0,0
null,512,65,1,0.0,1,0.025985696706556483,0,-1.0,1.0,2.0,1,0,0,0
null,512,66,1,0.0,1,0.025985696706556483,0,-1.0,1.0,2.0,1,0,0,0
null,512,67,1,0.0,1,0.025985696706556483,0,-1.0,1.0,2.0,1,0,0,0
null,512,68,1,0.0,1,0.02598569670655637,0,-1.0,1.0,2.0,1,0,0,0
null,512,69,1,0.0,1,0.025985696706556483,0,-1.0,1.0,2.0,1,0,0,0
null,512,70,1,0.0,1,0.025985696706556483,0,-1.0,1.0,2.0,1,0,0,0
null,512,71,1,0.0,1,0.025985696706556483,0,-1.0,1.0,2.0,1,0,0,0
null,512,72,1,0.0,1,0.025985696706556483,0,-1.0,1.0,2.0,1,0,0,0
null,512,73,1,0.0,1,0.025985696706557038,0,-1.0,1.0,2.0,1,0,0,0
null,512,74,1,0.0,1,0.02598569670655637,0,-1.0,1.0,2.0,1,0,0,0
null,512,75,1,0.0,1,0.025985696706556483,0,-1.0,1.0,2.0,1,0,0,0
null,512,76,1,0.0,1,0.025985696706556483,0,-1.0,1.0,2.0,1,0,0,0
null,512,77,1,0.0,1,0.025985696706556483,0,-1.0,1.0,2.0,1,0,0,0
null,512,78,1,0.0,1,0.025985696706556483,0,-1.0,1.0,2.0,1,0,0,0
null,512,79,1,0.0,1,0.02598569670655637,0,-1.0,1.0,2.0,1,0,0,0
null,512,80,1,0.0,1,0.025985696706556483,0,-1.0,1.0,2.0,1,0,0,0
null,512,81,1,0.0,1,0.025985696706556483,0,-1.0,1.0,2.0,1,0,0,0
null,512,82,1,0.0,1,0.025985696706556483,0,-1.0,1.0,2.0,1,0,0,0
null,512,83,1,0.0,1,0.025985696706556483,0,-1.0,1.0,2.0,1,0,0,0
null,512,84,1,0.0,1,0.025985696706556483,0,-1.0,1.0,2.0,1,0,0,0
null,512,85,1,0.0,1,0.025985696706556483,0,-1.0,1.0,2.0,1,0,0,0
null,512,86,1,0.0,1,0.025985696706556483,0,-1.0,1.0,2.0,1,0,0,0
null,512,87,1,0.0,1,0.025985696706556483,0,-1.0,1.0,2.0,1,0,0,0
null,512,88,1,0.0,1,0.025985696706556483,0,-1.0,1.0,2.0,1,0,0,0
null,512,89,1,0.0,1,0.025985696706556483,0,-1.0,1.0,2.0,1,0,0,0
null,512,90,1,0.0,1,0.025985696706556483,0,-1.0,1.0,2.0,1,0,0,0
null,512,91,1,0.0,1,0.02598569670655637,0,-1.0,1.0,2.0,1,0,0,0
null,512,92,1,0.0,1,0.025985696706557038,0,-1.0,1.0,2.0,1,0,0,0
null,512,93,1,0.0,1,0.025985696706556483,0,-1.0,1.0,2.0,1,0,0,0
null,512,94,1,0.0,1,0.025985696706556483,0,-1.0,1.0,2.0,1,0,0,0
null,512,95,1,0.0,1,0.02598569670655637,0,-1.0,1.0,2.0,1,0,0,0
null,512,96,1,0.0,1,0.025985696706556483,0,-1.0,1.0,2.0,1,0,0,0
null,512,97,1,0.0,1,0.025985696706556483,0,-1.0,1.0,2.0,1,0,0,0
null,512,98,1,0.0,1,0.025985696706556483,0,-1.0,1.0,2.0,1,0,0,0
null,512,99,1,0.0,1,0.025985696706556483,0,-1.0,1.0,2.0,1,0,0,0
null,512,100,1,0.0,1,0.025985696706556483,0,-1.0,1.0,2.0,1,0,0,0
null,512,101,1,0.0,0,0.025985696706557038,0,-0.9907179693469282,0.9907179693469282,1.9814359386938565,1,0,0,0
null,512,102,1,0.0,1,0.025985696706556483,0,-1.0,1.0,2.0,1,0,0,0
null,512,103,1,0.0,1,0.025985696706556483,0,-1.0,1.0,2.0,1,0,0,0
null,512,104,1,0.0,1,0.02598569670655637,0,-1.0,1.0,2.0,1,0,0,0
null,512,105,1,0.0,1,0.025985696706556483,0,-1.0,1.0,2.0,1,0,0,0
null,512,106,1,0.0,1,0.025985696706556483,0,-1.0,1.0,2.0,1,0,0,0
null,512,107,1,0.0,0,0.025985696706557038,0,-0.9984071243460241,0.9984071243460241,1.9968142486920482,1,0,0,0
null,512,108,1,0.0,1,0.02598569670655637,0,-1.0,1.0,2.0,1,0,0,0
null,512,109,1,0.0,1,0.025985696706556483,0,-1.0,1.0,2.0,1,0,0,0
null,512,110,1,0.0,1,0.025985696706556483,0,-1.0,1.0,2.0,1,0,0,0
null,512,111,1,0.0,0,0.025985696706557038,0,-0.996234516631339,0.996234516631339,1.992469033262678,1,0,0,0
null,512,112,1,0.0,1,0.025985696706556483,0,-1.0,1.0,2.0,1,0,0,0
null,512,113,1,0.0,1,0.02598569670655637,0,-1.0,1.0,2.0,1,0,0,0
null,512,114,1,0.0,1,0.025985696706555372,0,-1.0,1.0,2.0,1,0,0,0
null,512,115,1,0.0,1,0.025985696706556483,0,-1.0,1.0,2.0,1,0,0,0
null,512,116,1,0.0,1,0.025985696706556483,0,-1.0,1.0,2.0,1,0,0,0
null,512,117,1,0.0,1,0.025985696706556483,0,-1.0,1.0,2.0,1,0,0,0
null,512,118,1,0.0,1,0.025985696706556483,0,-1.0,1.0,2.0,1,0,0,0
null,512,119,1,0.0,1,0.025985696706556483,0,-1.0,1.0,2.0,1,0,0,0
null,512,120,1,0.0,1,0.025985696706556483,0,-1.0,1.0,2.0,1,0,0,0
null,512,121,1,0.0,1,0.025985696706556483,0,-1.0,1.0,2.0,1,0,0,0
null,512,122,1,0.0,1,0.025985696706556483,0,-1.0,1.0,2.0,1,0,0,0
null,512,123,1,0.0,1,0.025985696706556483,0,-1.0,1.0,2.0,1,0,0,0
null,512,124,1,0.0,1,0.02598569670655637,0,-1.0,1.0,2.0,1,0,0,0
null,512,125,1,0.0,1,0.025985696706556483,0,-1.0,1.0,2.0,1,0,0,0
null,512,126,1,0.0,1,0.025985696706556483,0,-1.0,1.0,2.0,1,0,0,0
null,512,127,1,0.0,1,0.025985696706556483,0,-1.0,1.0,2.0,1,0,0,0
null,512,128,1,0.0,1,0.025985696706556483,0,-1.0,1.0,2.0,1,0,0,0
null,512,129,1,0.0,1,0.025985696706556483,0,-1.0,1.0,2.0,1,0,0,0
null,512,130,1,0.0,1,0.025985696706556483,0,-1.0,1.0,2.0,1,0,0,0
null,512,131,1,0.0,1,0.025985696706556483,0,-1.0,1.0,2.0,1,0,0,0
null,512,132,1,0.0,1,0.025985696706556483,0,-1.0,1.0,2.0,1,0,0,0
null,512,133,1,0.0,1,0.025985696706556483,0,-1.0,1.0,2.0,1,0,0,0
null,512,134,1,0.0,1,0.025985696706556483,0,-1.0,1.0,2.0,1,0,0,0
null,512,135,1,0.0,1,0.025985696706556483,0,-1.0,1.0,2.0,1,0,0,0
null,512,136,1,0.0,1,0.025985696706556483,0,-1.0,1.0,2.0,1,0,0,0
null,512,137,1,0.0,1,0.025985696706557038,0,-1.0,1.0,2.0,1,0,0,0
null,512,138,1,0.0,1,0.025985696706556594,0,-1.0,1.0,2.0,1,0,0,0
null,512,139,1,0.0,1,0.025985696706556483,0,-1.0,1.0,2.0,1,0,0,0
null,512,140,1,0.0,1,0.02598569670655637,0,-1.0,1.0,2.0,1,0,0,0
null,512,141,1,0.0,1,0.025985696706556483,0,-1.0,1.0,2.0,1,0,0,0
null,512,142,1,0.0,1,0.025985696706556483,0,-1.0,1.0,2.0,1,0,0,0
null,512,143,1,0.0,1,0.025985696706556483,0,-1.0,1.0,2.0,1,0,0,0
null,512,144,1,0.0,1,0.025985696706556483,0,-1.0,1.0,2.0,1,0,0,0
null,512,145,1,0.0,1,0.025985696706556483,0,-1.0,1.0,2.0,1,0,0,0
null,512,146,1,0.0,1,0.025985696706556483,0,-1.0,1.0,2.0,1,0,0,0
null,512,147,1,0.0,1,0.025985696706557038,0,-1.0,1.0,2.0,1,0,0,0
null,512,148,1,0.0,1,0.025985696706556483,0,-1.0,1.0,2.0,1,0,0,0
null,512,149,1,0.0,1,0.025985696706556483,0,-1.0,1.0,2.0,1,0,0,0
null,512,150,1,0.0,1,0.025985696706556483,0,-1.0,1.0,2.0,1,0,0,0
null,512,151,1,0.0,1,0.025985696706556483,0,-1.0,1.0,2.0,1,0,0,0
null,512,152,1,0.0,1,0.025985696706556483,0,-1.0,1.0,2.0,1,0,0,0
null,512,153,1,0.0,1,0.025985696706556483,0,-1.0,1.0,2.0,1,0,0,0
null,512,154,1,0.0,1,0.025985696706556483,0,-1.0,1.0,2.0,1,0,0,0
null,512,155,1,0.0,1,0.025985696706556483,0,-1.0,1.0,2.0,1,0,0,0
null,512,156,1,0.0,1,0.025985696706556483,0,-1.0,1.0,2.0,1,0,0,0
null,512,157,1,0.0,1,0.025985696706556483,0,-1.0,1.0,2.0,1,0,0,0
null,512,158,1,0.0,1,0.025985696706556483,0,-1.0,1.0,2.0,1,0,0,0
null,512,159,1,0.0,1,0.025985696706556483,0,-1.0,1.0,2.0,1,0,0,0
null,512,160,1,0.0,1,0.025985696706556483,0,-1.0,1.0,2.0,1,0,0,0
null,512,161,1,0.0,1,0.025985696706556483,0,-1.0,1.0,2.0,1,0,0,0
null,512,162,1,0.0,1,0.025985696706556483,0,-1.0,1.0,2.0,1,0,0,0
null,512,163,1,0.0,1,0.025985696706556483,0,-1.0,1.0,2.0,1,0,0,0
null,512,164,1,0.0,1,0.02598569670655637,0,-1.0,1.0,2.0,1,0,0,0
null,512,165,1,0.0,1,0.025985696706556483,0,-1.0,1.0,2.0,1,0,0,0
null,512,166,1,0.0,1,0.025985696706556483,0,-1.0,1.0,2.0,1,0,0,0
null,512,167,1,0.0,1,0.02598569670655637,0,-1.0,1.0,2.0,1,0,0,0
null,512,168,1,0.0,1,0.025985696706556483,0,-1.0,1.0,2.0,1,0,0,0
null,512,169,1,0.0,1,0.025985696706556483,0,-1.0,1.0,2.0,1,0,0,0
null,512,170,1,0.0,1,0.025985696706556483,0,-1.0,1.0,2.0,1,0,0,0
null,512,171,1,0.0,1,0.025985696706557038,0,-1.0,1.0,2.0,1,0,0,0
null,512,172,1,0.0,1,0.025985696706556483,0,-1.0,1.0,2.0,1,0,0,0
null,512,173,1,0.0,1,0.025985696706556483,0,-1.0,1.0,2.0,1,0,0,0
null,512,174,1,0.0,1,0.025985696706556483,0,-1.0,1.0,2.0,1,0,0,0
null,512,175,1,0.0,1,0.025985696706556483,0,-1.0,1.0,2.0,1,0,0,0
null,512,176,1,0.0,1,0.025985696706556594,0,-1.0,1.0,2.0,1,0,0,0
null,512,177,1,0.0,1,0.025985696706556483,0,-1.0,1.0,2.0,1,0,0,0
null,512,178,1,0.0,1,0.025985696706556483,0,-1.0,1.0,2.0,1,0,0,0
null,512,179,1,0.0,1,0.025985696706556483,0,-1.0,1.0,2.0,1,0,0,0
null,512,180,1,0.0,1,0.025985696706556483,0,-1.0,1.0,2.0,1,0,0,0
null,512,181,1,0.0,1,0.025985696706556483,0,-1.0,1.0,2.0,1,0,0,0
null,512,182,1,0.0,1,0.025985696706556483,0,-1.0,1.0,2.0,1,0,0,0
null,512,183,1,0.0,1,0.025985696706556483,0,-1.0,1.0,2.0,1,0,0,0
null,512,184,1,0.0,1,0.025985696706556483,0,-1.0,1.0,2.0,1,0,0,0
null,512,185,1,0.0,1,0.025985696706556483,0,-1.0,1.0,2.0,1,0,0,0
null,512,186,1,0.0,1,0.025985696706555372,0,-1.0,1.0,2.0,1,0,0,0
null,512,187,1,0.0,1,0.025985696706556483,0,-1.0,1.0,2.0,1,0,0,0
null,512,188,1,0.0,1,0.025985696706556483,0,-1.0,1.0,2.0,1,0,0,0
null,512,189,1,0.0,1,0.025985696706556483,0,-1.0,1.0,2.0,1,0,0,0
null,512,190,1,0.0,1,0.025985696706556483,0,-1.0,1.0,2.0,1,0,0,0
null,512,191,1,0.0,1,0.025985696706556483,0,-1.0,1.0,2.0,1,0,0,0
null,512,192,1,0.0,0,0.025985696706557038,0,-0.998596735925263,0.998596735925263,1.997193471850526,1,0,0,0
null,512,193,1,0.0,1,0.025985696706556483,0,-1.0,1.0,2.0,1,0,0,0
null,512,194,1,0.0,1,0.025985696706556483,0,-1.0,1.0,2.0,1,0,0,0
null,512,195,1,0.0,1,0.025985696706556483,0,-1.0,1.0,2.0,1,0,0,0
null,512,196,1,0.0,1,0.025985696706556483,0,-1.0,1.0,2.0,1,0,0,0
null,512,197,1,0.0,1,0.025985696706556483,0,-1.0,1.0,2.0,1,0,0,0
null,512,198,1,0.0,1,0.025985696706556483,0,-1.0,1.0,2.0,1,0,0,0
null,512,199,1,0.0,1,0.025985696706556483,0,-1.0,1.0,2.0,1,0,0,0
null,512,200,1,0.0,1,0.025985696706556483,0,-1.0,1.0,2.0,1,0,0,0
null,512,201,1,0.0,1,0.025985696706556483,0,-1.0,1.0,2.0,1,0,0,0
null,512,202,1,0.0,1,0.025985696706556483,0,-1.0,1.0,2.0,1,0,0,0
null,512,203,1,0.0,1,0.025985696706555372,0,-1.0,1.0,2.0,1,0,0,0
null,512,204,1,0.0,1,0.02598569670655637,0,-1.0,1.0,2.0,1,0,0,0
null,512,205,1,0.0,1,0.02598569670655637,0,-1.0,1.0,2.0,1,0,0,0
null,512,206,1,0.0,1,0.025985696706556483,0,-1.0,1.0,2.0,1,0,0,0
null,512,207,1,0.0,1,0.02598569670655637,0,-1.0,1.0,2.0,1,0,0,0
null,512,208,1,0.0,1,0.025985696706556483,0,-1.0,1.0,2.0,1,0,0,0
null,512,209,1,0.0,1,0.025985696706556483,0,-1.0,1.0,2.0,1,0,0,0
null,512,210,1,0.0,0,0.025985696706557038,0,-0.9955526784679617,0.9955526784679617,1.9911053569359234,1,0,0,0
null,512,211,1,0.0,1,0.025985696706556483,0,-1.0,1.0,2.0,1,0,0,0
null,512,212,1,0.0,1,0.025985696706556483,0,-1.0,1.0,2.0,1,0,0,0
null,512,213,1,0.0,1,0.025985696706556483,0,-1.0,1.0,2.0,1,0,0,0
null,512,214,1,0.0,1,0.025985696706556594,0,-1.0,1.0,2.0,1,0,0,0
null,512,215,1,0.0,1,0.025985696706556483,0,-1.0,1.0,2.0,1,0,0,0
null,512,216,1,0.0,1,0.025985696706556483,0,-1.0,1.0,2.0,1,0,0,0
null,512,217,1,0.0,1,0.025985696706556483,0,-1.0,1.0,2.0,1,0,0,0
null,512,218,1,0.0,1,0.025985696706556483,0,-1.0,1.0,2.0,1,0,0,0
null,512,219,1,0.0,1,0.025985696706556483,0,-1.0,1.0,2.0,1,0,0,0
null,512,220,1,0.0,1,0.025985696706556483,0,-1.0,1.0,2.0,1,0,0,0
null,512,221,1,0.0,0,0.025985696706557038,0,-0.9947192957158554,0.9947192957158554,1.9894385914317108,1,0,0,0
null,512,222,1,0.0,1,0.025985696706556483,0,-1.0,1.0,2.0,1,0,0,0
null,512,223,1,0.0,1,0.025985696706556483,0,-1.0,1.0,2.0,1,0,0,0
null,512,224,1,0.0,1,0.025985696706556483,0,-1.0,1.0,2.0,1,0,0,0
null,512,225,1,0.0,1,0.025985696706556483,0,-1.0,1.0,2.0,1,0,0,0
null,512,226,1,0.0,1,0.025985696706556483,0,-1.0,1.0,2.0,1,0,0,0
null,512,227,1,0.0,1,0.025985696706556483,0,-1.0,1.0,2.0,1,0,0,0
null,512,228,1,0.0,1,0.025985696706556483,0,-1.0,1.0,2.0,1,0,0,0
null,512,229,1,0.0,1,0.025985696706556483,0,-1.0,1.0,2.0,1,0,0,0
null,512,230,1,0.0,1,0.025985696706556483,0,-1.0,1.0,2.0,1,0,0,0
null,512,231,1,0.0,1,0.025985696706556483,0,-1.0,1.0,2.0,1,0,0,0
null,512,232,1,0.0,0,0.025985696706557038,0,-0.9981130026048052,0.9981130026048052,1.9962260052096104,1,0,0,0
null,512,233,1,0.0,1,0.025985696706556483,0,-1.0,1.0,2.0,1,0,0,0
null,512,234,1,0.0,1,0.02598569670655637,0,-1.0,1.0,2.0,1,0,0,0
null,512,235,1,0.0,1,0.02598569670655637,0,-1.0,1.0,2.0,1,0,0,0
null,512,236,1,0.0,1,0.025985696706556483,0,-1.0,1.0,2.0,1,0,0,0
null,512,237,1,0.0,1,0.025985696706556483,0,-1.0,1.0,2.0,1,0,0,0
null,512,238,1,0.0,1,0.025985696706556483,0,-1.0,1.0,2.0,1,0,0,0
null,512,239,1,0.0,1,0.025985696706556483,0,-1.0,1.0,2.0,1,0,0,0
null,512,240,1,0.0,1,0.025985696706556483,0,-1.0,1.0,2.0,1,0,0,0
null,512,241,1,0.0,1,0.02598569670655637,0,-1.0,1.0,2.0,1,0,0,0
null,512,242,1,0.0,1,0.025985696706556483,0,-1.0,1.0,2.0,1,0,0,0
null,512,243,1,0.0,1,0.025985696706556483,0,-1.0,1.0,2.0,1,0,0,0
null,512,244,1,0.0,1,0.025985696706556483,0,-1.0,1.0,2.0,1,0,0,0
null,512,245,1,0.0,1,0.025985696706556483,0,-1.0,1.0,2.0,1,0,0,0
null,512,246,1,0.0,1,0.025985696706556483,0,-1.0,1.0,2.0,1,0,0,0
null,512,247,1,0.0,1,0.025985696706556483,0,-1.0,1.0,2.0,1,0,0,0
null,512,248,1,0.0,0,0.025985696706557038,0,-0.9985812385691538,0.9985812385691538,1.9971624771383076,1,0,0,0
null,512,249,1,0.0,1,0.025985696706556483,0,-1.0,1.0,2.0,1,0,0,0
null,512,250,1,0.0,1,0.025985696706556483,0,-1.0,1.0,2.0,1,0,0,0
null,512,251,1,0.0,0,0.025985696706557038,0,-0.9998218539701399,0.9998218539701399,1.9996437079402798,1,0,0,0
null,512,252,1,0.0,1,0.025985696706556483,0,-1.0,1.0,2.0,1,0,0,0
null,512,253,1,0.0,1,0.025985696706556483,0,-1.0,1.0,2.0,1,0,0,0
null,512,254,1,0.0,1,0.025985696706556483,0,-1.0,1.0,2.0,1,0,0,0
null,512,255,1,0.0,1,0.02598569670655637,0,-1.0,1.0,2.0,1,0,0,0
null,512,256,1,0.0,1,0.025985696706556483,0,-1.0,1.0,2.0,1,0,0,0
null,512,257,1,0.0,1,0.025985696706556483,0,-1.0,1.0,2.0,1,0,0,0
null,512,258,1,0.0,1,0.025985696706556483,0,-1.0,1.0,2.0,1,0,0,0
null,512,259,1,0.0,0,0.025985696706557038,0,-0.9988753350232596,0.9988753350232596,1.9977506700465193,1,0,0,0
null,512,260,1,0.0,0,0.025985696706556927,0,-0.9958533985987384,0.9958533985987384,1.991706797197477,1,0,0,0
null,512,261,1,0.0,1,0.025985696706556483,0,-1.0,1.0,2.0,1,0,0,0
null,512,262,1,0.0,1,0.025985696706556483,0,-1.0,1.0,2.0,1,0,0,0
null,512,263,1,0.0,1,0.025985696706556483,0,-1.0,1.0,2.0,1,0,0,0
null,512,264,1,0.0,1,0.025985696706556483,0,-1.0,1.0,2.0,1,0,0,0
null,512,265,1,0.0,1,0.025985696706556483,0,-1.0,1.0,2.0,1,0,0,0
null,512,266,1,0.0,1,0.025985696706556483,0,-1.0,1.0,2.0,1,0,0,0
null,512,267,1,0.0,1,0.025985696706556483,0,-1.0,1.0,2.0,1,0,0,0
null,512,268,1,0.0,1,0.025985696706556594,0,-1.0,1.0,2.0,1,0,0,0
null,512,269,1,0.0,1,0.025985696706556483,0,-1.0,1.0,2.0,1,0,0,0
null,512,270,1,0.0,1,0.025985696706556483,0,-1.0,1.0,2.0,1,0,0,0
null,512,271,1,0.0,1,0.025985696706556483,0,-1.0,1.0,2.0,1,0,0,0
null,512,272,1,0.0,1,0.025985696706556483,0,-1.0,1.0,2.0,1,0,0,0
null,512,273,1,0.0,1,0.025985696706556483,0,-1.0,1.0,2.0,1,0,0,0
null,512,274,1,0.0,1,0.025985696706556483,0,-1.0,1.0,2.0,1,0,0,0
null,512,275,1,0.0,1,0.025985696706556483,0,-1.0,1.0,2.0,1,0,0,0
null,512,276,1,0.0,1,0.025985696706556483,0,-1.0,1.0,2.0,1,0,0,0
null,512,277,1,0.0,1,0.025985696706556483,0,-1.0,1.0,2.0,1,0,0,0
null,512,278,1,0.0,1,0.025985696706557038,0,-1.0,1.0,2.0,1,0,0,0
null,512,279,1,0.0,1,0.025985696706556483,0,-1.0,1.0,2.0,1,0,0,0
null,512,280,1,0.0,1,0.025985696706556483,0,-1.0,1.0,2.0,1,0,0,0
null,512,281,1,0.0,1,0.02598569670655637,0,-1.0,1.0,2.0,1,0,0,0
null,512,282,1,0.0,1,0.025985696706556483,0,-1.0,1.0,2.0,1,0,0,0
null,512,283,1,0.0,0,0.025985696706557038,0,-0.9993184725607133,0.9993184725607133,1.9986369451214265,1,0,0,0
null,512,284,1,0.0,1,0.025985696706557038,0,-1.0,1.0,2.0,1,0,0,0
null,512,285,1,0.0,1,0.025985696706556483,0,-1.0,1.0,2.0,1,0,0,0
null,512,286,1,0.0,1,0.025985696706556483,0,-1.0,1.0,2.0,1,0,0,0
null,512,287,1,0.0,1,0.025985696706556483,0,-1.0,1.0,2.0,1,0,0,0
null,512,288,1,0.0,1,0.025985696706556483,0,-1.0,1.0,2.0,1,0,0,0
null,512,289,1,0.0,1,0.02598569670655637,0,-1.0,1.0,2.0,1,0,0,0
null,512,290,1,0.0,0,0.025985696706557038,0,-0.9903164905595903,0.9903164905595903,1.9806329811191805,1,0,0,0
null,512,291,1,0.0,1,0.025985696706556483,0,-1.0,1.0,2.0,1,0,0,0
null,512,292,1,0.0,1,0.025985696706556483,0,-1.0,1.0,2.0,1,0,0,0
null,512,293,1,0.0,1,0.025985696706556483,0,-1.0,1.0,2.0,1,0,0,0
null,512,294,1,0.0,1,0.02598569670655637,0,-1.0,1.0,2.0,1,0,0,0
null,512,295,1,0.0,1,0.025985696706556483,0,-1.0,1.0,2.0,1,0,0,0
null,512,296,1,0.0,1,0.02598569670655637,0,-1.0,1.0,2.0,1,0,0,0
null,512,297,1,0.0,0,0.025985696706557038,0,-0.9992483110449618,0.9992483110449618,1.9984966220899236,1,0,0,0
null,512,298,1,0.0,1,0.025985696706556483,0,-1.0,1.0,2.0,1,0,0,0
null,512,299,1,0.0,1,0.025985696706556483,0,-1.0,1.0,2.0,1,0,0,0
null,2048,0,1,0.0,1,0.012992848353277964,0,-1.0,1.0,2.0,1,0,0,0
null,2048,1,1,0.0,0,0.012992848353279074,0,-0.9982291758031592,0.9982291758031592,1.9964583516063183,1,0,0,0
null,2048,2,1,0.0,1,0.012992848353277964,0,-1.0,1.0,2.0,1,0,0,0
null,2048,3,1,0.0,1,0.012992848353278075,0,-1.0,1.0,2.0,1,0,0,0
null,2048,4,1,0.0,1,0.012992848353277964,0,-1.0,1.0,2.0,1,0,0,0
null,2048,5,1,0.0,1,0.012992848353278075,0,-1.0,1.0,2.0,1,0,0,0
null,2048,6,1,0.0,1,0.012992848353277964,0,-1.0,1.0,2.0,1,0,0,0
null,2048,7,1,0.0,0,0.012992848353279074,0,-0.9989818734588038,0.9989818734588038,1.9979637469176077,1,0,0,0
null,2048,8,1,0.0,1,0.012992848353277964,0,-1.0,1.0,2.0,1,0,0,0
null,2048,9,1,0.0,1,0.012992848353277964,0,-1.0,1.0,2.0,1,0,0,0
null,2048,10,1,0.0,1,0.012992848353278075,0,-1.0,1.0,2.0,1,0,0,0
null,2048,11,1,0.0,1,0.012992848353278075,0,-1.0,1.0,2.0,1,0,0,0
null,2048,12,1,0.0,1,0.012992848353277964,0,-1.0,1.0,2.0,1,0,0,0
null,2048,13,1,0.0,1,0.012992848353277964,0,-1.0,1.0,2.0,1,0,0,0
null,2048,14,1,0.0,1,0.012992848353278075,0,-1.0,1.0,2.0,1,0,0,0
null,2048,15,1,0.0,1,0.012992848353277964,0,-1.0,1.0,2.0,1,0,0,0
null,2048,16,1,0.0,1,0.012992848353277964,0,-1.0,1.0,2.0,1,0,0,0
null,2048,17,1,0.0,1,0.012992848353278075,0,-1.0,1.0,2.0,1,0,0,0
null,2048,18,1,0.0,1,0.012992848353278075,0,-1.0,1.0,2.0,1,0,0,0
null,2048,19,1,0.0,1,0.012992848353277964,0,-1.0,1.0,2.0,1,0,0,0
null,2048,20,1,0.0,1,0.012992848353277964,0,-1.0,1.0,2.0,1,0,0,0
null,2048,21,1,0.0,1,0.012992848353278075,0,-1.0,1.0,2.0,1,0,0,0
null,2048,22,1,0.0,1,0.012992848353277964,0,-1.0,1.0,2.0,1,0,0,0
null,2048,23,1,0.0,1,0.012992848353277964,0,-1.0,1.0,2.0,1,0,0,0
null,2048,24,1,0.0,1,0.012992848353277964,0,-1.0,1.0,2.0,1,0,0,0
null,2048,25,1,0.0,1,0.012992848353277964,0,-1.0,1.0,2.0,1,0,0,0
null,2048,26,1,0.0,1,0.012992848353277964,0,-1.0,1.0,2.0,1,0,0,0
null,2048,27,1,0.0,1,0.012992848353277964,0,-1.0,1.0,2.0,1,0,0,0
null,2048,28,1,0.0,1,0.012992848353278075,0,-1.0,1.0,2.0,1,0,0,0
null,2048,29,1,0.0,1,0.012992848353277853,0,-1.0,1.0,2.0,1,0,0,0
null,2048,30,1,0.0,1,0.012992848353277964,0,-1.0,1.0,2.0,1,0,0,0
null,2048,31,1,0.0,1,0.012992848353277964,0,-1.0,1.0,2.0,1,0,0,0
null,2048,32,1,0.0,1,0.012992848353277964,0,-1.0,1.0,2.0,1,0,0,0
null,2048,33,1,0.0,1,0.012992848353278075,0,-1.0,1.0,2.0,1,0,0,0
null,2048,34,1,0.0,1,0.012992848353277964,0,-1.0,1.0,2.0,1,0,0,0
null,2048,35,1,0.0,1,0.012992848353277964,0,-1.0,1.0,2.0,1,0,0,0
null,2048,36,1,0.0,1,0.012992848353277964,0,-1.0,1.0,2.0,1,0,0,0
null,2048,37,1,0.0,1,0.012992848353277964,0,-1.0,1.0,2.0,1,0,0,0
null,2048,38,1,0.0,1,0.012992848353277964,0,-1.0,1.0,2.0,1,0,0,0
null,2048,39,1,0.0,1,0.012992848353277964,0,-1.0,1.0,2.0,1,0,0,0
null,2048,40,1,0.0,1,0.012992848353277964,0,-1.0,1.0,2.0,1,0,0,0
null,2048,41,1,0.0,1,0.012992848353277964,0,-1.0,1.0,2.0,1,0,0,0
null,2048,42,1,0.0,1,0.012992848353277964,0,-1.0,1.0,2.0,1,0,0,0
null,2048,43,1,0.0,1,0.012992848353278075,0,-1.0,1.0,2.0,1,0,0,0
null,2048,44,1,0.0,1,0.012992848353277964,0,-1.0,1.0,2.0,1,0,0,0
null,2048,45,1,0.0,1,0.012992848353277964,0,-1.0,1.0,2.0,1,0,0,0
null,2048,46,1,0.0,1,0.012992848353278075,0,-1.0,1.0,2.0,1,0,0,0
null,2048,47,1,0.0,1,0.012992848353277853,0,-1.0,1.0,2.0,1,0,0,0
null,2048,48,1,0.0,1,0.012992848353278075,0,-1.0,1.0,2.0,1,0,0,0
null,2048,49,1,0.0,1,0.012992848353277964,0,-1.0,1.0,2.0,1,0,0,0
null,2048,50,1,0.0,1,0.012992848353278075,0,-1.0,1.0,2.0,1,0,0,0
null,2048,51,1,0.0,1,0.012992848353277964,0,-1.0,1.0,2.0,1,0,0,0
null,2048,52,1,0.0,0,0.012992848353279074,0,-0.9974623901151878,0.9974623901151878,1.9949247802303756,1,0,0,0
null,2048,53,1,0.0,1,0.012992848353277964,0,-1.0,1.0,2.0,1,0,0,0
null,2048,54,1,0.0,1,0.012992848353277964,0,-1.0,1.0,2.0,1,0,0,0
null,2048,55,1,0.0,0,0.012992848353279185,0,-0.9956650121750381,0.9956650121750381,1.9913300243500762,1,0,0,0
null,2048,56,1,0.0,1,0.012992848353277964,0,-1.0,1.0,2.0,1,0,0,0
null,2048,57,1,0.0,1,0.012992848353278075,0,-1.0,1.0,2.0,1,0,0,0
null,2048,58,1,0.0,1,0.012992848353278075,0,-1.0,1.0,2.0,1,0,0,0
null,2048,59,1,0.0,1,0.012992848353277964,0,-1.0,1.0,2.0,1,0,0,0
null,2048,60,1,0.0,1,0.012992848353277964,0,-1.0,1.0,2.0,1,0,0,0
null,2048,61,1,0.0,1,0.012992848353277964,0,-1.0,1.0,2.0,1,0,0,0
null,2048,62,1,0.0,1,0.012992848353277964,0,-1.0,1.0,2.0,1,0,0,0
null,2048,63,1,0.0,1,0.012992848353277964,0,-1.0,1.0,2.0,1,0,0,0
null,2048,64,1,0.0,1,0.012992848353278075,0,-1.0,1.0,2.0,1,0,0,0
null,2048,65,1,0.0,1,0.012992848353277964,0,-1.0,1.0,2.0,1,0,0,0
null,2048,66,1,0.0,1,0.012992848353277964,0,-1.0,1.0,2.0,1,0,0,0
null,2048,67,1,0.0,1,0.012992848353278075,0,-1.0,1.0,2.0,1,0,0,0
null,2048,68,1,0.0,1,0.012992848353277964,0,-1.0,1.0,2.0,1,0,0,0
null,2048,69,1,0.0,1,0.012992848353277964,0,-1.0,1.0,2.0,1,0,0,0
null,2048,70,1,0.0,1,0.012992848353278075,0,-1.0,1.0,2.0,1,0,0,0
null,2048,71,1,0.0,1,0.012992848353277964,0,-1.0,1.0,2.0,1,0,0,0
null,2048,72,1,0.0,1,0.012992848353277964,0,-1.0,1.0,2.0,1,0,0,0
null,2048,73,1,0.0,1,0.012992848353277964,0,-1.0,1.0,2.0,1,0,0,0
null,2048,74,1,0.0,1,0.012992848353277964,0,-1.0,1.0,2.0,1,0,0,0
null,2048,75,1,0.0,1,0.012992848353277964,0,-1.0,1.0,2.0,1,0,0,0
null,2048,76,1,0.0,1,0.012992848353277964,0,-1.0,1.0,2.0,1,0,0,0
null,2048,77,1,0.0,1,0.012992848353277964,0,-1.0,1.0,2.0,1,0,0,0
null,2048,78,1,0.0,1,0.012992848353277964,0,-1.0,1.0,2.0,1,0,0,0
null,2048,79,1,0.0,1,0.012992848353277964,0,-1.0,1.0,2.0,1,0,0,0
null,2048,80,1,0.0,1,0.012992848353277964,0,-1.0,1.0,2.0,1,0,0,0
null,2048,81,1,0.0,1,0.012992848353277853,0,-1.0,1.0,2.0,1,0,0,0
null,2048,82,1,0.0,1,0.012992848353277964,0,-1.0,1.0,2.0,1,0,0,0
null,2048,83,1,0.0,1,0.012992848353277964,0,-1.0,1.0,2.0,1,0,0,0
null,2048,84,1,0.0,1,0.012992848353278075,0,-1.0,1.0,2.0,1,0,0,0
null,2048,85,1,0.0,1,0.012992848353279074,0,-1.0,1.0,2.0,1,0,0,0
null,2048,86,1,0.0,1,0.012992848353277964,0,-1.0,1.0,2.0,1,0,0,0
null,2048,87,1,0.0,1,0.012992848353277964,0,-1.0,1.0,2.0,1,0,0,0
null,2048,88,1,0.0,1,0.012992848353277964,0,-1.0,1.0,2.0,1,0,0,0
null,2048,89,1,0.0,1,0.012992848353277853,0,-1.0,1.0,2.0,1,0,0,0
null,2048,90,1,0.0,1,0.012992848353277964,0,-1.0,1.0,2.0,1,0,0,0
null,2048,91,1,0.0,1,0.012992848353277964,0,-1.0,1.0,2.0,1,0,0,0
null,2048,92,1,0.0,0,0.012992848353279074,0,-0.9997204905873978,0.9997204905873978,1.9994409811747955,1,0,0,0
null,2048,93,1,0.0,1,0.012992848353277964,0,-1.0,1.0,2.0,1,0,0,0
null,2048,94,1,0.0,1,0.012992848353277964,0,-1.0,1.0,2.0,1,0,0,0
null,2048,95,1,0.0,1,0.012992848353277964,0,-1.0,1.0,2.0,1,0,0,0
null,2048,96,1,0.0,1,0.012992848353277964,0,-1.0,1.0,2.0,1,0,0,0
null,2048,97,1,0.0,1,0.012992848353277964,0,-1.0,1.0,2.0,1,0,0,0
null,2048,98,1,0.0,1,0.012992848353278075,0,-1.0,1.0,2.0,1,0,0,0
null,2048,99,1,0.0,1,0.012992848353278075,0,-1.0,1.0,2.0,1,0,0,0
null,2048,100,1,0.0,1,0.012992848353277964,0,-1.0,1.0,2.0,1,0,0,0
null,2048,101,1,0.0,1,0.012992848353277964,0,-1.0,1.0,2.0,1,0,0,0
null,2048,102,1,0.0,1,0.012992848353277964,0,-1.0,1.0,2.0,1,0,0,0
null,2048,103,1,0.0,1,0.012992848353278075,0,-1.0,1.0,2.0,1,0,0,0
null,2048,104,1,0.0,1,0.012992848353277964,0,-1.0,1.0,2.0,1,0,0,0
null,2048,105,1,0.0,1,0.012992848353278075,0,-1.0,1.0,2.0,1,0,0,0
null,2048,106,1,0.0,1,0.012992848353277964,0,-1.0,1.0,2.0,1,0,0,0
null,2048,107,1,0.0,1,0.012992848353277964,0,-1.0,1.0,2.0,1,0,0,0
null,2048,108,1,0.0,1,0.012992848353277964,0,-1.0,1.0,2.0,1,0,0,0
null,2048,109,1,0.0,1,0.012992848353277964,0,-1.0,1.0,2.0,1,0,0,0
null,2048,110,1,0.0,1,0.012992848353277964,0,-1.0,1.0,2.0,1,0,0,0
null,2048,111,1,0.0,1,0.012992848353278075,0,-1.0,1.0,2.0,1,0,0,0
null,2048,112,1,0.0,1,0.012992848353277964,0,-1.0,1.0,2.0,1,0,0,0
null,2048,113,1,0.0,1,0.012992848353277964,0,-1.0,1.0,2.0,1,0,0,0
null,2048,114,1,0.0,1,0.012992848353278075,0,-1.0,1.0,2.0,1,0,0,0
null,2048,115,1,0.0,1,0.012992848353277964,0,-1.0,1.0,2.0,1,0,0,0
null,2048,116,1,0.0,0,0.012992848353279074,0,-0.9980632043698838,0.9980632043698838,1.9961264087397677,1,0,0,0
null,2048,117,1,0.0,1,0.012992848353278075,0,-1.0,1.0,2.0,1,0,0,0
null,2048,118,1,0.0,1,0.012992848353277964,0,-1.0,1.0,2.0,1,0,0,0
null,2048,119,1,0.0,1,0.012992848353277964,0,-1.0,1.0,2.0,1,0,0,0
null,2048,120,1,0.0,1,0.012992848353277964,0,-1.0,1.0,2.0,1,0,0,0
null,2048,121,1,0.0,1,0.012992848353278075,0,-1.0,1.0,2.0,1,0,0,0
null,2048,122,1,0.0,1,0.012992848353277964,0,-1.0,1.0,2.0,1,0,0,0
null,2048,123,1,0.0,1,0.012992848353278075,0,-1.0,1.0,2.0,1,0,0,0
null,2048,124,1,0.0,1,0.012992848353277964,0,-1.0,1.0,2.0,1,0,0,0
null,2048,125,1,0.0,1,0.012992848353277964,0,-1.0,1.0,2.0,1,0,0,0
null,2048,126,1,0.0,1,0.012992848353278075,0,-1.0,1.0,2.0,1,0,0,0
null,2048,127,1,0.0,1,0.012992848353277964,0,-1.0,1.0,2.0,1,0,0,0
null,2048,128,1,0.0,1,0.012992848353277964,0,-1.0,1.0,2.0,1,0,0,0
null,2048,129,1,0.0,1,0.012992848353277964,0,-1.0,1.0,2.0,1,0,0,0
null,2048,130,1,0.0,1,0.012992848353277964,0,-1.0,1.0,2.0,1,0,0,0
null,2048,131,1,0.0,1,0.012992848353277853,0,-1.0,1.0,2.0,1,0,0,0
null,2048,132,1,0.0,1,0.012992848353277964,0,-1.0,1.0,2.0,1,0,0,0
null,2048,133,1,0.0,1,0.012992848353278075,0,-1.0,1.0,2.0,1,0,0,0
null,2048,134,1,0.0,1,0.012992848353277964,0,-1.0,1.0,2.0,1,0,0,0
null,2048,135,1,0.0,1,0.012992848353277964,0,-1.0,1.0,2.0,1,0,0,0
null,2048,136,1,0.0,1,0.012992848353277964,0,-1.0,1.0,2.0,1,0,0,0
null,2048,137,1,0.0,1,0.012992848353277964,0,-1.0,1.0,2.0,1,0,0,0
null,2048,138,1,0.0,1,0.012992848353277964,0,-1.0,1.0,2.0,1,0,0,0
null,2048,139,1,0.0,1,0.012992848353277853,0,-1.0,1.0,2.0,1,0,0,0
null,2048,140,1,0.0,1,0.012992848353277964,0,-1.0,1.0,2.0,1,0,0,0
null,2048,141,1,0.0,1,0.012992848353277964,0,-1.0,1.0,2.0,1,0,0,0
null,2048,142,1,0.0,1,0.012992848353278075,0,-1.0,1.0,2.0,1,0,0,0
null,2048,143,1,0.0,1,0.012992848353278075,0,-1.0,1.0,2.0,1,0,0,0
null,2048,144,1,0.0,1,0.012992848353277964,0,-1.0,1.0,2.0,1,0,0,0
null,2048,145,1,0.0,1,0.012992848353277964,0,-1.0,1.0,2.0,1,0,0,0
null,2048,146,1,0.0,1,0.012992848353279074,0,-1.0,1.0,2.0,1,0,0,0
null,2048,147,1,0.0,1,0.012992848353277964,0,-1.0,1.0,2.0,1,0,0,0
null,2048,148,1,0.0,1,0.012992848353277964,0,-1.0,1.0,2.0,1,0,0,0
null,2048,149,1,0.0,1,0.012992848353277964,0,-1.0,1.0,2.0,1,0,0,0
null,2048,150,1,0.0,1,0.012992848353277964,0,-1.0,1.0,2.0,1,0,0,0
null,2048,151,1,0.0,1,0.012992848353277964,0,-1.0,1.0,2.0,1,0,0,0
null,2048,152,1,0.0,1,0.012992848353277964,0,-1.0,1.0,2.0,1,0,0,0
null,2048,153,1,0.0,1,0.012992848353277964,0,-1.0,1.0,2.0,1,0,0,0
null,2048,154,1,0.0,1,0.012992848353277964,0,-1.0,1.0,2.0,1,0,0,0
null,2048,155,1,0.0,1,0.012992848353277964,0,-1.0,1.0,2.0,1,0,0,0
null,2048,156,1,0.0,0,0.012992848353281183,0,-0.9960670543436005,0.9960670543436005,1.992134108687201,1,0,0,0
null,2048,157,1,0.0,1,0.012992848353277853,0,-1.0,1.0,2.0,1,0,0,0
null,2048,158,1,0.0,1,0.012992848353277964,0,-1.0,1.0,2.0,1,0,0,0
null,2048,159,1,0.0,1,0.012992848353277964,0,-1.0,1.0,2.0,1,0,0,0
null,2048,160,1,0.0,1,0.012992848353277964,0,-1.0,1.0,2.0,1,0,0,0
null,2048,161,1,0.0,1,0.012992848353277964,0,-1.0,1.0,2.0,1,0,0,0
null,2048,162,1,0.0,1,0.012992848353278075,0,-1.0,1.0,2.0,1,0,0,0
null,2048,163,1,0.0,1,0.012992848353277964,0,-1.0,1.0,2.0,1,0,0,0
null,2048,164,1,0.0,1,0.012992848353278075,0,-1.0,1.0,2.0,1,0,0,0
null,2048,165,1,0.0,1,0.012992848353277964,0,-1.0,1.0,2.0,1,0,0,0
null,2048,166,1,0.0,1,0.012992848353277964,0,-1.0,1.0,2.0,1,0,0,0
null,2048,167,1,0.0,1,0.012992848353278075,0,-1.0,1.0,2.0,1,0,0,0
null,2048,168,1,0.0,1,0.012992848353277964,0,-1.0,1.0,2.0,1,0,0,0
null,2048,169,1,0.0,1,0.012992848353277964,0,-1.0,1.0,2.0,1,0,0,0
null,2048,170,1,0.0,1,0.012992848353278075,0,-1.0,1.0,2.0,1,0,0,0
null,2048,171,1,0.0,1,0.012992848353277964,0,-1.0,1.0,2.0,1,0,0,0
null,2048,172,1,0.0,1,0.012992848353278075,0,-1.0,1.0,2.0,1,0,0,0
null,2048,173,1,0.0,1,0.012992848353277964,0,-1.0,1.0,2.0,1,0,0,0
null,2048,174,1,0.0,1,0.012992848353278075,0,-1.0,1.0,2.0,1,0,0,0
null,2048,175,1,0.0,1,0.012992848353277964,0,-1.0,1.0,2.0,1,0,0,0
null,2048,176,1,0.0,1,0.012992848353277964,0,-1.0,1.0,2.0,1,0,0,0
null,2048,177,1,0.0,1,0.012992848353278075,0,-1.0,1.0,2.0,1,0,0,0
null,2048,178,1,0.0,1,0.012992848353277964,0,-1.0,1.0,2.0,1,0,0,0
null,2048,179,1,0.0,1,0.012992848353277964,0,-1.0,1.0,2.0,1,0,0,0
null,2048,180,1,0.0,1,0.012992848353277964,0,-1.0,1.0,2.0,1,0,0,0
null,2048,181,1,0.0,1,0.012992848353277964,0,-1.0,1.0,2.0,1,0,0,0
null,2048,182,1,0.0,1,0.012992848353277964,0,-1.0,1.0,2.0,1,0,0,0
null,2048,183,1,0.0,1,0.012992848353278075,0,-1.0,1.0,2.0,1,0,0,0
null,2048,184,1,0.0,1,0.012992848353277964,0,-1.0,1.0,2.0,1,0,0,0
null,2048,185,1,0.0,1,0.012992848353277964,0,-1.0,1.0,2.0,1,0,0,0
null,2048,186,1,0.0,1,0.012992848353277964,0,-1.0,1.0,2.0,1,0,0,0
null,2048,187,1,0.0,1,0.012992848353278075,0,-1.0,1.0,2.0,1,0,0,0
null,2048,188,1,0.0,1,0.012992848353277964,0,-1.0,1.0,2.0,1,0,0,0
null,2048,189,1,0.0,1,0.012992848353278075,0,-1.0,1.0,2.0,1,0,0,0
null,2048,190,1,0.0,1,0.012992848353277964,0,-1.0,1.0,2.0,1,0,0,0
null,2048,191,1,0.0,1,0.012992848353278075,0,-1.0,1.0,2.0,1,0,0,0
null,2048,192,1,0.0,1,0.012992848353277964,0,-1.0,1.0,2.0,1,0,0,0
null,2048,193,1,0.0,1,0.012992848353277964,0,-1.0,1.0,2.0,1,0,0,0
null,2048,194,1,0.0,1,0.012992848353277964,0,-1.0,1.0,2.0,1,0,0,0
null,2048,195,1,0.0,1,0.012992848353277964,0,-1.0,1.0,2.0,1,0,0,0
null,2048,196,1,0.0,1,0.012992848353278075,0,-1.0,1.0,2.0,1,0,0,0
null,2048,197,1,0.0,1,0.012992848353277964,0,-1.0,1.0,2.0,1,0,0,0
null,2048,198,1,0.0,1,0.012992848353277964,0,-1.0,1.0,2.0,1,0,0,0
null,2048,199,1,0.0,1,0.012992848353278075,0,-1.0,1.0,2.0,1,0,0,0
null,2048,200,1,0.0,1,0.012992848353277853,0,-1.0,1.0,2.0,1,0,0,0
null,2048,201,1,0.0,1,0.012992848353277964,0,-1.0,1.0,2.0,1,0,0,0
null,2048,202,1,0.0,1,0.012992848353277964,0,-1.0,1.0,2.0,1,0,0,0
null,2048,203,1,0.0,1,0.012992848353278075,0,-1.0,1.0,2.0,1,0,0,0
null,2048,204,1,0.0,1,0.012992848353277964,0,-1.0,1.0,2.0,1,0,0,0
null,2048,205,1,0.0,1,0.012992848353277964,0,-1.0,1.0,2.0,1,0,0,0
null,2048,206,1,0.0,1,0.012992848353278075,0,-1.0,1.0,2.0,1,0,0,0
null,2048,207,1,0.0,1,0.012992848353278075,0,-1.0,1.0,2.0,1,0,0,0
null,2048,208,1,0.0,1,0.012992848353277964,0,-1.0,1.0,2.0,1,0,0,0
null,2048,209,1,0.0,1,0.012992848353277964,0,-1.0,1.0,2.0,1,0,0,0
null,2048,210,1,0.0,1,0.012992848353277964,0,-1.0,1.0,2.0,1,0,0,0
null,2048,211,1,0.0,1,0.012992848353277964,0,-1.0,1.0,2.0,1,0,0,0
null,2048,212,1,0.0,1,0.012992848353278075,0,-1.0,1.0,2.0,1,0,0,0
null,2048,213,1,0.0,1,0.012992848353277964,0,-1.0,1.0,2.0,1,0,0,0
null,2048,214,1,0.0,1,0.012992848353277964,0,-1.0,1.0,2.0,1,0,0,0
null,2048,215,1,0.0,1,0.012992848353277964,0,-1.0,1.0,2.0,1,0,0,0
null,2048,216,1,0.0,1,0.012992848353277964,0,-1.0,1.0,2.0,1,0,0,0
null,2048,217,1,0.0,1,0.012992848353278075,0,-1.0,1.0,2.0,1,0,0,0
null,2048,218,1,0.0,0,0.012992848353279074,0,-0.9967204769204847,0.9967204769204847,1.9934409538409694,1,0,0,0
null,2048,219,1,0.0,1,0.012992848353277964,0,-1.0,1.0,2.0,1,0,0,0
null,2048,220,1,0.0,1,0.012992848353277964,0,-1.0,1.0,2.0,1,0,0,0
null,2048,221,1,0.0,1,0.012992848353277964,0,-1.0,1.0,2.0,1,0,0,0
null,2048,222,1,0.0,1,0.012992848353277964,0,-1.0,1.0,2.0,1,0,0,0
null,2048,223,1,0.0,1,0.012992848353278075,0,-1.0,1.0,2.0,1,0,0,0
null,2048,224,1,0.0,1,0.012992848353277964,0,-1.0,1.0,2.0,1,0,0,0
null,2048,225,1,0.0,1,0.012992848353277964,0,-1.0,1.0,2.0,1,0,0,0
null,2048,226,1,0.0,1,0.012992848353278075,0,-1.0,1.0,2.0,1,0,0,0
null,2048,227,1,0.0,1,0.012992848353277964,0,-1.0,1.0,2.0,1,0,0,0
null,2048,228,1,0.0,1,0.012992848353278075,0,-1.0,1.0,2.0,1,0,0,0
null,2048,229,1,0.0,1,0.012992848353278075,0,-1.0,1.0,2.0,1,0,0,0
null,2048,230,1,0.0,1,0.012992848353277964,0,-1.0,1.0,2.0,1,0,0,0
null,2048,231,1,0.0,1,0.012992848353278075,0,-1.0,1.0,2.0,1,0,0,0
null,2048,232,1,0.0,1,0.012992848353277964,0,-1.0,1.0,2.0,1,0,0,0
null,2048,233,1,0.0,1,0.012992848353277964,0,-1.0,1.0,2.0,1,0,0,0
null,2048,234,1,0.0,1,0.012992848353278075,0,-1.0,1.0,2.0,1,0,0,0
null,2048,235,1,0.0,1,0.012992848353277964,0,-1.0,1.0,2.0,1,0,0,0
null,2048,236,1,0.0,1,0.012992848353277964,0,-1.0,1.0,2.0,1,0,0,0
null,2048,237,1,0.0,1,0.012992848353277964,0,-1.0,1.0,2.0,1,0,0,0
null,2048,238,1,0.0,1,0.012992848353278075,0,-1.0,1.0,2.0,1,0,0,0
null,2048,239,1,0.0,1,0.012992848353277964,0,-1.0,1.0,2.0,1,0,0,0
null,2048,240,1,0.0,1,0.012992848353277964,0,-1.0,1.0,2.0,1,0,0,0
null,2048,241,1,0.0,1,0.012992848353277853,0,-1.0,1.0,2.0,1,0,0,0
null,2048,242,1,0.0,1,0.012992848353277964,0,-1.0,1.0,2.0,1,0,0,0
null,2048,243,1,0.0,1,0.012992848353278075,0,-1.0,1.0,2.0,1,0,0,0
null,2048,244,1,0.0,1,0.012992848353278075,0,-1.0,1.0,2.0,1,0,0,0
null,2048,245,1,0.0,1,0.012992848353278075,0,-1.0,1.0,2.0,1,0,0,0
null,2048,246,1,0.0,1,0.012992848353277964,0,-1.0,1.0,2.0,1,0,0,0
null,2048,247,1,0.0,1,0.012992848353277964,0,-1.0,1.0,2.0,1,0,0,0
null,2048,248,1,0.0,1,0.012992848353278075,0,-1.0,1.0,2.0,1,0,0,0
null,2048,249,1,0.0,1,0.012992848353277964,0,-1.0,1.0,2.0,1,0,0,0
null,2048,250,1,0.0,1,0.012992848353277964,0,-1.0,1.0,2.0,1,0,0,0
null,2048,251,1,0.0,1,0.012992848353277964,0,-1.0,1.0,2.0,1,0,0,0
null,2048,252,1,0.0,1,0.012992848353278075,0,-1.0,1.0,2.0,1,0,0,0
null,2048,253,1,0.0,1,0.012992848353278075,0,-1.0,1.0,2.0,1,0,0,0
null,2048,254,1,0.0,1,0.012992848353278075,0,-1.0,1.0,2.0,1,0,0,0
null,2048,255,1,0.0,1,0.012992848353277964,0,-1.0,1.0,2.0,1,0,0,0
null,2048,256,1,0.0,1,0.012992848353277964,0,-1.0,1.0,2.0,1,0,0,0
null,2048,257,1,0.0,1,0.012992848353277964,0,-1.0,1.0,2.0,1,0,0,0
null,2048,258,1,0.0,0,0.012992848353279074,0,-0.9983662632447108,0.9983662632447108,1.9967325264894216,1,0,0,0
null,2048,259,1,0.0,1,0.012992848353278075,0,-1.0,1.0,2.0,1,0,0,0
null,2048,260,1,0.0,1,0.012992848353278075,0,-1.0,1.0,2.0,1,0,0,0
null,2048,261,1,0.0,1,0.012992848353277964,0,-1.0,1.0,2.0,1,0,0,0
null,2048,262,1,0.0,1,0.012992848353278075,0,-1.0,1.0,2.0,1,0,0,0
null,2048,263,1,0.0,0,0.012992848353279074,0,-0.9988237873203429,0.9988237873203429,1.9976475746406859,1,0,0,0
null,2048,264,1,0.0,1,0.012992848353277964,0,-1.0,1.0,2.0,1,0,0,0
null,2048,265,1,0.0,1,0.012992848353277964,0,-1.0,1.0,2.0,1,0,0,0
null,2048,266,1,0.0,1,0.012992848353277964,0,-1.0,1.0,2.0,1,0,0,0
null,2048,267,1,0.0,1,0.012992848353277964,0,-1.0,1.0,2.0,1,0,0,0
null,2048,268,1,0.0,1,0.012992848353277964,0,-1.0,1.0,2.0,1,0,0,0
null,2048,269,1,0.0,1,0.012992848353277964,0,-1.0,1.0,2.0,1,0,0,0
null,2048,270,1,0.0,1,0.012992848353277964,0,-1.0,1.0,2.0,1,0,0,0
null,2048,271,1,0.0,1,0.012992848353277964,0,-1.0,1.0,2.0,1,0,0,0
null,2048,272,1,0.0,1,0.012992848353277964,0,-1.0,1.0,2.0,1,0,0,0
null,2048,273,1,0.0,1,0.012992848353278075,0,-1.0,1.0,2.0,1,0,0,0
null,2048,274,1,0.0,1,0.012992848353278075,0,-1.0,1.0,2.0,1,0,0,0
null,2048,275,1,0.0,1,0.012992848353277964,0,-1.0,1.0,2.0,1,0,0,0
null,2048,276,1,0.0,1,0.012992848353277964,0,-1.0,1.0,2.0,1,0,0,0
null,2048,277,1,0.0,1,0.012992848353277964,0,-1.0,1.0,2.0,1,0,0,0
null,2048,278,1,0.0,1,0.012992848353277964,0,-1.0,1.0,2.0,1,0,0,0
null,2048,279,1,0.0,1,0.012992848353278075,0,-1.0,1.0,2.0,1,0,0,0
null,2048,280,1,0.0,0,0.012992848353279074,0,-0.9973249143672582,0.9973249143672582,1.9946498287345165,1,0,0,0
null,2048,281,1,0.0,1,0.012992848353278075,0,-1.0,1.0,2.0,1,0,0,0
null,2048,282,1,0.0,1,0.012992848353277964,0,-1.0,1.0,2.0,1,0,0,0
null,2048,283,1,0.0,0,0.012992848353279074,0,-0.9984001015631752,0.9984001015631752,1.9968002031263503,1,0,0,0
null,2048,284,1,0.0,0,0.012992848353279074,0,-0.9978650876370121,0.9978650876370121,1.9957301752740242,1,0,0,0
null,2048,285,1,0.0,1,0.012992848353277964,0,-1.0,1.0,2.0,1,0,0,0
null,2048,286,1,0.0,1,0.012992848353277964,0,-1.0,1.0,2.0,1,0,0,0
null,2048,287,1,0.0,1,0.012992848353277964,0,-1.0,1.0,2.0,1,0,0,0
null,2048,288,1,0.0,1,0.012992848353277964,0,-1.0,1.0,2.0,1,0,0,0
null,2048,289,1,0.0,1,0.012992848353275965,0,-1.0,1.0,2.0,1,0,0,0
null,2048,290,1,0.0,1,0.012992848353278075,0,-1.0,1.0,2.0,1,0,0,0
null,2048,291,1,0.0,1,0.012992848353278075,0,-1.0,1.0,2.0,1,0,0,0
null,2048,292,1,0.0,1,0.012992848353277964,0,-1.0,1.0,2.0,1,0,0,0
null,2048,293,1,0.0,1,0.012992848353278075,0,-1.0,1.0,2.0,1,0,0,0
null,2048,294,1,0.0,1,0.012992848353277964,0,-1.0,1.0,2.0,1,0,0,0
null,2048,295,1,0.0,1,0.012992848353277964,0,-1.0,1.0,2.0,1,0,0,0
null,2048,296,1,0.0,1,0.012992848353277853,0,-1.0,1.0,2.0,1,0,0,0
null,2048,297,1,0.0,1,0.012992848353277964,0,-1.0,1.0,2.0,1,0,0,0
null,2048,298,1,0.0,1,0.012992848353277964,0,-1.0,1.0,2.0,1,0,0,0
null,2048,299,1,0.0,1,0.012992848353277964,0,-1.0,1.0,2.0,1,0,0,0
null,8192,0,1,0.0,1,0.006496424176640536,0,-1.0,1.0,2.0,1,0,0,0
null,8192,1,1,0.0,1,0.006496424176640536,0,-1.0,1.0,2.0,1,0,0,0
null,8192,2,1,0.0,1,0.006496424176640647,0,-1.0,1.0,2.0,1,0,0,0
null,8192,3,1,0.0,1,0.006496424176640647,0,-1.0,1.0,2.0,1,0,0,0
null,8192,4,1,0.0,1,0.006496424176640536,0,-1.0,1.0,2.0,1,0,0,0
null,8192,5,1,0.0,1,0.006496424176640536,0,-1.0,1.0,2.0,1,0,0,0
null,8192,6,1,0.0,1,0.006496424176640647,0,-1.0,1.0,2.0,1,0,0,0
null,8192,7,1,0.0,1,0.006496424176640536,0,-1.0,1.0,2.0,1,0,0,0
null,8192,8,1,0.0,1,0.006496424176640536,0,-1.0,1.0,2.0,1,0,0,0
null,8192,9,1,0.0,1,0.006496424176640647,0,-1.0,1.0,2.0,1,0,0,0
null,8192,10,1,0.0,1,0.006496424176638538,0,-1.0,1.0,2.0,1,0,0,0
null,8192,11,1,0.0,0,0.006496424176640647,0,-0.9976621644140924,0.9976621644140924,1.9953243288281848,1,0,0,0
null,8192,12,1,0.0,1,0.006496424176640647,0,-1.0,1.0,2.0,1,0,0,0
null,8192,13,1,0.0,1,0.006496424176640536,0,-1.0,1.0,2.0,1,0,0,0
null,8192,14,1,0.0,1,0.006496424176640647,0,-1.0,1.0,2.0,1,0,0,0
null,8192,15,1,0.0,1,0.006496424176640647,0,-1.0,1.0,2.0,1,0,0,0
null,8192,16,1,0.0,1,0.006496424176640536,0,-1.0,1.0,2.0,1,0,0,0
null,8192,17,1,0.0,1,0.006496424176640647,0,-1.0,1.0,2.0,1,0,0,0
null,8192,18,1,0.0,1,0.006496424176640647,0,-1.0,1.0,2.0,1,0,0,0
null,8192,19,1,0.0,1,0.006496424176640647,0,-1.0,1.0,2.0,1,0,0,0
null,8192,20,1,0.0,1,0.006496424176640536,0,-1.0,1.0,2.0,1,0,0,0
null,8192,21,1,0.0,1,0.006496424176640536,0,-1.0,1.0,2.0,1,0,0,0
null,8192,22,1,0.0,1,0.006496424176640647,0,-1.0,1.0,2.0,1,0,0,0
null,8192,23,1,0.0,1,0.006496424176640647,0,-1.0,1.0,2.0,1,0,0,0
null,8192,24,1,0.0,1,0.006496424176640647,0,-1.0,1.0,2.0,1,0,0,0
null,8192,25,1,0.0,1,0.006496424176640536,0,-1.0,1.0,2.0,1,0,0,0
null,8192,26,1,0.0,1,0.006496424176640647,0,-1.0,1.0,2.0,1,0,0,0
null,8192,27,1,0.0,1,0.006496424176640647,0,-1.0,1.0,2.0,1,0,0,0
null,8192,28,1,0.0,1,0.006496424176640647,0,-1.0,1.0,2.0,1,0,0,0
null,8192,29,1,0.0,1,0.006496424176640647,0,-1.0,1.0,2.0,1,0,0,0
null,8192,30,1,0.0,1,0.006496424176640536,0,-1.0,1.0,2.0,1,0,0,0
null,8192,31,1,0.0,1,0.006496424176640647,0,-1.0,1.0,2.0,1,0,0,0
null,8192,32,1,0.0,1,0.006496424176640647,0,-1.0,1.0,2.0,1,0,0,0
null,8192,33,1,0.0,1,0.006496424176640647,0,-1.0,1.0,2.0,1,0,0,0
null,8192,34,1,0.0,1,0.006496424176640647,0,-1.0,1.0,2.0,1,0,0,0
null,8192,35,1,0.0,1,0.006496424176640536,0,-1.0,1.0,2.0,1,0,0,0
null,8192,36,1,0.0,1,0.006496424176638538,0,-1.0,1.0,2.0,1,0,0,0
null,8192,37,1,0.0,0,0.006496424176640647,0,-0.9997392659428508,0.9997392659428508,1.9994785318857016,1,0,0,0
null,8192,38,1,0.0,1,0.006496424176640536,0,-1.0,1.0,2.0,1,0,0,0
null,8192,39,1,0.0,1,0.006496424176640536,0,-1.0,1.0,2.0,1,0,0,0
null,8192,40,1,0.0,1,0.006496424176640647,0,-1.0,1.0,2.0,1,0,0,0
null,8192,41,1,0.0,1,0.006496424176640647,0,-1.0,1.0,2.0,1,0,0,0
null,8192,42,1,0.0,1,0.006496424176640758,0,-1.0,1.0,2.0,1,0,0,0
null,8192,43,1,0.0,1,0.006496424176640536,0,-1.0,1.0,2.0,1,0,0,0
null,8192,44,1,0.0,1,0.006496424176640647,0,-1.0,1.0,2.0,1,0,0,0
null,8192,45,1,0.0,1,0.006496424176640536,0,-1.0,1.0,2.0,1,0,0,0
null,8192,46,1,0.0,1,0.006496424176640647,0,-1.0,1.0,2.0,1,0,0,0
null,8192,47,1,0.0,1,0.006496424176640536,0,-1.0,1.0,2.0,1,0,0,0
null,8192,48,1,0.0,1,0.006496424176640647,0,-1.0,1.0,2.0,1,0,0,0
null,8192,49,1,0.0,1,0.006496424176640647,0,-1.0,1.0,2.0,1,0,0,0
null,8192,50,1,0.0,1,0.006496424176640647,0,-1.0,1.0,2.0,1,0,0,0
null,8192,51,1,0.0,1,0.006496424176640536,0,-1.0,1.0,2.0,1,0,0,0
null,8192,52,1,0.0,1,0.006496424176640536,0,-1.0,1.0,2.0,1,0,0,0
null,8192,53,1,0.0,1,0.006496424176640536,0,-1.0,1.0,2.0,1,0,0,0
null,8192,54,1,0.0,1,0.006496424176640647,0,-1.0,1.0,2.0,1,0,0,0
null,8192,55,1,0.0,1,0.006496424176640536,0,-1.0,1.0,2.0,1,0,0,0
null,8192,56,1,0.0,1,0.006496424176640647,0,-1.0,1.0,2.0,1,0,0,0
null,8192,57,1,0.0,1,0.006496424176640647,0,-1.0,1.0,2.0,1,0,0,0
null,8192,58,1,0.0,1,0.006496424176640647,0,-1.0,1.0,2.0,1,0,0,0
null,8192,59,1,0.0,1,0.006496424176640536,0,-1.0,1.0,2.0,1,0,0,0
null,8192,60,1,0.0,1,0.006496424176640536,0,-1.0,1.0,2.0,1,0,0,0
null,8192,61,1,0.0,1,0.006496424176640647,0,-1.0,1.0,2.0,1,0,0,0
null,8192,62,1,0.0,1,0.006496424176640647,0,-1.0,1.0,2.0,1,0,0,0
null,8192,63,1,0.0,1,0.006496424176640536,0,-1.0,1.0,2.0,1,0,0,0
null,8192,64,1,0.0,1,0.006496424176640647,0,-1.0,1.0,2.0,1,0,0,0
null,8192,65,1,0.0,1,0.006496424176640647,0,-1.0,1.0,2.0,1,0,0,0
null,8192,66,1,0.0,1,0.006496424176640536,0,-1.0,1.0,2.0,1,0,0,0
null,8192,67,1,0.0,1,0.006496424176640536,0,-1.0,1.0,2.0,1,0,0,0
null,8192,68,1,0.0,1,0.006496424176640647,0,-1.0,1.0,2.0,1,0,0,0
null,8192,69,1,0.0,1,0.006496424176640647,0,-1.0,1.0,2.0,1,0,0,0
null,8192,70,1,0.0,1,0.006496424176640536,0,-1.0,1.0,2.0,1,0,0,0
null,8192,71,1,0.0,1,0.006496424176640647,0,-1.0,1.0,2.0,1,0,0,0
null,8192,72,1,0.0,1,0.006496424176640647,0,-1.0,1.0,2.0,1,0,0,0
null,8192,73,1,0.0,0,0.006496424176640647,0,-0.9986668175519711,0.9986668175519711,1.9973336351039421,1,0,0,0
null,8192,74,1,0.0,1,0.006496424176640536,0,-1.0,1.0,2.0,1,0,0,0
null,8192,75,1,0.0,0,0.006496424176640647,0,-0.9969250206757299,0.9969250206757299,1.9938500413514597,1,0,0,0
null,8192,76,1,0.0,1,0.006496424176640647,0,-1.0,1.0,2.0,1,0,0,0
null,8192,77,1,0.0,1,0.006496424176640536,0,-1.0,1.0,2.0,1,0,0,0
null,8192,78,1,0.0,0,0.006496424176640647,0,-0.9988293621824831,0.9988293621824831,1.9976587243649662,1,0,0,0
null,8192,79,1,0.0,1,0.006496424176640647,0,-1.0,1.0,2.0,1,0,0,0
null,8192,80,1,0.0,1,0.006496424176640647,0,-1.0,1.0,2.0,1,0,0,0
null,8192,81,1,0.0,1,0.006496424176640647,0,-1.0,1.0,2.0,1,0,0,0
null,8192,82,1,0.0,1,0.006496424176640647,0,-1.0,1.0,2.0,1,0,0,0
null,8192,83,1,0.0,1,0.006496424176640647,0,-1.0,1.0,2.0,1,0,0,0
null,8192,84,1,0.0,1,0.006496424176640647,0,-1.0,1.0,2.0,1,0,0,0
null,8192,85,1,0.0,1,0.006496424176640536,0,-1.0,1.0,2.0,1,0,0,0
null,8192,86,1,0.0,1,0.006496424176638538,0,-1.0,1.0,2.0,1,0,0,0
null,8192,87,1,0.0,1,0.006496424176640536,0,-1.0,1.0,2.0,1,0,0,0
null,8192,88,1,0.0,1,0.006496424176640647,0,-1.0,1.0,2.0,1,0,0,0
null,8192,89,1,0.0,1,0.006496424176636317,0,-1.0,1.0,2.0,1,0,0,0
null,8192,90,1,0.0,1,0.006496424176640647,0,-1.0,1.0,2.0,1,0,0,0
null,8192,91,1,0.0,0,0.006496424176640647,0,-0.997180374926701,0.997180374926701,1.994360749853402,1,0,0,0
null,8192,92,1,0.0,1,0.006496424176640536,0,-1.0,1.0,2.0,1,0,0,0
null,8192,93,1,0.0,1,0.006496424176640647,0,-1.0,1.0,2.0,1,0,0,0
null,8192,94,1,0.0,0,0.006496424176640647,0,-0.9999057152429063,0.9999057152429063,1.9998114304858126,1,0,0,0
null,8192,95,1,0.0,1,0.006496424176640536,0,-1.0,1.0,2.0,1,0,0,0
null,8192,96,1,0.0,1,0.006496424176640647,0,-1.0,1.0,2.0,1,0,0,0
null,8192,97,1,0.0,1,0.006496424176640647,0,-1.0,1.0,2.0,1,0,0,0
null,8192,98,1,0.0,1,0.006496424176640536,0,-1.0,1.0,2.0,1,0,0,0
null,8192,99,1,0.0,1,0.006496424176640536,0,-1.0,1.0,2.0,1,0,0,0
null,8192,100,1,0.0,1,0.006496424176640647,0,-1.0,1.0,2.0,1,0,0,0
null,8192,101,1,0.0,1,0.006496424176640647,0,-1.0,1.0,2.0,1,0,0,0
null,8192,102,1,0.0,1,0.006496424176640536,0,-1.0,1.0,2.0,1,0,0,0
null,8192,103,1,0.0,1,0.006496424176640536,0,-1.0,1.0,2.0,1,0,0,0
null,8192,104,1,0.0,1,0.006496424176640536,0,-1.0,1.0,2.0,1,0,0,0
null,8192,105,1,0.0,1,0.006496424176640536,0,-1.0,1.0,2.0,1,0,0,0
null,8192,106,1,0.0,0,0.006496424176640647,0,-0.9995571232311038,0.9995571232311038,1.9991142464622076,1,0,0,0
null,8192,107,1,0.0,1,0.006496424176640647,0,-1.0,1.0,2.0,1,0,0,0
null,8192,108,1,0.0,0,0.006496424176640536,0,-0.9994843612700424,0.9994843612700424,1.9989687225400847,1,0,0,0
null,8192,109,1,0.0,1,0.006496424176640647,0,-1.0,1.0,2.0,1,0,0,0
null,8192,110,1,0.0,1,0.006496424176640647,0,-1.0,1.0,2.0,1,0,0,0
null,8192,111,1,0.0,0,0.006496424176640536,0,-0.9994269874852812,0.9994269874852812,1.9988539749705625,1,0,0,0
null,8192,112,1,0.0,1,0.006496424176640647,0,-1.0,1.0,2.0,1,0,0,0
null,8192,113,1,0.0,1,0.006496424176640647,0,-1.0,1.0,2.0,1,0,0,0
null,8192,114,1,0.0,1,0.006496424176640536,0,-1.0,1.0,2.0,1,0,0,0
null,8192,115,1,0.0,1,0.006496424176640647,0,-1.0,1.0,2.0,1,0,0,0
null,8192,116,1,0.0,1,0.006496424176640647,0,-1.0,1.0,2.0,1,0,0,0
null,8192,117,1,0.0,1,0.006496424176640536,0,-1.0,1.0,2.0,1,0,0,0
null,8192,118,1,0.0,1,0.006496424176640536,0,-1.0,1.0,2.0,1,0,0,0
null,8192,119,1,0.0,1,0.006496424176640647,0,-1.0,1.0,2.0,1,0,0,0
null,8192,120,1,0.0,1,0.006496424176640647,0,-1.0,1.0,2.0,1,0,0,0
null,8192,121,1,0.0,1,0.006496424176640536,0,-1.0,1.0,2.0,1,0,0,0
null,8192,122,1,0.0,1,0.006496424176640647,0,-1.0,1.0,2.0,1,0,0,0
null,8192,123,1,0.0,1,0.006496424176640536,0,-1.0,1.0,2.0,1,0,0,0
null,8192,124,1,0.0,1,0.006496424176640647,0,-1.0,1.0,2.0,1,0,0,0
null,8192,125,1,0.0,1,0.006496424176640536,0,-1.0,1.0,2.0,1,0,0,0
null,8192,126,1,0.0,1,0.006496424176640536,0,-1.0,1.0,2.0,1,0,0,0
null,8192,127,1,0.0,1,0.006496424176640647,0,-1.0,1.0,2.0,1,0,0,0
null,8192,128,1,0.0,1,0.006496424176640647,0,-1.0,1.0,2.0,1,0,0,0
null,8192,129,1,0.0,1,0.006496424176640647,0,-1.0,1.0,2.0,1,0,0,0
null,8192,130,1,0.0,1,0.006496424176640647,0,-1.0,1.0,2.0,1,0,0,0
null,8192,131,1,0.0,1,0.006496424176640647,0,-1.0,1.0,2.0,1,0,0,0
null,8192,132,1,0.0,1,0.006496424176640647,0,-1.0,1.0,2.0,1,0,0,0
null,8192,133,1,0.0,1,0.006496424176640536,0,-1.0,1.0,2.0,1,0,0,0
null,8192,134,1,0.0,1,0.006496424176640647,0,-1.0,1.0,2.0,1,0,0,0
null,8192,135,1,0.0,1,0.006496424176640536,0,-1.0,1.0,2.0,1,0,0,0
null,8192,136,1,0.0,1,0.006496424176640647,0,-1.0,1.0,2.0,1,0,0,0
null,8192,137,1,0.0,1,0.006496424176640647,0,-1.0,1.0,2.0,1,0,0,0
null,8192,138,1,0.0,1,0.006496424176640647,0,-1.0,1.0,2.0,1,0,0,0
null,8192,139,1,0.0,1,0.006496424176640647,0,-1.0,1.0,2.0,1,0,0,0
null,8192,140,1,0.0,1,0.006496424176640647,0,-1.0,1.0,2.0,1,0,0,0
null,8192,141,1,0.0,1,0.006496424176640647,0,-1.0,1.0,2.0,1,0,0,0
null,8192,142,1,0.0,1,0.006496424176640536,0,-1.0,1.0,2.0,1,0,0,0
null,8192,143,1,0.0,1,0.006496424176640647,0,-1.0,1.0,2.0,1,0,0,0
null,8192,144,1,0.0,1,0.006496424176640647,0,-1.0,1.0,2.0,1,0,0,0
null,8192,145,1,0.0,1,0.006496424176640647,0,-1.0,1.0,2.0,1,0,0,0
null,8192,146,1,0.0,1,0.006496424176640647,0,-1.0,1.0,2.0,1,0,0,0
null,8192,147,1,0.0,1,0.006496424176640647,0,-1.0,1.0,2.0,1,0,0,0
null,8192,148,1,0.0,1,0.006496424176640647,0,-1.0,1.0,2.0,1,0,0,0
null,8192,149,1,0.0,1,0.006496424176640647,0,-1.0,1.0,2.0,1,0,0,0
null,8192,150,1,0.0,1,0.006496424176640536,0,-1.0,1.0,2.0,1,0,0,0
null,8192,151,1,0.0,1,0.006496424176640647,0,-1.0,1.0,2.0,1,0,0,0
null,8192,152,1,0.0,1,0.006496424176640647,0,-1.0,1.0,2.0,1,0,0,0
null,8192,153,1,0.0,1,0.006496424176638538,0,-1.0,1.0,2.0,1,0,0,0
null,8192,154,1,0.0,1,0.006496424176640647,0,-1.0,1.0,2.0,1,0,0,0
null,8192,155,1,0.0,1,0.006496424176640647,0,-1.0,1.0,2.0,1,0,0,0
null,8192,156,1,0.0,1,0.006496424176640647,0,-1.0,1.0,2.0,1,0,0,0
null,8192,157,1,0.0,1,0.006496424176640647,0,-1.0,1.0,2.0,1,0,0,0
null,8192,158,1,0.0,0,0.006496424176640647,0,-0.999657093873449,0.999657093873449,1.999314187746898,1,0,0,0
null,8192,159,1,0.0,1,0.006496424176640536,0,-1.0,1.0,2.0,1,0,0,0
null,8192,160,1,0.0,1,0.006496424176640647,0,-1.0,1.0,2.0,1,0,0,0
null,8192,161,1,0.0,1,0.006496424176640647,0,-1.0,1.0,2.0,1,0,0,0
null,8192,162,1,0.0,1,0.006496424176638427,0,-1.0,1.0,2.0,1,0,0,0
null,8192,163,1,0.0,1,0.006496424176640647,0,-1.0,1.0,2.0,1,0,0,0
null,8192,164,1,0.0,1,0.006496424176640647,0,-1.0,1.0,2.0,1,0,0,0
null,8192,165,1,0.0,1,0.006496424176640647,0,-1.0,1.0,2.0,1,0,0,0
null,8192,166,1,0.0,0,0.006496424176640647,0,-0.9988568807982974,0.9988568807982974,1.9977137615965948,1,0,0,0
null,8192,167,1,0.0,1,0.006496424176640536,0,-1.0,1.0,2.0,1,0,0,0
null,8192,168,1,0.0,1,0.006496424176640647,0,-1.0,1.0,2.0,1,0,0,0
null,8192,169,1,0.0,1,0.006496424176640647,0,-1.0,1.0,2.0,1,0,0,0
null,8192,170,1,0.0,1,0.006496424176640758,0,-1.0,1.0,2.0,1,0,0,0
null,8192,171,1,0.0,1,0.006496424176640647,0,-1.0,1.0,2.0,1,0,0,0
null,8192,172,1,0.0,1,0.006496424176640647,0,-1.0,1.0,2.0,1,0,0,0
null,8192,173,1,0.0,1,0.006496424176640536,0,-1.0,1.0,2.0,1,0,0,0
null,8192,174,1,0.0,1,0.006496424176640647,0,-1.0,1.0,2.0,1,0,0,0
null,8192,175,1,0.0,1,0.006496424176640536,0,-1.0,1.0,2.0,1,0,0,0
null,8192,176,1,0.0,1,0.006496424176640536,0,-1.0,1.0,2.0,1,0,0,0
null,8192,177,1,0.0,1,0.006496424176640647,0,-1.0,1.0,2.0,1,0,0,0
null,8192,178,1,0.0,1,0.006496424176640647,0,-1.0,1.0,2.0,1,0,0,0
null,8192,179,1,0.0,1,0.006496424176640647,0,-1.0,1.0,2.0,1,0,0,0
null,8192,180,1,0.0,0,0.006496424176640647,0,-0.9992010027228857,0.9992010027228857,1.9984020054457714,1,0,0,0
null,8192,181,1,0.0,1,0.006496424176640647,0,-1.0,1.0,2.0,1,0,0,0
null,8192,182,1,0.0,1,0.006496424176640647,0,-1.0,1.0,2.0,1,0,0,0
null,8192,183,1,0.0,1,0.006496424176640647,0,-1.0,1.0,2.0,1,0,0,0
null,8192,184,1,0.0,1,0.006496424176640536,0,-1.0,1.0,2.0,1,0,0,0
null,8192,185,1,0.0,1,0.006496424176640647,0,-1.0,1.0,2.0,1,0,0,0
null,8192,186,1,0.0,1,0.006496424176640647,0,-1.0,1.0,2.0,1,0,0,0
null,8192,187,1,0.0,1,0.006496424176640647,0,-1.0,1.0,2.0,1,0,0,0
null,8192,188,1,0.0,1,0.006496424176640647,0,-1.0,1.0,2.0,1,0,0,0
null,8192,189,1,0.0,1,0.006496424176640647,0,-1.0,1.0,2.0,1,0,0,0
null,8192,190,1,0.0,1,0.006496424176640647,0,-1.0,1.0,2.0,1,0,0,0
null,8192,191,1,0.0,1,0.006496424176640647,0,-1.0,1.0,2.0,1,0,0,0
null,8192,192,1,0.0,1,0.006496424176640647,0,-1.0,1.0,2.0,1,0,0,0
null,8192,193,1,0.0,1,0.006496424176640536,0,-1.0,1.0,2.0,1,0,0,0
null,8192,194,1,0.0,1,0.006496424176640536,0,-1.0,1.0,2.0,1,0,0,0
null,8192,195,1,0.0,1,0.006496424176640647,0,-1.0,1.0,2.0,1,0,0,0
null,8192,196,1,0.0,0,0.006496424176640647,0,-0.9991081678253682,0.9991081678253682,1.9982163356507363,1,0,0,0
null,8192,197,1,0.0,1,0.006496424176640647,0,-1.0,1.0,2.0,1,0,0,0
null,8192,198,1,0.0,1,0.006496424176640536,0,-1.0,1.0,2.0,1,0,0,0
null,8192,199,1,0.0,1,0.006496424176640647,0,-1.0,1.0,2.0,1,0,0,0
null,8192,200,1,0.0,1,0.006496424176640647,0,-1.0,1.0,2.0,1,0,0,0
null,8192,201,1,0.0,1,0.006496424176640647,0,-1.0,1.0,2.0,1,0,0,0
null,8192,202,1,0.0,1,0.006496424176638538,0,-1.0,1.0,2.0,1,0,0,0
null,8192,203,1,0.0,1,0.006496424176640647,0,-1.0,1.0,2.0,1,0,0,0
null,8192,204,1,0.0,1,0.006496424176640647,0,-1.0,1.0,2.0,1,0,0,0
null,8192,205,1,0.0,1,0.006496424176640536,0,-1.0,1.0,2.0,1,0,0,0
null,8192,206,1,0.0,1,0.006496424176640647,0,-1.0,1.0,2.0,1,0,0,0
null,8192,207,1,0.0,1,0.006496424176640647,0,-1.0,1.0,2.0,1,0,0,0
null,8192,208,1,0.0,1,0.006496424176640536,0,-1.0,1.0,2.0,1,0,0,0
null,8192,209,1,0.0,1,0.006496424176640536,0,-1.0,1.0,2.0,1,0,0,0
null,8192,210,1,0.0,1,0.006496424176640536,0,-1.0,1.0,2.0,1,0,0,0
null,8192,211,1,0.0,1,0.006496424176640647,0,-1.0,1.0,2.0,1,0,0,0
null,8192,212,1,0.0,1,0.006496424176640647,0,-1.0,1.0,2.0,1,0,0,0
null,8192,213,1,0.0,1,0.006496424176640536,0,-1.0,1.0,2.0,1,0,0,0
null,8192,214,1,0.0,1,0.006496424176640647,0,-1.0,1.0,2.0,1,0,0,0
null,8192,215,1,0.0,1,0.006496424176640647,0,-1.0,1.0,2.0,1,0,0,0
null,8192,216,1,0.0,1,0.006496424176640536,0,-1.0,1.0,2.0,1,0,0,0
null,8192,217,1,0.0,1,0.006496424176640647,0,-1.0,1.0,2.0,1,0,0,0
null,8192,218,1,0.0,1,0.006496424176640647,0,-1.0,1.0,2.0,1,0,0,0
null,8192,219,1,0.0,1,0.006496424176640647,0,-1.0,1.0,2.0,1,0,0,0
null,8192,220,1,0.0,1,0.006496424176640647,0,-1.0,1.0,2.0,1,0,0,0
null,8192,221,1,0.0,1,0.006496424176640647,0,-1.0,1.0,2.0,1,0,0,0
null,8192,222,1,0.0,1,0.006496424176640647,0,-1.0,1.0,2.0,1,0,0,0
null,8192,223,1,0.0,1,0.006496424176640536,0,-1.0,1.0,2.0,1,0,0,0
null,8192,224,1,0.0,1,0.006496424176640647,0,-1.0,1.0,2.0,1,0,0,0
null,8192,225,1,0.0,1,0.006496424176638538,0,-1.0,1.0,2.0,1,0,0,0
null,8192,226,1,0.0,1,0.006496424176640647,0,-1.0,1.0,2.0,1,0,0,0
null,8192,227,1,0.0,1,0.006496424176640647,0,-1.0,1.0,2.0,1,0,0,0
null,8192,228,1,0.0,1,0.006496424176640647,0,-1.0,1.0,2.0,1,0,0,0
null,8192,229,1,0.0,1,0.006496424176640647,0,-1.0,1.0,2.0,1,0,0,0
null,8192,230,1,0.0,1,0.006496424176640536,0,-1.0,1.0,2.0,1,0,0,0
null,8192,231,1,0.0,1,0.006496424176640536,0,-1.0,1.0,2.0,1,0,0,0
null,8192,232,1,0.0,1,0.006496424176638538,0,-1.0,1.0,2.0,1,0,0,0
null,8192,233,1,0.0,1,0.006496424176640536,0,-1.0,1.0,2.0,1,0,0,0
null,8192,234,1,0.0,1,0.006496424176640647,0,-1.0,1.0,2.0,1,0,0,0
null,8192,235,1,0.0,1,0.006496424176640536,0,-1.0,1.0,2.0,1,0,0,0
null,8192,236,1,0.0,1,0.006496424176640536,0,-1.0,1.0,2.0,1,0,0,0
null,8192,237,1,0.0,1,0.006496424176640647,0,-1.0,1.0,2.0,1,0,0,0
null,8192,238,1,0.0,1,0.006496424176640647,0,-1.0,1.0,2.0,1,0,0,0
null,8192,239,1,0.0,1,0.006496424176640647,0,-1.0,1.0,2.0,1,0,0,0
null,8192,240,1,0.0,1,0.006496424176640536,0,-1.0,1.0,2.0,1,0,0,0
null,8192,241,1,0.0,1,0.006496424176640536,0,-1.0,1.0,2.0,1,0,0,0
null,8192,242,1,0.0,1,0.006496424176640647,0,-1.0,1.0,2.0,1,0,0,0
null,8192,243,1,0.0,1,0.006496424176640536,0,-1.0,1.0,2.0,1,0,0,0
null,8192,244,1,0.0,1,0.006496424176640647,0,-1.0,1.0,2.0,1,0,0,0
null,8192,245,1,0.0,1,0.006496424176640536,0,-1.0,1.0,2.0,1,0,0,0
null,8192,246,1,0.0,1,0.006496424176640536,0,-1.0,1.0,2.0,1,0,0,0
null,8192,247,1,0.0,0,0.006496424176640536,0,-0.9995729668738822,0.9995729668738822,1.9991459337477644,1,0,0,0
null,8192,248,1,0.0,1,0.006496424176640536,0,-1.0,1.0,2.0,1,0,0,0
null,8192,249,1,0.0,1,0.006496424176640647,0,-1.0,1.0,2.0,1,0,0,0
null,8192,250,1,0.0,1,0.006496424176640536,0,-1.0,1.0,2.0,1,0,0,0
null,8192,251,1,0.0,0,0.006496424176640647,0,-0.9992691542010184,0.9992691542010184,1.9985383084020367,1,0,0,0
null,8192,252,1,0.0,1,0.006496424176640647,0,-1.0,1.0,2.0,1,0,0,0
null,8192,253,1,0.0,1,0.006496424176640536,0,-1.0,1.0,2.0,1,0,0,0
null,8192,254,1,0.0,1,0.006496424176640536,0,-1.0,1.0,2.0,1,0,0,0
null,8192,255,1,0.0,1,0.006496424176636428,0,-1.0,1.0,2.0,1,0,0,0
null,8192,256,1,0.0,1,0.006496424176640536,0,-1.0,1.0,2.0,1,0,0,0
null,8192,257,1,0.0,1,0.006496424176640536,0,-1.0,1.0,2.0,1,0,0,0
null,8192,258,1,0.0,1,0.006496424176640647,0,-1.0,1.0,2.0,1,0,0,0
null,8192,259,1,0.0,1,0.006496424176640647,0,-1.0,1.0,2.0,1,0,0,0
null,8192,260,1,0.0,1,0.006496424176640536,0,-1.0,1.0,2.0,1,0,0,0
null,8192,261,1,0.0,1,0.006496424176640536,0,-1.0,1.0,2.0,1,0,0,0
null,8192,262,1,0.0,1,0.006496424176640647,0,-1.0,1.0,2.0,1,0,0,0
null,8192,263,1,0.0,1,0.006496424176638538,0,-1.0,1.0,2.0,1,0,0,0
null,8192,264,1,0.0,1,0.006496424176640536,0,-1.0,1.0,2.0,1,0,0,0
null,8192,265,1,0.0,1,0.006496424176640647,0,-1.0,1.0,2.0,1,0,0,0
null,8192,266,1,0.0,1,0.006496424176640647,0,-1.0,1.0,2.0,1,0,0,0
null,8192,267,1,0.0,1,0.006496424176640536,0,-1.0,1.0,2.0,1,0,0,0
null,8192,268,1,0.0,0,0.006496424176640647,0,-0.9996127052311186,0.9996127052311186,1.9992254104622371,1,0,0,0
null,8192,269,1,0.0,1,0.006496424176640647,0,-1.0,1.0,2.0,1,0,0,0
null,8192,270,1,0.0,0,0.006496424176640647,0,-0.9993658478444247,0.9993658478444247,1.9987316956888495,1,0,0,0
null,8192,271,1,0.0,1,0.006496424176640647,0,-1.0,1.0,2.0,1,0,0,0
null,8192,272,1,0.0,1,0.006496424176640536,0,-1.0,1.0,2.0,1,0,0,0
null,8192,273,1,0.0,1,0.006496424176640647,0,-1.0,1.0,2.0,1,0,0,0
null,8192,274,1,0.0,1,0.006496424176640647,0,-1.0,1.0,2.0,1,0,0,0
null,8192,275,1,0.0,1,0.006496424176640536,0,-1.0,1.0,2.0,1,0,0,0
null,8192,276,1,0.0,1,0.006496424176640647,0,-1.0,1.0,2.0,1,0,0,0
null,8192,277,1,0.0,1,0.006496424176640647,0,-1.0,1.0,2.0,1,0,0,0
null,8192,278,1,0.0,1,0.006496424176640647,0,-1.0,1.0,2.0,1,0,0,0
null,8192,279,1,0.0,1,0.006496424176640536,0,-1.0,1.0,2.0,1,0,0,0
null,8192,280,1,0.0,1,0.006496424176640647,0,-1.0,1.0,2.0,1,0,0,0
null,8192,281,1,0.0,1,0.006496424176640536,0,-1.0,1.0,2.0,1,0,0,0
null,8192,282,1,0.0,1,0.006496424176640647,0,-1.0,1.0,2.0,1,0,0,0
null,8192,283,1,0.0,1,0.006496424176640647,0,-1.0,1.0,2.0,1,0,0,0
null,8192,284,1,0.0,1,0.006496424176640647,0,-1.0,1.0,2.0,1,0,0,0
null,8192,285,1,0.0,1,0.006496424176640647,0,-1.0,1.0,2.0,1,0,0,0
null,8192,286,1,0.0,1,0.006496424176640647,0,-1.0,1.0,2.0,1,0,0,0
null,8192,287,1,0.0,1,0.006496424176640647,0,-1.0,1.0,2.0,1,0,0,0
null,8192,288,1,0.0,1,0.006496424176640647,0,-1.0,1.0,2.0,1,0,0,0
null,8192,289,1,0.0,0,0.006496424176640647,0,-0.9987688980188996,0.9987688980188996,1.9975377960377991,1,0,0,0
null,8192,290,1,0.0,1,0.006496424176640536,0,-1.0,1.0,2.0,1,0,0,0
null,8192,291,1,0.0,1,0.006496424176640536,0,-1.0,1.0,2.0,1,0,0,0
null,8192,292,1,0.0,1,0.006496424176640647,0,-1.0,1.0,2.0,1,0,0,0
null,8192,293,1,0.0,1,0.006496424176640647,0,-1.0,1.0,2.0,1,0,0,0
null,8192,294,1,0.0,1,0.006496424176640647,0,-1.0,1.0,2.0,1,0,0,0
null,8192,295,1,0.0,1,0.006496424176640647,0,-1.0,1.0,2.0,1,0,0,0
null,8192,296,1,0.0,1,0.006496424176640536,0,-1.0,1.0,2.0,1,0,0,0
null,8192,297,1,0.0,1,0.006496424176640647,0,-1.0,1.0,2.0,1,0,0,0
null,8192,298,1,0.0,1,0.006496424176640647,0,-1.0,1.0,2.0,1,0,0,0
null,8192,299,1,0.0,1,0.006496424176640647,0,-1.0,1.0,2.0,1,0,0,0
weak,8,0,2,0.007193525826755032,1,0.2597395613561866,0,-1.0,1.0,2.0,1,0,0,0
weak,8,1,2,0.007193525826755032,1,0.2559475699586088,0,-1.0,1.0,2.0,1,0,0,0
weak,8,2,2,0.007193525826755032,1,0.25972603202339806,0,-1.0,1.0,2.0,1,0,0,0
weak,8,3,2,0.007193525826755032,1,0.24988264269655514,0,-1.0,1.0,2.0,1,0,0,0
weak,8,4,2,0.007193525826755032,1,0.2326373451203113,0,-1.0,1.0,2.0,1,0,0,0
weak,8,5,2,0.007193525826755032,1,0.24824499830059943,0,-1.0,1.0,2.0,1,0,0,0
weak,8,6,2,0.007193525826755032,1,0.25779711908973035,0,-1.0,1.0,2.0,1,0,0,0
weak,8,7,2,0.007193525826755032,1,0.21277559856464034,0,-1.0,1.0,2.0,1,0,0,0
weak,8,8,2,0.007193525826755032,1,0.25581844100193896,0,-1.0,1.0,2.0,1,0,0,0
weak,8,9,2,0.007193525826755032,1,0.25676305565274093,0,-1.0,1.0,2.0,1,0,0,0
weak,8,10,2,0.007193525826755032,0,0.2597395613561867,0,-0.9614299422097348,0.9651414586890835,1.9265714008988182,1,0,0,0
weak,8,11,2,0.007193525826755032,1,0.2597395613561865,0,-1.0,1.0,2.0,1,0,0,0
weak,8,12,2,0.007193525826755032,1,0.18860371771089013,0,-1.0,1.0,2.0,1,0,0,0
weak,8,13,2,0.007193525826755032,1,0.2560347226624492,0,-1.0,1.0,2.0,1,0,0,0
weak,8,14,2,0.007193525826755032,0,0.18816026177160117,0,-1.0,0.9206701873025405,1.9206701873025405,1,0,0,0
weak,8,15,2,0.007193525826755032,1,0.24940476846688753,0,-1.0,1.0,2.0,1,0,0,0
weak,8,16,2,0.007193525826755032,1,0.25857180040889827,0,-1.0,1.0,2.0,1,0,0,0
weak,8,17,2,0.007193525826755032,1,0.2597395613561866,0,-1.0,1.0,2.0,1,0,0,0
weak,8,18,2,0.007193525826755032,1,0.23760141545526126,0,-1.0,1.0,2.0,1,0,0,0
weak,8,19,2,0.007193525826755032,1,0.2597395613561866,0,-1.0,1.0,2.0,1,0,0,0
weak,8,20,2,0.007193525826755032,1,0.25971523498040616,0,-1.0,1.0,2.0,1,0,0,0
weak,8,21,2,0.007193525826755032,1,0.24484839893296972,0,-1.0,1.0,2.0,1,0,0,0
weak,8,22,2,0.007193525826755032,1,0.2431767140969937,0,-1.0,1.0,2.0,1,0,0,0
weak,8,23,2,0.007193525826755032,1,0.25970759329210324,0,-1.0,1.0,2.0,1,0,0,0
weak,8,24,2,0.007193525826755032,0,0.25857304489196464,0,-0.9557919682526749,0.9430809102052846,1.8988728784579596,1,0,0,0
weak,8,25,2,0.007193525826755032,1,0.2597395613561866,0,-1.0,1.0,2.0,1,0,0,0
weak,8,26,2,0.007193525826755032,1,0.25680289663408307,0,-1.0,1.0,2.0,1,0,0,0
weak,8,27,2,0.007193525826755032,1,0.25813658500094444,0,-1.0,1.0,2.0,1,0,0,0
weak,8,28,2,0.007193525826755032,1,0.2375904606645286,0,-1.0,1.0,2.0,1,0,0,0
weak,8,29,2,0.007193525826755032,1,0.2476680849231686,0,-1.0,1.0,2.0,1,0,0,0
weak,8,30,2,0.007193525826755032,1,0.2597395613561866,0,-1.0,1.0,2.0,1,0,0,0
weak,8,31,2,0.007193525826755032,1,0.25614545956137746,0,-1.0,1.0,2.0,1,0,0,0
weak,8,32,2,0.007193525826755032,1,0.2256668784974587,0,-1.0,1.0,2.0,1,0,0,0
weak,8,33,2,0.007193525826755032,1,0.2597395613561866,0,-1.0,1.0,2.0,1,0,0,0
weak,8,34,2,0.007193525826755032,1,0.2552986190080032,0,-1.0,1.0,2.0,1,0,0,0
weak,8,35,2,0.007193525826755032,1,0.2326457885113865,0,-1.0,1.0,2.0,1,0,0,0
weak,8,36,2,0.007193525826755032,1,0.2366515097639318,0,-1.0,1.0,2.0,1,0,0,0
weak,8,37,2,0.007193525826755032,1,0.25886932413066055,0,-1.0,1.0,2.0,1,0,0,0
weak,8,38,2,0.007193525826755032,1,0.25960901029500205,0,-1.0,1.0,2.0,1,0,0,0
weak,8,39,2,0.007193525826755032,1,0.2597395613561866,0,-1.0,1.0,2.0,1,0,0,0
weak,8,40,2,0.007193525826755032,1,0.2597395613561867,0,-1.0,1.0,2.0,1,0,0,0
weak,8,41,2,0.007193525826755032,0,0.17040882182815487,0,-0.7519138933503502,0.8695517548518632,1.6214656482022134,1,0,0,0
weak,8,42,2,0.007193525826755032,1,0.2597395613561866,0,-1.0,1.0,2.0,1,0,0,0
weak,8,43,2,0.007193525826755032,1,0.2544060991145899,0,-1.0,1.0,2.0,1,0,0,0
weak,8,44,2,0.007193525826755032,1,0.25399061703396897,0,-1.0,1.0,2.0,1,0,0,0
weak,8,45,2,0.007193525826755032,1,0.25578051220574005,0,-1.0,1.0,2.0,1,0,0,0
weak,8,46,2,0.007193525826755032,1,0.2526277551440763,0,-1.0,1.0,2.0,1,0,0,0
weak,8,47,2,0.007193525826755032,1,0.2464745590941424,0,-1.0,1.0,2.0,1,0,0,0
weak,8,48,2,0.007193525826755032,1,0.2597362311594976,0,-1.0,1.0,2.0,1,0,0,0
weak,8,49,2,0.007193525826755032,1,0.25972805132651755,0,-1.0,1.0,2.0,1,0,0,0
weak,8,50,2,0.007193525826755032,1,0.24911377812210833,0,-1.0,1.0,2.0,1,0,0,0
weak,8,51,2,0.007193525826755032,1,0.2597342950245669,0,-1.0,1.0,2.0,1,0,0,0
weak,8,52,2,0.007193525826755032,1,0.2588413424184806,0,-0.9928438316113214,1.0,1.9928438316113213,1,0,0,0
weak,8,53,2,0.007193525826755032,1,0.2597395613561866,0,-1.0,1.0,2.0,1,0,0,0
weak,8,54,2,0.007193525826755032,1,0.2597395613561866,0,-1.0,1.0,2.0,1,0,0,0
weak,8,55,2,0.007193525826755032,1,0.2435707208706689,0,-1.0,1.0,2.0,1,0,0,0
weak,8,56,2,0.007193525826755032,1,0.25545535824696797,0,-1.0,1.0,2.0,1,0,0,0
weak,8,57,2,0.007193525826755032,1,0.22613584223642158,0,-1.0,1.0,2.0,1,0,0,0
weak,8,58,2,0.007193525826755032,1,0.257515928451844,0,-1.0,1.0,2.0,1,0,0,0
weak,8,59,2,0.007193525826755032,1,0.21173423480476716,0,-1.0,1.0,2.0,1,0,0,0
weak,8,60,2,0.007193525826755032,1,0.19264561730525687,0,-1.0,1.0,2.0,1,0,0,0
weak,8,61,2,0.007193525826755032,1,0.25193937919542,0,-1.0,1.0,2.0,1,0,0,0
weak,8,62,2,0.007193525826755032,1,0.2545445743000392,0,-1.0,1.0,2.0,1,0,0,0
weak,8,63,2,0.007193525826755032,1,0.2597395613561866,0,-1.0,1.0,2.0,1,0,0,0
weak,8,64,2,0.007193525826755032,1,0.2468580772918203,0,-1.0,1.0,2.0,1,0,0,0
weak,8,65,2,0.007193525826755032,1,0.2597395613561866,0,-1.0,1.0,2.0,1,0,0,0
weak,8,66,2,0.007193525826755032,1,0.22372862267098115,0,-1.0,1.0,2.0,1,0,0,0
weak,8,67,2,0.007193525826755032,1,0.24638616230529464,0,-1.0,1.0,2.0,1,0,0,0
weak,8,68,2,0.007193525826755032,0,0.10237709934332917,0,-0.9807339968707813,-0.40972977324870286,0.5710042236220785,0,-1,1,1
weak,8,69,2,0.007193525826755032,1,0.2596581435871943,0,-1.0,1.0,2.0,1,0,0,0
weak,8,70,2,0.007193525826755032,1,0.21894156474694781,0,-1.0,0.9780706183580072,1.9780706183580072,1,0,0,0
weak,8,71,2,0.007193525826755032,1,0.2565275945208948,0,-1.0,1.0,2.0,1,0,0,0
weak,8,72,2,0.007193525826755032,1,0.25589130519839465,0,-1.0,1.0,2.0,1,0,0,0
weak,8,73,2,0.007193525826755032,1,0.2597395613561867,0,-1.0,1.0,2.0,1,0,0,0
weak,8,74,2,0.007193525826755032,1,0.2597395613561867,0,-1.0,1.0,2.0,1,0,0,0
weak,8,75,2,0.007193525826755032,1,0.2597395613561867,0,-1.0,1.0,2.0,1,0,0,0
weak,8,76,2,0.007193525826755032,1,0.2594943069133123,0,-1.0,1.0,2.0,1,0,0,0
weak,8,77,2,0.007193525826755032,1,0.2597395613561866,0,-1.0,1.0,2.0,1,0,0,0
weak,8,78,2,0.007193525826755032,1,0.2539151941110306,0,-1.0,1.0,2.0,1,0,0,0
weak,8,79,2,0.007193525826755032,1,0.25771822621798957,0,-1.0,1.0,2.0,1,0,0,0
weak,8,80,2,0.007193525826755032,1,0.2597395613561867,0,-1.0,1.0,2.0,1,0,0,0
weak,8,81,2,0.007193525826755032,1,0.2595336671493701,0,-1.0,1.0,2.0,1,0,0,0
weak,8,82,2,0.007193525826755032,1,0.2559478638264726,0,-1.0,1.0,2.0,1,0,0,0
weak,8,83,2,0.007193525826755032,1,0.24680789305086004,0,-1.0,1.0,2.0,1,0,0,0
weak,8,84,2,0.007193525826755032,1,0.24345199095882986,0,-1.0,1.0,2.0,1,0,0,0
weak,8,85,2,0.007193525826755032,1,0.2597395613561866,0,-1.0,1.0,2.0,1,0,0,0
weak,8,86,2,0.007193525826755032,1,0.2597395613561867,0,-1.0,1.0,2.0,1,0,0,0
weak,8,87,2,0.007193525826755032,1,0.24788803829810957,0,-1.0,1.0,2.0,1,0,0,0
weak,8,88,2,0.007193525826755032,1,0.25541582921582184,0,-1.0,1.0,2.0,1,0,0,0
weak,8,89,2,0.007193525826755032,1,0.17769467898705227,0,-0.7826573846654719,1.0,1.7826573846654719,1,0,0,0
weak,8,90,2,0.007193525826755032,1,0.2597395613561866,0,-1.0,1.0,2.0,1,0,0,0
weak,8,91,2,0.007193525826755032,1,0.25808825045116124,0,-1.0,1.0,2.0,1,0,0,0
weak,8,92,2,0.007193525826755032,1,0.25973828213666617,0,-1.0,1.0,2.0,1,0,0,0
weak,8,93,2,0.007193525826755032,1,0.23828992936085625,0,-1.0,1.0,2.0,1,0,0,0
weak,8,94,2,0.007193525826755032,1,0.25083757181446886,0,-1.0,1.0,2.0,1,0,0,0
weak,8,95,2,0.007193525826755032,1,0.25911399087656295,0,-1.0,1.0,2.0,1,0,0,0
weak,8,96,2,0.007193525826755032,1,0.2597395613561866,0,-1.0,1.0,2.0,1,0,0,0
weak,8,97,2,0.007193525826755032,1,0.2597395613561866,0,-1.0,1.0,2.0,1,0,0,0
weak,8,98,2,0.007193525826755032,1,0.24117148281626588,0,-1.0,1.0,2.0,1,0,0,0
weak,8,99,2,0.007193525826755032,1,0.2554672467906156,0,-1.0,1.0,2.0,1,0,0,0
weak,8,100,2,0.007193525826755032,0,0.23838382365910948,0,-1.0,0.9796857732346917,1.9796857732346917,1,0,0,0
weak,8,101,2,0.007193525826755032,1,0.2597395613561866,0,-1.0,1.0,2.0,1,0,0,0
weak,8,102,2,0.007193525826755032,1,0.19204248489191456,0,-1.0,0.9757461657468398,1.9757461657468398,1,0,0,0
weak,8,103,2,0.007193525826755032,1,0.2597395613561865,0,-1.0,1.0,2.0,1,0,0,0
weak,8,104,2,0.007193525826755032,1,0.25963591333451574,0,-1.0,1.0,2.0,1,0,0,0
weak,8,105,2,0.007193525826755032,1,0.2486989638650734,0,-1.0,1.0,2.0,1,0,0,0
weak,8,106,2,0.007193525826755032,1,0.25573106877518914,0,-1.0,1.0,2.0,1,0,0,0
weak,8,107,2,0.007193525826755032,1,0.25969130583484756,0,-1.0,1.0,2.0,1,0,0,0
weak,8,108,2,0.007193525826755032,1,0.2597395613561866,0,-1.0,1.0,2.0,1,0,0,0
weak,8,109,2,0.007193525826755032,1,0.2550585578063379,0,-1.0,1.0,2.0,1,0,0,0
weak,8,110,2,0.007193525826755032,1,0.2597395613561866,0,-1.0,1.0,2.0,1,0,0,0
weak,8,111,2,0.007193525826755032,1,0.24760972917074275,0,-1.0,0.9933549643013686,1.9933549643013686,1,0,0,0
weak,8,112,2,0.007193525826755032,1,0.25970220063099414,0,-1.0,1.0,2.0,1,0,0,0
weak,8,113,2,0.007193525826755032,0,0.20728049998493725,0,-1.0,0.9430374241708215,1.9430374241708215,1,0,0,0
weak,8,114,2,0.007193525826755032,1,0.2597371184541748,0,-1.0,1.0,2.0,1,0,0,0
weak,8,115,2,0.007193525826755032,1,0.24269727318765388,0,-1.0,1.0,2.0,1,0,0,0
weak,8,116,2,0.007193525826755032,1,0.25693932030545075,0,-1.0,1.0,2.0,1,0,0,0
weak,8,117,2,0.007193525826755032,1,0.1735959978057886,0,-0.6914690178074463,1.0,1.6914690178074463,1,0,0,0
weak,8,118,2,0.007193525826755032,1,0.2596507598626432,0,-1.0,1.0,2.0,1,0,0,0
weak,8,119,2,0.007193525826755032,1,0.22053845484455392,0,-1.0,1.0,2.0,1,0,0,0
weak,8,120,2,0.007193525826755032,1,0.25599260541670377,0,-1.0,1.0,2.0,1,0,0,0
weak,8,121,2,0.007193525826755032,1,0.2597395613561867,0,-1.0,1.0,2.0,1,0,0,0
weak,8,122,2,0.007193525826755032,1,0.16360069602881333,0,-1.0,0.48283408687956264,1.4828340868795626,1,0,0,0
weak,8,123,2,0.007193525826755032,1,0.25106504831052623,0,-1.0,1.0,2.0,1,0,0,0
weak,8,124,2,0.007193525826755032,1,0.19318176034921353,0,-1.0,1.0,2.0,1,0,0,0
weak,8,125,2,0.007193525826755032,1,0.20452901672819346,0,-1.0,1.0,2.0,1,0,0,0
weak,8,126,2,0.007193525826755032,1,0.25151604761506763,0,-1.0,1.0,2.0,1,0,0,0
weak,8,127,2,0.007193525826755032,0,,1,,,,0,0,0,0
weak,8,128,2,0.007193525826755032,1,0.2597395613561866,0,-1.0,1.0,2.0,1,0,0,0
weak,8,129,2,0.007193525826755032,1,0.24946852584850898,0,-1.0,1.0,2.0,1,0,0,0
weak,8,130,2,0.007193525826755032,1,0.25006607773691136,0,-1.0,0.9903779615365852,1.990377961536585,1,0,0,0
weak,8,131,2,0.007193525826755032,1,0.2597395613561866,0,-1.0,1.0,2.0,1,0,0,0
weak,8,132,2,0.007193525826755032,1,0.2593655294808105,0,-1.0,1.0,2.0,1,0,0,0
weak,8,133,2,0.007193525826755032,0,0.25973956135618653,0,-0.9648540668343034,0.9675400446174522,1.9323941114517558,1,0,0,0
weak,8,134,2,0.007193525826755032,1,0.16982751905880078,0,-0.6100093573489702,1.0,1.6100093573489702,1,0,0,0
weak,8,135,2,0.007193525826755032,1,0.2597395613561866,0,-1.0,1.0,2.0,1,0,0,0
weak,8,136,2,0.007193525826755032,1,0.24376013213701941,0,-1.0,1.0,2.0,1,0,0,0
weak,8,137,2,0.007193525826755032,1,0.2597395613561866,0,-1.0,1.0,2.0,1,0,0,0
weak,8,138,2,0.007193525826755032,1,0.22708324572710703,0,-1.0,1.0,2.0,1,0,0,0
weak,8,139,2,0.007193525826755032,1,0.2597395613561866,0,-1.0,1.0,2.0,1,0,0,0
weak,8,140,2,0.007193525826755032,1,0.22384915325412835,0,-1.0,1.0,2.0,1,0,0,0
weak,8,141,2,0.007193525826755032,1,0.2597395613561866,0,-1.0,1.0,2.0,1,0,0,0
weak,8,142,2,0.007193525826755032,1,0.2570828230327762,0,-1.0,1.0,2.0,1,0,0,0
weak,8,143,2,0.007193525826755032,1,0.25714555140845285,0,-1.0,1.0,2.0,1,0,0,0
weak,8,144,2,0.007193525826755032,1,0.2597090626926192,0,-1.0,1.0,2.0,1,0,0,0
weak,8,145,2,0.007193525826755032,1,0.2597395613561866,0,-1.0,1.0,2.0,1,0,0,0
weak,8,146,2,0.007193525826755032,1,0.2596845749774864,0,-1.0,1.0,2.0,1,0,0,0
weak,8,147,2,0.007193525826755032,1,0.2597395613561867,0,-1.0,1.0,2.0,1,0,0,0
weak,8,148,2,0.007193525826755032,1,0.25948684700239766,0,-1.0,1.0,2.0,1,0,0,0
weak,8,149,2,0.007193525826755032,1,0.25744125678258634,0,-1.0,1.0,2.0,1,0,0,0
weak,8,150,2,0.007193525826755032,1,0.24033344870913886,0,-1.0,1.0,2.0,1,0,0,0
weak,8,151,2,0.007193525826755032,1,0.25967595969747137,0,-1.0,1.0,2.0,1,0,0,0
weak,8,152,2,0.007193525826755032,1,0.2597395613561866,0,-1.0,1.0,2.0,1,0,0,0
weak,8,153,2,0.007193525826755032,1,0.2308190668246224,0,-1.0,1.0,2.0,1,0,0,0
weak,8,154,2,0.007193525826755032,1,0.2575277007515978,0,-1.0,1.0,2.0,1,0,0,0
weak,8,155,2,0.007193525826755032,1,0.2558127971304019,0,-1.0,1.0,2.0,1,0,0,0
weak,8,156,2,0.007193525826755032,1,0.2591164290357032,0,-1.0,1.0,2.0,1,0,0,0
weak,8,157,2,0.007193525826755032,1,0.2574430914499059,0,-1.0,1.0,2.0,1,0,0,0
weak,8,158,2,0.007193525826755032,1,0.25509429319773214,0,-1.0,1.0,2.0,1,0,0,0
weak,8,159,2,0.007193525826755032,0,0.2524660127660527,0,-0.9486886421860521,0.9713392721489953,1.9200279143350474,1,0,0,0
weak,8,160,2,0.007193525826755032,1,0.2527237549484007,0,-1.0,1.0,2.0,1,0,0,0
weak,8,161,2,0.007193525826755032,1,0.2529371818353223,0,-1.0,1.0,2.0,1,0,0,0
weak,8,162,2,0.007193525826755032,1,0.2554185067631458,0,-1.0,1.0,2.0,1,0,0,0
weak,8,163,2,0.007193525826755032,0,0.2594473137649351,0,-0.9700411158035026,0.9800263491782077,1.9500674649817102,1,0,0,0
weak,8,164,2,0.007193525826755032,1,0.18714425182716954,0,-1.0,0.9461694803601635,1.9461694803601635,1,0,0,0
weak,8,165,2,0.007193525826755032,1,0.2543735965344729,0,-1.0,1.0,2.0,1,0,0,0
weak,8,166,2,0.007193525826755032,1,0.2597395613561866,0,-1.0,1.0,2.0,1,0,0,0
weak,8,167,2,0.007193525826755032,1,0.2500991311864471,0,-1.0,1.0,2.0,1,0,0,0
weak,8,168,2,0.007193525826755032,1,0.25658757942123567,0,-1.0,1.0,2.0,1,0,0,0
weak,8,169,2,0.007193525826755032,1,0.23630749960914443,0,-0.9952714089054462,1.0,1.9952714089054462,1,0,0,0
weak,8,170,2,0.007193525826755032,1,0.2364329461931104,0,-1.0,1.0,2.0,1,0,0,0
weak,8,171,2,0.007193525826755032,1,0.2597395613561866,0,-1.0,1.0,2.0,1,0,0,0
weak,8,172,2,0.007193525826755032,1,0.2597395613561866,0,-1.0,1.0,2.0,1,0,0,0
weak,8,173,2,0.007193525826755032,1,0.24934857283763806,0,-1.0,1.0,2.0,1,0,0,0
weak,8,174,2,0.007193525826755032,1,0.2582443865918961,0,-1.0,1.0,2.0,1,0,0,0
weak,8,175,2,0.007193525826755032,1,0.2597395613561866,0,-1.0,1.0,2.0,1,0,0,0
weak,8,176,2,0.007193525826755032,1,0.2597395613561866,0,-1.0,1.0,2.0,1,0,0,0
weak,8,177,2,0.007193525826755032,1,0.2584852496375377,0,-1.0,1.0,2.0,1,0,0,0
weak,8,178,2,0.007193525826755032,1,0.2597395613561866,0,-1.0,1.0,2.0,1,0,0,0
weak,8,179,2,0.007193525826755032,1,0.2597395613561865,0,-1.0,1.0,2.0,1,0,0,0
weak,8,180,2,0.007193525826755032,1,0.2597395613561866,0,-1.0,1.0,2.0,1,0,0,0
weak,8,181,2,0.007193525826755032,1,0.2597395613561866,0,-1.0,1.0,2.0,1,0,0,0
weak,8,182,2,0.007193525826755032,1,0.2597395613561867,0,-1.0,1.0,2.0,1,0,0,0
weak,8,183,2,0.007193525826755032,1,0.2597395613561866,0,-1.0,1.0,2.0,1,0,0,0
weak,8,184,2,0.007193525826755032,1,0.2594212031505574,0,-1.0,1.0,2.0,1,0,0,0
weak,8,185,2,0.007193525826755032,1,0.2597395613561866,0,-1.0,1.0,2.0,1,0,0,0
weak,8,186,2,0.007193525826755032,1,0.24682963107957523,0,-1.0,1.0,2.0,1,0,0,0
weak,8,187,2,0.007193525826755032,1,0.25739265187724947,0,-1.0,1.0,2.0,1,0,0,0
weak,8,188,2,0.007193525826755032,1,0.25683981153934254,0,-1.0,1.0,2.0,1,0,0,0
weak,8,189,2,0.007193525826755032,1,0.1940458932825081,0,-1.0,1.0,2.0,1,0,0,0
weak,8,190,2,0.007193525826755032,1,0.25554439574241916,0,-1.0,1.0,2.0,1,0,0,0
weak,8,191,2,0.007193525826755032,1,0.23879167598524043,0,-1.0,1.0,2.0,1,0,0,0
weak,8,192,2,0.007193525826755032,1,0.2540962028133308,0,-1.0,1.0,2.0,1,0,0,0
weak,8,193,2,0.007193525826755032,1,0.23729199173418936,0,-1.0,1.0,2.0,1,0,0,0
weak,8,194,2,0.007193525826755032,1,0.25971058508880895,0,-1.0,1.0,2.0,1,0,0,0
weak,8,195,2,0.007193525826755032,1,0.2595073525706202,0,-1.0,1.0,2.0,1,0,0,0
weak,8,196,2,0.007193525826755032,1,0.2597395613561867,0,-1.0,1.0,2.0,1,0,0,0
weak,8,197,2,0.007193525826755032,1,0.23370599476970466,0,-1.0,1.0,2.0,1,0,0,0
weak,8,198,2,0.007193525826755032,0,0.24047783205408502,0,-1.0,0.9708129601300897,1.9708129601300897,1,0,0,0
weak,8,199,2,0.007193525826755032,0,0.0935113189995006,0,0.5231953484172949,1.0,0.47680465158270513,0,1,0,0
weak,8,200,2,0.007193525826755032,1,0.2594799795298296,0,-1.0,1.0,2.0,1,0,0,0
weak,8,201,2,0.007193525826755032,1,0.2597395613561866,0,-1.0,1.0,2.0,1,0,0,0
weak,8,202,2,0.007193525826755032,1,0.256227378327196,0,-1.0,1.0,2.0,1,0,0,0
weak,8,203,2,0.007193525826755032,1,0.24656353532060848,0,-1.0,1.0,2.0,1,0,0,0
weak,8,204,2,0.007193525826755032,1,0.2597395613561866,0,-1.0,1.0,2.0,1,0,0,0
weak,8,205,2,0.007193525826755032,1,0.2597395613561867,0,-1.0,1.0,2.0,1,0,0,0
weak,8,206,2,0.007193525826755032,1,0.2597395613561866,0,-1.0,1.0,2.0,1,0,0,0
weak,8,207,2,0.007193525826755032,1,0.2584398997960171,0,-1.0,1.0,2.0,1,0,0,0
weak,8,208,2,0.007193525826755032,1,0.2584346133623927,0,-1.0,1.0,2.0,1,0,0,0
weak,8,209,2,0.007193525826755032,1,0.20871529016236534,0,-0.9931161178927388,1.0,1.9931161178927388,1,0,0,0
weak,8,210,2,0.007193525826755032,1,0.21721760897750453,0,-1.0,1.0,2.0,1,0,0,0
weak,8,211,2,0.007193525826755032,1,0.2588213840649013,0,-1.0,1.0,2.0,1,0,0,0
weak,8,212,2,0.007193525826755032,1,0.25895198095462024,0,-1.0,1.0,2.0,1,0,0,0
weak,8,213,2,0.007193525826755032,1,0.2597395613561866,0,-1.0,1.0,2.0,1,0,0,0
weak,8,214,2,0.007193525826755032,1,0.2597395613561866,0,-1.0,1.0,2.0,1,0,0,0
weak,8,215,2,0.007193525826755032,1,0.22428631374306252,0,-1.0,1.0,2.0,1,0,0,0
weak,8,216,2,0.007193525826755032,1,0.25910797225710736,0,-1.0,1.0,2.0,1,0,0,0
weak,8,217,2,0.007193525826755032,1,0.2582415825791852,0,-1.0,1.0,2.0,1,0,0,0
weak,8,218,2,0.007193525826755032,1,0.1771903509390712,0,-1.0,0.7717097575729417,1.7717097575729417,1,0,0,0
weak,8,219,2,0.007193525826755032,1,0.2597395613561866,0,-1.0,1.0,2.0,1,0,0,0
weak,8,220,2,0.007193525826755032,1,0.2596198677965087,0,-1.0,1.0,2.0,1,0,0,0
weak,8,221,2,0.007193525826755032,1,0.2511575008729927,0,-1.0,1.0,2.0,1,0,0,0
weak,8,222,2,0.007193525826755032,1,0.2582375297795061,0,-1.0,1.0,2.0,1,0,0,0
weak,8,223,2,0.007193525826755032,1,0.23681385041559466,0,-1.0,1.0,2.0,1,0,0,0
weak,8,224,2,0.007193525826755032,1,0.2524760429427444,0,-1.0,1.0,2.0,1,0,0,0
weak,8,225,2,0.007193525826755032,1,0.258467463945824,0,-1.0,1.0,2.0,1,0,0,0
weak,8,226,2,0.007193525826755032,0,0.07571164382167117,0,-1.0,-0.6803403803786212,0.3196596196213788,0,-1,1,1
weak,8,227,2,0.007193525826755032,1,0.2597395613561867,0,-1.0,1.0,2.0,1,0,0,0
weak,8,228,2,0.007193525826755032,1,0.2596763552665594,0,-1.0,1.0,2.0,1,0,0,0
weak,8,229,2,0.007193525826755032,1,0.2597395613561866,0,-1.0,1.0,2.0,1,0,0,0
weak,8,230,2,0.007193525826755032,1,0.24200884470752204,0,-1.0,1.0,2.0,1,0,0,0
weak,8,231,2,0.007193525826755032,1,0.2597395613561866,0,-1.0,1.0,2.0,1,0,0,0
weak,8,232,2,0.007193525826755032,1,0.2379495355521266,0,-1.0,1.0,2.0,1,0,0,0
weak,8,233,2,0.007193525826755032,1,0.25967855734652084,0,-1.0,1.0,2.0,1,0,0,0
weak,8,234,2,0.007193525826755032,1,0.24241214644876474,0,-1.0,1.0,2.0,1,0,0,0
weak,8,235,2,0.007193525826755032,1,0.2568818233427973,0,-1.0,1.0,2.0,1,0,0,0
weak,8,236,2,0.007193525826755032,1,0.2569051143816403,0,-1.0,1.0,2.0,1,0,0,0
weak,8,237,2,0.007193525826755032,1,0.2410487001846341,0,-1.0,1.0,2.0,1,0,0,0
weak,8,238,2,0.007193525826755032,1,0.2597395613561866,0,-1.0,1.0,2.0,1,0,0,0
weak,8,239,2,0.007193525826755032,1,0.2597395613561866,0,-1.0,1.0,2.0,1,0,0,0
weak,8,240,2,0.007193525826755032,1,0.2597395613561865,0,-1.0,1.0,2.0,1,0,0,0
weak,8,241,2,0.007193525826755032,1,0.2367511379325149,0,-1.0,1.0,2.0,1,0,0,0
weak,8,242,2,0.007193525826755032,1,0.24642028959683915,0,-1.0,1.0,2.0,1,0,0,0
weak,8,243,2,0.007193525826755032,1,0.24046794022745055,0,-1.0,1.0,2.0,1,0,0,0
weak,8,244,2,0.007193525826755032,1,0.2595802023968763,0,-1.0,1.0,2.0,1,0,0,0
weak,8,245,2,0.007193525826755032,1,0.2597395613561866,0,-1.0,1.0,2.0,1,0,0,0
weak,8,246,2,0.007193525826755032,1,0.2574737999041702,0,-1.0,1.0,2.0,1,0,0,0
weak,8,247,2,0.007193525826755032,1,0.25882817771052424,0,-1.0,1.0,2.0,1,0,0,0
weak,8,248,2,0.007193525826755032,1,0.25971765254964085,0,-1.0,1.0,2.0,1,0,0,0
weak,8,249,2,0.007193525826755032,0,0.14151052040913348,0,-0.14180479557602998,0.9499274616325994,1.0917322572086294,1,0,0,0
weak,8,250,2,0.007193525826755032,1,0.2573170566051982,0,-1.0,1.0,2.0,1,0,0,0
weak,8,251,2,0.007193525826755032,1,0.2597395613561866,0,-1.0,1.0,2.0,1,0,0,0
weak,8,252,2,0.007193525826755032,1,0.2597395613561866,0,-1.0,1.0,2.0,1,0,0,0
weak,8,253,2,0.007193525826755032,1,0.2568260264530744,0,-1.0,1.0,2.0,1,0,0,0
weak,8,254,2,0.007193525826755032,1,0.25973956135618675,0,-1.0,1.0,2.0,1,0,0,0
weak,8,255,2,0.007193525826755032,1,0.23456325854459426,0,-1.0,1.0,2.0,1,0,0,0
weak,8,256,2,0.007193525826755032,1,0.2366235730805154,0,-1.0,1.0,2.0,1,0,0,0
weak,8,257,2,0.007193525826755032,1,0.2586724082983729,0,-1.0,1.0,2.0,1,0,0,0
weak,8,258,2,0.007193525826755032,1,0.2376678699089697,0,-1.0,1.0,2.0,1,0,0,0
weak,8,259,2,0.007193525826755032,1,0.22761196368964853,0,-1.0,1.0,2.0,1,0,0,0
weak,8,260,2,0.007193525826755032,1,0.2563230548219291,0,-1.0,1.0,2.0,1,0,0,0
weak,8,261,2,0.007193525826755032,1,0.2424316811291667,0,-1.0,1.0,2.0,1,0,0,0
weak,8,262,2,0.007193525826755032,1,0.25739091917362933,0,-1.0,1.0,2.0,1,0,0,0
weak,8,263,2,0.007193525826755032,1,0.25107906280844305,0,-1.0,1.0,2.0,1,0,0,0
weak,8,264,2,0.007193525826755032,1,0.2548306560359792,0,-1.0,1.0,2.0,1,0,0,0
weak,8,265,2,0.007193525826755032,1,0.23534796622031262,0,-1.0,1.0,2.0,1,0,0,0
weak,8,266,2,0.007193525826755032,1,0.2597395613561866,0,-1.0,1.0,2.0,1,0,0,0
weak,8,267,2,0.007193525826755032,1,0.2589070128631331,0,-1.0,1.0,2.0,1,0,0,0
weak,8,268,2,0.007193525826755032,1,0.24570846883107178,0,-1.0,1.0,2.0,1,0,0,0
weak,8,269,2,0.007193525826755032,1,0.25889604676017874,0,-1.0,1.0,2.0,1,0,0,0
weak,8,270,2,0.007193525826755032,1,0.2597395613561866,0,-1.0,1.0,2.0,1,0,0,0
weak,8,271,2,0.007193525826755032,1,0.2460414079855786,0,-1.0,1.0,2.0,1,0,0,0
weak,8,272,2,0.007193525826755032,1,0.25381221490694406,0,-1.0,1.0,2.0,1,0,0,0
weak,8,273,2,0.007193525826755032,1,0.2447047461955255,0,-1.0,1.0,2.0,1,0,0,0
weak,8,274,2,0.007193525826755032,1,0.2579526404367478,0,-1.0,1.0,2.0,1,0,0,0
weak,8,275,2,0.007193525826755032,1,0.2596472117658548,0,-1.0,1.0,2.0,1,0,0,0
weak,8,276,2,0.007193525826755032,1,0.24261519637826512,0,-1.0,1.0,2.0,1,0,0,0
weak,8,277,2,0.007193525826755032,1,0.2538135876355482,0,-1.0,1.0,2.0,1,0,0,0
weak,8,278,2,0.007193525826755032,1,0.2597395613561866,0,-1.0,1.0,2.0,1,0,0,0
weak,8,279,2,0.007193525826755032,1,0.25973614748430196,0,-1.0,1.0,2.0,1,0,0,0
weak,8,280,2,0.007193525826755032,1,0.2246290200373131,0,-0.9876565219888795,1.0,1.9876565219888795,1,0,0,0
weak,8,281,2,0.007193525826755032,0,,1,,,,0,0,0,0
weak,8,282,2,0.007193525826755032,1,0.24794045973575096,0,-1.0,1.0,2.0,1,0,0,0
weak,8,283,2,0.007193525826755032,1,0.2511023058083538,0,-1.0,1.0,2.0,1,0,0,0
weak,8,284,2,0.007193525826755032,1,0.25835578634338574,0,-1.0,1.0,2.0,1,0,0,0
weak,8,285,2,0.007193525826755032,1,0.2597395613561867,0,-1.0,1.0,2.0,1,0,0,0
weak,8,286,2,0.007193525826755032,1,0.25687866078402843,0,-1.0,1.0,2.0,1,0,0,0
weak,8,287,2,0.007193525826755032,1,0.2597395613561866,0,-1.0,1.0,2.0,1,0,0,0
weak,8,288,2,0.007193525826755032,1,0.2597395613561866,0,-1.0,1.0,2.0,1,0,0,0
weak,8,289,2,0.007193525826755032,1,0.25211332000587483,0,-1.0,1.0,2.0,1,0,0,0
weak,8,290,2,0.007193525826755032,1,0.2582861165848851,0,-1.0,1.0,2.0,1,0,0,0
weak,8,291,2,0.007193525826755032,1,0.2597395613561866,0,-1.0,1.0,2.0,1,0,0,0
weak,8,292,2,0.007193525826755032,1,0.2597395613561866,0,-1.0,1.0,2.0,1,0,0,0
weak,8,293,2,0.007193525826755032,1,0.2438859195513733,0,-1.0,1.0,2.0,1,0,0,0
weak,8,294,2,0.007193525826755032,1,0.2267445924323125,0,-1.0,1.0,2.0,1,0,0,0
weak,8,295,2,0.007193525826755032,1,0.2431807051209961,0,-1.0,1.0,2.0,1,0,0,0
weak,8,296,2,0.007193525826755032,1,0.20263421196024134,0,-1.0,1.0,2.0,1,0,0,0
weak,8,297,2,0.007193525826755032,1,0.25973424505029974,0,-1.0,1.0,2.0,1,0,0,0
weak,8,298,2,0.007193525826755032,1,0.2553636332048441,0,-1.0,1.0,2.0,1,0,0,0
weak,8,299,2,0.007193525826755032,1,0.2556814044939627,0,-1.0,1.0,2.0,1,0,0,0
weak,32,0,2,0.028774103307012133,1,0.12647593058121365,0,-0.9920004170426686,1.0,1.9920004170426686,1,0,0,0
weak,32,1,2,0.028774103307012133,1,0.12929975636306856,0,-1.0,1.0,2.0,1,0,0,0
weak,32,2,2,0.028774103307012133,1,0.1298697806780933,0,-1.0,1.0,2.0,1,0,0,0
weak,32,3,2,0.028774103307012133,1,0.1284864874376781,0,-0.9788198431234869,1.0,1.978819843123487,1,0,0,0
weak,32,4,2,0.028774103307012133,1,0.12986978067809318,0,-1.0,1.0,2.0,1,0,0,0
weak,32,5,2,0.028774103307012133,0,0.09705828215167633,0,-0.09677014138253504,1.0,1.096770141382535,1,0,0,0
weak,32,6,2,0.028774103307012133,1,0.1298697806780933,0,-1.0,1.0,2.0,1,0,0,0
weak,32,7,2,0.028774103307012133,1,0.11722384569362176,0,-0.8264146306207225,1.0,1.8264146306207225,1,0,0,0
weak,32,8,2,0.028774103307012133,1,0.12020688322032114,0,-1.0,0.9874623571605201,1.98746235716052,1,0,0,0
weak,32,9,2,0.028774103307012133,1,0.1298697806780933,0,-1.0,1.0,2.0,1,0,0,0
weak,32,10,2,0.028774103307012133,1,0.1298697806780933,0,-1.0,1.0,2.0,1,0,0,0
weak,32,11,2,0.028774103307012133,1,0.1298697806780933,0,-1.0,1.0,2.0,1,0,0,0
weak,32,12,2,0.028774103307012133,1,0.12650253342511808,0,-1.0,1.0,2.0,1,0,0,0
weak,32,13,2,0.028774103307012133,1,0.12018544793832797,0,-0.9862438806519387,1.0,1.9862438806519387,1,0,0,0
weak,32,14,2,0.028774103307012133,1,0.1298697806780933,0,-1.0,1.0,2.0,1,0,0,0
weak,32,15,2,0.028774103307012133,1,0.12338428804541446,0,-0.9756450916230661,1.0,1.9756450916230661,1,0,0,0
weak,32,16,2,0.028774103307012133,1,0.12855643751662382,0,-1.0,1.0,2.0,1,0,0,0
weak,32,17,2,0.028774103307012133,1,0.1298697806780933,0,-1.0,1.0,2.0,1,0,0,0
weak,32,18,2,0.028774103307012133,1,0.12807561193264405,0,-1.0,0.9997978080657096,1.9997978080657095,1,0,0,0
weak,32,19,2,0.028774103307012133,1,0.1280330166419671,0,-1.0,1.0,2.0,1,0,0,0
weak,32,20,2,0.028774103307012133,1,0.12986965297081976,0,-1.0,1.0,2.0,1,0,0,0
weak,32,21,2,0.028774103307012133,1,0.1298697806780933,0,-1.0,1.0,2.0,1,0,0,0
weak,32,22,2,0.028774103307012133,1,0.12857037742291588,0,-1.0,1.0,2.0,1,0,0,0
weak,32,23,2,0.028774103307012133,1,0.1298697806780933,0,-1.0,1.0,2.0,1,0,0,0
weak,32,24,2,0.028774103307012133,1,0.12986978067809307,0,-1.0,1.0,2.0,1,0,0,0
weak,32,25,2,0.028774103307012133,1,0.11529714714180506,0,-0.7339741250252665,1.0,1.7339741250252665,1,0,0,0
weak,32,26,2,0.028774103307012133,1,0.12942338981764678,0,-1.0,1.0,2.0,1,0,0,0
weak,32,27,2,0.028774103307012133,1,0.1298697806780933,0,-1.0,1.0,2.0,1,0,0,0
weak,32,28,2,0.028774103307012133,1,0.11299604639449667,0,-1.0,0.6321256811551632,1.6321256811551632,1,0,0,0
weak,32,29,2,0.028774103307012133,1,0.09256758824720845,0,0.020494355322054902,1.0,0.9795056446779451,1,0,0,0
weak,32,30,2,0.028774103307012133,1,0.12986978067809318,0,-1.0,1.0,2.0,1,0,0,0
weak,32,31,2,0.028774103307012133,1,0.12986978067809318,0,-1.0,1.0,2.0,1,0,0,0
weak,32,32,2,0.028774103307012133,1,0.12361560613545053,0,-1.0,1.0,2.0,1,0,0,0
weak,32,33,2,0.028774103307012133,1,0.12205367694446179,0,-0.9712250833359548,1.0,1.9712250833359548,1,0,0,0
weak,32,34,2,0.028774103307012133,1,0.12101853875014035,0,-1.0,1.0,2.0,1,0,0,0
weak,32,35,2,0.028774103307012133,1,0.1298697806780933,0,-1.0,1.0,2.0,1,0,0,0
weak,32,36,2,0.028774103307012133,1,0.1298697806780933,0,-1.0,1.0,2.0,1,0,0,0
weak,32,37,2,0.028774103307012133,1,0.1298697806780934,0,-1.0,1.0,2.0,1,0,0,0
weak,32,38,2,0.028774103307012133,0,0.08977158910433392,0,0.08624854464117981,1.0,0.9137514553588202,1,1,0,0
weak,32,39,2,0.028774103307012133,1,0.12485504202533826,0,-0.9995921960334322,1.0,1.9995921960334322,1,0,0,0
weak,32,40,2,0.028774103307012133,1,0.12986978067809318,0,-1.0,1.0,2.0,1,0,0,0
weak,32,41,2,0.028774103307012133,1,0.1298697806780933,0,-1.0,1.0,2.0,1,0,0,0
weak,32,42,2,0.028774103307012133,1,0.12986978067809318,0,-1.0,1.0,2.0,1,0,0,0
weak,32,43,2,0.028774103307012133,1,0.12513420969192424,0,-1.0,1.0,2.0,1,0,0,0
weak,32,44,2,0.028774103307012133,0,0.0994014821160607,0,-1.0,0.16160496852154793,1.161604968521548,0,0,0,0
weak,32,45,2,0.028774103307012133,1,0.12983203613408145,0,-1.0,1.0,2.0,1,0,0,0
weak,32,46,2,0.028774103307012133,1,0.12986978067809318,0,-1.0,1.0,2.0,1,0,0,0
weak,32,47,2,0.028774103307012133,1,0.11640957784637651,0,-1.0,0.786377258617101,1.786377258617101,1,0,0,0
weak,32,48,2,0.028774103307012133,1,0.12273049840432926,0,-1.0,1.0,2.0,1,0,0,0
weak,32,49,2,0.028774103307012133,1,0.0921382496168841,0,0.030719309880832935,1.0,0.9692806901191671,1,0,0,0
weak,32,50,2,0.028774103307012133,1,0.12762709414293583,0,-1.0,1.0,2.0,1,0,0,0
weak,32,51,2,0.028774103307012133,1,0.12807240711016543,0,-1.0,1.0,2.0,1,0,0,0
weak,32,52,2,0.028774103307012133,1,0.1298697806780933,0,-1.0,1.0,2.0,1,0,0,0
weak,32,53,2,0.028774103307012133,1,0.11704848405293877,0,-0.819188281172819,1.0,1.819188281172819,1,0,0,0
weak,32,54,2,0.028774103307012133,1,0.12791358947156106,0,-1.0,1.0,2.0,1,0,0,0
weak,32,55,2,0.028774103307012133,1,0.12902345472950905,0,-1.0,1.0,2.0,1,0,0,0
weak,32,56,2,0.028774103307012133,1,0.1298697806780933,0,-1.0,1.0,2.0,1,0,0,0
weak,32,57,2,0.028774103307012133,1,0.12924969416647636,0,-1.0,1.0,2.0,1,0,0,0
weak,32,58,2,0.028774103307012133,0,0.11378319866767517,0,-1.0,0.6678776388685246,1.6678776388685246,1,0,0,0
weak,32,59,2,0.028774103307012133,1,0.11887614139985636,0,-0.912594497223576,1.0,1.912594497223576,1,0,0,0
weak,32,60,2,0.028774103307012133,1,0.11689276795009074,0,-0.8105540261741444,1.0,1.8105540261741444,1,0,0,0
weak,32,61,2,0.028774103307012133,1,0.12981709756293303,0,-1.0,1.0,2.0,1,0,0,0
weak,32,62,2,0.028774103307012133,1,0.12980078066444345,0,-1.0,1.0,2.0,1,0,0,0
weak,32,63,2,0.028774103307012133,1,0.12964423955334203,0,-1.0,1.0,2.0,1,0,0,0
weak,32,64,2,0.028774103307012133,1,0.12986905465638676,0,-1.0,1.0,2.0,1,0,0,0
weak,32,65,2,0.028774103307012133,1,0.12986978067809307,0,-1.0,1.0,2.0,1,0,0,0
weak,32,66,2,0.028774103307012133,1,0.1291640913972436,0,-1.0,1.0,2.0,1,0,0,0
weak,32,67,2,0.028774103307012133,1,0.129431737022507,0,-1.0,1.0,2.0,1,0,0,0
weak,32,68,2,0.028774103307012133,1,0.12937543549222708,0,-1.0,1.0,2.0,1,0,0,0
weak,32,69,2,0.028774103307012133,1,0.12945449827757816,0,-1.0,1.0,2.0,1,0,0,0
weak,32,70,2,0.028774103307012133,1,0.1298697806780934,0,-1.0,1.0,2.0,1,0,0,0
weak,32,71,2,0.028774103307012133,0,0.10506782267776149,0,-1.0,0.337028325101274,1.337028325101274,1,0,0,0
weak,32,72,2,0.028774103307012133,1,0.10931010867922708,0,-0.4858763961043633,1.0,1.4858763961043633,1,0,0,0
weak,32,73,2,0.028774103307012133,1,0.1298697806780933,0,-1.0,1.0,2.0,1,0,0,0
weak,32,74,2,0.028774103307012133,1,0.1298697806780933,0,-1.0,1.0,2.0,1,0,0,0
weak,32,75,2,0.028774103307012133,1,0.1298697806780933,0,-1.0,1.0,2.0,1,0,0,0
weak,32,76,2,0.028774103307012133,1,0.1298697806780933,0,-1.0,1.0,2.0,1,0,0,0
weak,32,77,2,0.028774103307012133,1,0.1298697806780933,0,-1.0,1.0,2.0,1,0,0,0
weak,32,78,2,0.028774103307012133,1,0.1292034353975423,0,-1.0,0.9975697755124073,1.9975697755124073,1,0,0,0
weak,32,79,2,0.028774103307012133,1,0.12986978067809318,0,-1.0,1.0,2.0,1,0,0,0
weak,32,80,2,0.028774103307012133,1,0.1292624225611101,0,-1.0,1.0,2.0,1,0,0,0
weak,32,81,2,0.028774103307012133,1,0.127460506719277,0,-1.0,1.0,2.0,1,0,0,0
weak,32,82,2,0.028774103307012133,1,0.12691117569652088,0,-1.0,1.0,2.0,1,0,0,0
weak,32,83,2,0.028774103307012133,1,0.12502782508294785,0,-1.0,1.0,2.0,1,0,0,0
weak,32,84,2,0.028774103307012133,1,0.1262908814966316,0,-0.9897131903836074,1.0,1.9897131903836074,1,0,0,0
weak,32,85,2,0.028774103307012133,1,0.1298697806780933,0,-1.0,1.0,2.0,1,0,0,0
weak,32,86,2,0.028774103307012133,1,0.1298697806780933,0,-1.0,1.0,2.0,1,0,0,0
weak,32,87,2,0.028774103307012133,1,0.1298697806780933,0,-1.0,1.0,2.0,1,0,0,0
weak,32,88,2,0.028774103307012133,1,0.12985670376874736,0,-1.0,1.0,2.0,1,0,0,0
weak,32,89,2,0.028774103307012133,1,0.1298697806780933,0,-1.0,1.0,2.0,1,0,0,0
weak,32,90,2,0.028774103307012133,1,0.12832894385481297,0,-1.0,1.0,2.0,1,0,0,0
weak,32,91,2,0.028774103307012133,1,0.11470987219415585,0,-0.7075837242946101,1.0,1.7075837242946101,1,0,0,0
weak,32,92,2,0.028774103307012133,1,0.12943835749411015,0,-1.0,1.0,2.0,1,0,0,0
weak,32,93,2,0.028774103307012133,1,0.124889046660559,0,-1.0,1.0,2.0,1,0,0,0
weak,32,94,2,0.028774103307012133,1,0.1298697806780933,0,-1.0,1.0,2.0,1,0,0,0
weak,32,95,2,0.028774103307012133,1,0.12518741115559862,0,-1.0,1.0,2.0,1,0,0,0
weak,32,96,2,0.028774103307012133,1,0.1298697806780933,0,-1.0,1.0,2.0,1,0,0,0
weak,32,97,2,0.028774103307012133,1,0.12796178329869334,0,-1.0,1.0,2.0,1,0,0,0
weak,32,98,2,0.028774103307012133,1,0.1298697806780933,0,-1.0,1.0,2.0,1,0,0,0
weak,32,99,2,0.028774103307012133,1,0.12795958826150022,0,-1.0,1.0,2.0,1,0,0,0
weak,32,100,2,0.028774103307012133,1,0.1298697806780934,0,-1.0,1.0,2.0,1,0,0,0
weak,32,101,2,0.028774103307012133,1,0.1265441750911478,0,-1.0,1.0,2.0,1,0,0,0
weak,32,102,2,0.028774103307012133,1,0.12986978067809318,0,-1.0,1.0,2.0,1,0,0,0
weak,32,103,2,0.028774103307012133,1,0.12986978067809318,0,-1.0,1.0,2.0,1,0,0,0
weak,32,104,2,0.028774103307012133,1,0.1298697806780933,0,-1.0,1.0,2.0,1,0,0,0
weak,32,105,2,0.028774103307012133,1,0.12919358689432203,0,-0.9893052191294442,1.0,1.9893052191294442,1,0,0,0
weak,32,106,2,0.028774103307012133,1,0.1298697806780933,0,-1.0,1.0,2.0,1,0,0,0
weak,32,107,2,0.028774103307012133,1,0.1296804035930934,0,-1.0,1.0,2.0,1,0,0,0
weak,32,108,2,0.028774103307012133,1,0.1298697806780933,0,-1.0,1.0,2.0,1,0,0,0
weak,32,109,2,0.028774103307012133,1,0.12986978067809318,0,-1.0,1.0,2.0,1,0,0,0
weak,32,110,2,0.028774103307012133,1,0.1298697806780933,0,-1.0,1.0,2.0,1,0,0,0
weak,32,111,2,0.028774103307012133,1,0.1298697806780933,0,-1.0,1.0,2.0,1,0,0,0
weak,32,112,2,0.028774103307012133,1,0.12795295179295518,0,-1.0,1.0,2.0,1,0,0,0
weak,32,113,2,0.028774103307012133,1,0.1298697806780934,0,-1.0,1.0,2.0,1,0,0,0
weak,32,114,2,0.028774103307012133,1,0.12986978067809318,0,-1.0,1.0,2.0,1,0,0,0
weak,32,115,2,0.028774103307012133,1,0.1298697806780933,0,-1.0,1.0,2.0,1,0,0,0
weak,32,116,2,0.028774103307012133,1,0.12986978067809318,0,-1.0,1.0,2.0,1,0,0,0
weak,32,117,2,0.028774103307012133,1,0.1298697806780933,0,-1.0,1.0,2.0,1,0,0,0
weak,32,118,2,0.028774103307012133,1,0.1298697806780934,0,-1.0,1.0,2.0,1,0,0,0
weak,32,119,2,0.028774103307012133,1,0.1279082164955826,0,-1.0,1.0,2.0,1,0,0,0
weak,32,120,2,0.028774103307012133,1,0.1298697806780933,0,-1.0,1.0,2.0,1,0,0,0
weak,32,121,2,0.028774103307012133,1,0.1296647224332419,0,-1.0,1.0,2.0,1,0,0,0
weak,32,122,2,0.028774103307012133,1,0.1298543698447998,0,-1.0,1.0,2.0,1,0,0,0
weak,32,123,2,0.028774103307012133,1,0.1298697806780933,0,-1.0,1.0,2.0,1,0,0,0
weak,32,124,2,0.028774103307012133,1,0.12986978067809318,0,-1.0,1.0,2.0,1,0,0,0
weak,32,125,2,0.028774103307012133,1,0.12986665942803333,0,-1.0,1.0,2.0,1,0,0,0
weak,32,126,2,0.028774103307012133,1,0.1298697806780933,0,-1.0,1.0,2.0,1,0,0,0
weak,32,127,2,0.028774103307012133,1,0.11597238177163194,0,-0.765355976426104,1.0,1.765355976426104,1,0,0,0
weak,32,128,2,0.028774103307012133,1,0.1298697806780933,0,-1.0,1.0,2.0,1,0,0,0
weak,32,129,2,0.028774103307012133,1,0.1298697806780933,0,-1.0,1.0,2.0,1,0,0,0
weak,32,130,2,0.028774103307012133,1,0.1298697806780933,0,-1.0,1.0,2.0,1,0,0,0
weak,32,131,2,0.028774103307012133,1,0.1298697806780933,0,-1.0,1.0,2.0,1,0,0,0
weak,32,132,2,0.028774103307012133,0,0.10459302934353798,0,-1.0,0.32093004854654805,1.320930048546548,1,0,0,0
weak,32,133,2,0.028774103307012133,1,0.12915454106810065,0,-1.0,1.0,2.0,1,0,0,0
weak,32,134,2,0.028774103307012133,1,0.12869690857967908,0,-0.9865367780448207,1.0,1.9865367780448207,1,0,0,0
weak,32,135,2,0.028774103307012133,1,0.12986978067809307,0,-1.0,1.0,2.0,1,0,0,0
weak,32,136,2,0.028774103307012133,1,0.1298638185111104,0,-1.0,1.0,2.0,1,0,0,0
weak,32,137,2,0.028774103307012133,1,0.12956943015553368,0,-1.0,1.0,2.0,1,0,0,0
weak,32,138,2,0.028774103307012133,1,0.126265788181657,0,-1.0,1.0,2.0,1,0,0,0
weak,32,139,2,0.028774103307012133,1,0.12342285461526625,0,-1.0,1.0,2.0,1,0,0,0
weak,32,140,2,0.028774103307012133,1,0.1298697806780934,0,-1.0,1.0,2.0,1,0,0,0
weak,32,141,2,0.028774103307012133,1,0.1286909380902067,0,-1.0,1.0,2.0,1,0,0,0
weak,32,142,2,0.028774103307012133,1,0.12857546978886325,0,-1.0,1.0,2.0,1,0,0,0
weak,32,143,2,0.028774103307012133,0,0.11980876985284228,0,-0.9394136788250236,1.0,1.9394136788250236,1,0,0,0
weak,32,144,2,0.028774103307012133,1,0.1298679905631518,0,-1.0,1.0,2.0,1,0,0,0
weak,32,145,2,0.028774103307012133,1,0.12986978067809318,0,-1.0,1.0,2.0,1,0,0,0
weak,32,146,2,0.028774103307012133,1,0.12986978067809318,0,-1.0,1.0,2.0,1,0,0,0
weak,32,147,2,0.028774103307012133,1,0.11902739950342633,0,-1.0,0.9210410806079428,1.9210410806079428,1,0,0,0
weak,32,148,2,0.028774103307012133,1,0.1191986642956554,0,-1.0,0.930211328724222,1.930211328724222,1,0,0,0
weak,32,149,2,0.028774103307012133,1,0.1298697806780933,0,-1.0,1.0,2.0,1,0,0,0
weak,32,150,2,0.028774103307012133,1,0.1298697806780934,0,-1.0,1.0,2.0,1,0,0,0
weak,32,151,2,0.028774103307012133,1,0.1240015873298953,0,-1.0,0.9766285295627894,1.9766285295627894,1,0,0,0
weak,32,152,2,0.028774103307012133,1,0.1298697806780933,0,-1.0,1.0,2.0,1,0,0,0
weak,32,153,2,0.028774103307012133,1,0.1298697806780933,0,-1.0,1.0,2.0,1,0,0,0
weak,32,154,2,0.028774103307012133,1,0.1298697806780933,0,-1.0,1.0,2.0,1,0,0,0
weak,32,155,2,0.028774103307012133,1,0.1298697806780933,0,-1.0,1.0,2.0,1,0,0,0
weak,32,156,2,0.028774103307012133,1,0.1266117853515999,0,-1.0,1.0,2.0,1,0,0,0
weak,32,157,2,0.028774103307012133,1,0.12986978067809318,0,-1.0,1.0,2.0,1,0,0,0
weak,32,158,2,0.028774103307012133,1,0.1298697806780933,0,-1.0,1.0,2.0,1,0,0,0
weak,32,159,2,0.028774103307012133,1,0.1298697806780933,0,-1.0,1.0,2.0,1,0,0,0
weak,32,160,2,0.028774103307012133,1,0.12974311977087838,0,-1.0,1.0,2.0,1,0,0,0
weak,32,161,2,0.028774103307012133,1,0.1298649789802948,0,-1.0,1.0,2.0,1,0,0,0
weak,32,162,2,0.028774103307012133,1,0.12986978067809307,0,-1.0,1.0,2.0,1,0,0,0
weak,32,163,2,0.028774103307012133,1,0.1298697806780933,0,-1.0,1.0,2.0,1,0,0,0
weak,32,164,2,0.028774103307012133,1,0.12907970437887095,0,-1.0,1.0,2.0,1,0,0,0
weak,32,165,2,0.028774103307012133,1,0.1298697806780933,0,-1.0,1.0,2.0,1,0,0,0
weak,32,166,2,0.028774103307012133,1,0.12986978067809318,0,-1.0,1.0,2.0,1,0,0,0
weak,32,167,2,0.028774103307012133,1,0.12792712982050813,0,-1.0,1.0,2.0,1,0,0,0
weak,32,168,2,0.028774103307012133,1,0.1298697806780933,0,-1.0,1.0,2.0,1,0,0,0
weak,32,169,2,0.028774103307012133,1,0.10740695828325919,0,-1.0,0.41644469409302465,1.4164446940930246,1,0,0,0
weak,32,170,2,0.028774103307012133,1,0.1298697806780933,0,-1.0,1.0,2.0,1,0,0,0
weak,32,171,2,0.028774103307012133,1,0.12835078175894732,0,-1.0,1.0,2.0,1,0,0,0
weak,32,172,2,0.028774103307012133,1,0.1288842594923405,0,-1.0,1.0,2.0,1,0,0,0
weak,32,173,2,0.028774103307012133,1,0.1298697806780933,0,-1.0,1.0,2.0,1,0,0,0
weak,32,174,2,0.028774103307012133,1,0.12759822193407266,0,-1.0,1.0,2.0,1,0,0,0
weak,32,175,2,0.028774103307012133,1,0.12986450917845715,0,-1.0,1.0,2.0,1,0,0,0
weak,32,176,2,0.028774103307012133,1,0.12986978067809318,0,-1.0,1.0,2.0,1,0,0,0
weak,32,177,2,0.028774103307012133,1,0.12687627695397685,0,-1.0,1.0,2.0,1,0,0,0
weak,32,178,2,0.028774103307012133,1,0.12812510734678584,0,-1.0,1.0,2.0,1,0,0,0
weak,32,179,2,0.028774103307012133,1,0.1298697806780934,0,-1.0,1.0,2.0,1,0,0,0
weak,32,180,2,0.028774103307012133,0,0.12986267574787058,0,-1.0,0.9823956393445468,1.9823956393445468,1,0,0,0
weak,32,181,2,0.028774103307012133,1,0.1298697806780934,0,-1.0,1.0,2.0,1,0,0,0
weak,32,182,2,0.028774103307012133,1,0.12867400495779202,0,-1.0,1.0,2.0,1,0,0,0
weak,32,183,2,0.028774103307012133,1,0.1298697806780934,0,-1.0,1.0,2.0,1,0,0,0
weak,32,184,2,0.028774103307012133,1,0.12986978067809318,0,-1.0,1.0,2.0,1,0,0,0
weak,32,185,2,0.028774103307012133,1,0.1298697806780933,0,-1.0,1.0,2.0,1,0,0,0
weak,32,186,2,0.028774103307012133,1,0.12168005697910511,0,-1.0,0.9823499588758924,1.9823499588758924,1,0,0,0
weak,32,187,2,0.028774103307012133,1,0.12937313354328495,0,-1.0,1.0,2.0,1,0,0,0
weak,32,188,2,0.028774103307012133,1,0.12041249850776203,0,-1.0,0.9969523710319386,1.9969523710319386,1,0,0,0
weak,32,189,2,0.028774103307012133,1,0.10822615642952749,0,-0.44562362861416194,1.0,1.445623628614162,1,0,0,0
weak,32,190,2,0.028774103307012133,1,0.12986978067809318,0,-1.0,1.0,2.0,1,0,0,0
weak,32,191,2,0.028774103307012133,1,0.1298697806780933,0,-1.0,1.0,2.0,1,0,0,0
weak,32,192,2,0.028774103307012133,1,0.12690064458047978,0,-0.9900866018714656,1.0,1.9900866018714656,1,0,0,0
weak,32,193,2,0.028774103307012133,1,0.12963555431411322,0,-1.0,1.0,2.0,1,0,0,0
weak,32,194,2,0.028774103307012133,1,0.12923667371026026,0,-1.0,1.0,2.0,1,0,0,0
weak,32,195,2,0.028774103307012133,1,0.1298697806780933,0,-1.0,1.0,2.0,1,0,0,0
weak,32,196,2,0.028774103307012133,1,0.12457374471013682,0,-1.0,0.9995255367719817,1.9995255367719817,1,0,0,0
weak,32,197,2,0.028774103307012133,1,0.12986978067809318,0,-1.0,1.0,2.0,1,0,0,0
weak,32,198,2,0.028774103307012133,0,0.10482804139264368,0,-0.9870436126082994,0.34350573754810076,1.3305493501564003,1,0,0,0
weak,32,199,2,0.028774103307012133,1,0.1298697806780933,0,-1.0,1.0,2.0,1,0,0,0
weak,32,200,2,0.028774103307012133,1,0.1298697806780933,0,-1.0,1.0,2.0,1,0,0,0
weak,32,201,2,0.028774103307012133,1,0.12949715554221863,0,-1.0,1.0,2.0,1,0,0,0
weak,32,202,2,0.028774103307012133,1,0.11400024500542649,0,-0.6754601715349677,1.0,1.6754601715349677,1,0,0,0
weak,32,203,2,0.028774103307012133,1,0.1298697806780933,0,-1.0,1.0,2.0,1,0,0,0
weak,32,204,2,0.028774103307012133,1,0.12986978067809318,0,-1.0,1.0,2.0,1,0,0,0
weak,32,205,2,0.028774103307012133,1,0.1298697806780933,0,-1.0,1.0,2.0,1,0,0,0
weak,32,206,2,0.028774103307012133,1,0.1294325369064543,0,-1.0,1.0,2.0,1,0,0,0
weak,32,207,2,0.028774103307012133,1,0.12873570746467922,0,-1.0,1.0,2.0,1,0,0,0
weak,32,208,2,0.028774103307012133,1,0.1298697806780934,0,-1.0,1.0,2.0,1,0,0,0
weak,32,209,2,0.028774103307012133,1,0.1298697806780933,0,-1.0,1.0,2.0,1,0,0,0
weak,32,210,2,0.028774103307012133,1,0.12972489626890804,0,-1.0,1.0,2.0,1,0,0,0
weak,32,211,2,0.028774103307012133,1,0.12919679872464374,0,-1.0,1.0,2.0,1,0,0,0
weak,32,212,2,0.028774103307012133,1,0.1298697806780933,0,-1.0,1.0,2.0,1,0,0,0
weak,32,213,2,0.028774103307012133,1,0.1298697806780933,0,-1.0,1.0,2.0,1,0,0,0
weak,32,214,2,0.028774103307012133,1,0.1234856494058979,0,-1.0,1.0,2.0,1,0,0,0
weak,32,215,2,0.028774103307012133,1,0.1298697806780934,0,-1.0,1.0,2.0,1,0,0,0
weak,32,216,2,0.028774103307012133,1,0.1298697806780934,0,-1.0,1.0,2.0,1,0,0,0
weak,32,217,2,0.028774103307012133,1,0.1298697806780933,0,-1.0,1.0,2.0,1,0,0,0
weak,32,218,2,0.028774103307012133,1,0.1268152262913801,0,-1.0,1.0,2.0,1,0,0,0
weak,32,219,2,0.028774103307012133,1,0.1298697806780933,0,-1.0,1.0,2.0,1,0,0,0
weak,32,220,2,0.028774103307012133,1,0.12101964900781403,0,-1.0,0.9656645818937719,1.965664581893772,1,0,0,0
weak,32,221,2,0.028774103307012133,1,0.1298697806780933,0,-1.0,1.0,2.0,1,0,0,0
weak,32,222,2,0.028774103307012133,1,0.1298697806780933,0,-1.0,1.0,2.0,1,0,0,0
weak,32,223,2,0.028774103307012133,1,0.1298697806780933,0,-1.0,1.0,2.0,1,0,0,0
weak,32,224,2,0.028774103307012133,0,0.1298697806780934,0,-0.9674459175369106,0.9803912040815949,1.9478371216185053,1,0,0,0
weak,32,225,2,0.028774103307012133,1,0.11866360677842713,0,-1.0,0.9010727189597398,1.9010727189597398,1,0,0,0
weak,32,226,2,0.028774103307012133,1,0.1263027429825524,0,-1.0,1.0,2.0,1,0,0,0
weak,32,227,2,0.028774103307012133,1,0.12986978067809318,0,-1.0,1.0,2.0,1,0,0,0
weak,32,228,2,0.028774103307012133,1,0.1298697806780933,0,-1.0,1.0,2.0,1,0,0,0
weak,32,229,2,0.028774103307012133,1,0.1182949767697985,0,-0.8834795689418553,1.0,1.8834795689418553,1,0,0,0
weak,32,230,2,0.028774103307012133,1,0.1298697806780933,0,-1.0,1.0,2.0,1,0,0,0
weak,32,231,2,0.028774103307012133,1,0.128313222218026,0,-1.0,1.0,2.0,1,0,0,0
weak,32,232,2,0.028774103307012133,1,0.12986978067809318,0,-1.0,1.0,2.0,1,0,0,0
weak,32,233,2,0.028774103307012133,1,0.11883697415336925,0,-1.0,0.9120389010675494,1.9120389010675494,1,0,0,0
weak,32,234,2,0.028774103307012133,1,0.12595452908343097,0,-1.0,1.0,2.0,1,0,0,0
weak,32,235,2,0.028774103307012133,1,0.12395948449332872,0,-1.0,1.0,2.0,1,0,0,0
weak,32,236,2,0.028774103307012133,1,0.1298697806780933,0,-1.0,1.0,2.0,1,0,0,0
weak,32,237,2,0.028774103307012133,1,0.1298697806780934,0,-1.0,1.0,2.0,1,0,0,0
weak,32,238,2,0.028774103307012133,0,0.12986978067809318,0,-0.9430917528094558,0.9569966130947875,1.9000883659042431,1,0,0,0
weak,32,239,2,0.028774103307012133,1,0.1293938135492465,0,-1.0,1.0,2.0,1,0,0,0
weak,32,240,2,0.028774103307012133,1,0.1274043503863539,0,-1.0,1.0,2.0,1,0,0,0
weak,32,241,2,0.028774103307012133,1,0.12892955875029444,0,-1.0,1.0,2.0,1,0,0,0
weak,32,242,2,0.028774103307012133,1,0.1298697806780933,0,-1.0,1.0,2.0,1,0,0,0
weak,32,243,2,0.028774103307012133,1,0.1298697806780933,0,-1.0,1.0,2.0,1,0,0,0
weak,32,244,2,0.028774103307012133,1,0.1298697806780933,0,-1.0,1.0,2.0,1,0,0,0
weak,32,245,2,0.028774103307012133,1,0.09446351154954113,0,-0.027247584670032632,1.0,1.0272475846700326,1,0,0,0
weak,32,246,2,0.028774103307012133,1,0.12446710269888206,0,-1.0,1.0,2.0,1,0,0,0
weak,32,247,2,0.028774103307012133,1,0.12986978067809318,0,-1.0,1.0,2.0,1,0,0,0
weak,32,248,2,0.028774103307012133,1,0.12984983396261263,0,-1.0,1.0,2.0,1,0,0,0
weak,32,249,2,0.028774103307012133,1,0.11471662552854012,0,-1.0,0.707294423357542,1.707294423357542,1,0,0,0
weak,32,250,2,0.028774103307012133,1,0.1298697806780933,0,-1.0,1.0,2.0,1,0,0,0
weak,32,251,2,0.028774103307012133,1,0.11746052120860795,0,-1.0,0.8387647586189191,1.838764758618919,1,0,0,0
weak,32,252,2,0.028774103307012133,1,0.1298697806780933,0,-1.0,1.0,2.0,1,0,0,0
weak,32,253,2,0.028774103307012133,1,0.1298697806780933,0,-1.0,1.0,2.0,1,0,0,0
weak,32,254,2,0.028774103307012133,1,0.1298697806780933,0,-1.0,1.0,2.0,1,0,0,0
weak,32,255,2,0.028774103307012133,1,0.1298697806780933,0,-1.0,1.0,2.0,1,0,0,0
weak,32,256,2,0.028774103307012133,1,0.1298697806780933,0,-1.0,1.0,2.0,1,0,0,0
weak,32,257,2,0.028774103307012133,1,0.12966008670530405,0,-1.0,1.0,2.0,1,0,0,0
weak,32,258,2,0.028774103307012133,0,0.0999982134804358,0,-1.0,0.17864188876173115,1.1786418887617311,0,0,0,0
weak,32,259,2,0.028774103307012133,1,0.1297527155935173,0,-0.9997265422940858,1.0,1.9997265422940858,1,0,0,0
weak,32,260,2,0.028774103307012133,1,0.12709672084527224,0,-1.0,1.0,2.0,1,0,0,0
weak,32,261,2,0.028774103307012133,1,0.1298697806780933,0,-1.0,1.0,2.0,1,0,0,0
weak,32,262,2,0.028774103307012133,1,0.12986978067809318,0,-1.0,1.0,2.0,1,0,0,0
weak,32,263,2,0.028774103307012133,1,0.12602106540544333,0,-1.0,1.0,2.0,1,0,0,0
weak,32,264,2,0.028774103307012133,1,0.12026821729020132,0,-0.9790892394414403,1.0,1.9790892394414403,1,0,0,0
weak,32,265,2,0.028774103307012133,1,0.12775213458517065,0,-1.0,1.0,2.0,1,0,0,0
weak,32,266,2,0.028774103307012133,1,0.1298697806780934,0,-1.0,1.0,2.0,1,0,0,0
weak,32,267,2,0.028774103307012133,1,0.12133312841736466,0,-1.0,0.9692722417345827,1.9692722417345827,1,0,0,0
weak,32,268,2,0.028774103307012133,1,0.1263729572856298,0,-1.0,1.0,2.0,1,0,0,0
weak,32,269,2,0.028774103307012133,1,0.12480489436920883,0,-1.0,1.0,2.0,1,0,0,0
weak,32,270,2,0.028774103307012133,1,0.1298697806780933,0,-1.0,1.0,2.0,1,0,0,0
weak,32,271,2,0.028774103307012133,1,0.11862297266233257,0,-0.8993512588354935,1.0,1.8993512588354935,1,0,0,0
weak,32,272,2,0.028774103307012133,1,0.1298697806780933,0,-1.0,1.0,2.0,1,0,0,0
weak,32,273,2,0.028774103307012133,1,0.12986978067809318,0,-1.0,1.0,2.0,1,0,0,0
weak,32,274,2,0.028774103307012133,1,0.1298697806780934,0,-1.0,1.0,2.0,1,0,0,0
weak,32,275,2,0.028774103307012133,1,0.12980602548257258,0,-1.0,1.0,2.0,1,0,0,0
weak,32,276,2,0.028774103307012133,1,0.10785744035534306,0,-1.0,0.4325282437417277,1.4325282437417277,1,0,0,0
weak,32,277,2,0.028774103307012133,1,0.1292194069986341,0,-1.0,0.9868786131383633,1.9868786131383633,1,0,0,0
weak,32,278,2,0.028774103307012133,1,0.1298697806780933,0,-1.0,1.0,2.0,1,0,0,0
weak,32,279,2,0.028774103307012133,1,0.1298697806780933,0,-1.0,1.0,2.0,1,0,0,0
weak,32,280,2,0.028774103307012133,1,0.12197864378069934,0,-0.9991959329757509,1.0,1.999195932975751,1,0,0,0
weak,32,281,2,0.028774103307012133,1,0.12279557947231512,0,-1.0,0.9894704246727808,1.9894704246727808,1,0,0,0
weak,32,282,2,0.028774103307012133,1,0.1298697806780933,0,-1.0,1.0,2.0,1,0,0,0
weak,32,283,2,0.028774103307012133,1,0.12836427686122553,0,-1.0,1.0,2.0,1,0,0,0
weak,32,284,2,0.028774103307012133,1,0.11808760158815235,0,-1.0,0.8714642026767185,1.8714642026767185,1,0,0,0
weak,32,285,2,0.028774103307012133,1,0.12986978067809318,0,-1.0,1.0,2.0,1,0,0,0
weak,32,286,2,0.028774103307012133,1,0.11410332474742257,0,-0.6802315262779786,1.0,1.6802315262779786,1,0,0,0
weak,32,287,2,0.028774103307012133,1,0.1298697806780933,0,-1.0,1.0,2.0,1,0,0,0
weak,32,288,2,0.028774103307012133,1,0.1298697806780933,0,-1.0,1.0,2.0,1,0,0,0
weak,32,289,2,0.028774103307012133,1,0.12624904357571454,0,-0.9996686459089967,1.0,1.9996686459089967,1,0,0,0
weak,32,290,2,0.028774103307012133,0,0.06562693935361585,0,0.5337520932846227,1.0,0.4662479067153773,0,1,0,0
weak,32,291,2,0.028774103307012133,1,0.1298697806780933,0,-1.0,1.0,2.0,1,0,0,0
weak,32,292,2,0.028774103307012133,1,0.1192229622115547,0,-0.9319260305370491,1.0,1.9319260305370491,1,0,0,0
weak,32,293,2,0.028774103307012133,1,0.1285878723021998,0,-1.0,1.0,2.0,1,0,0,0
weak,32,294,2,0.028774103307012133,1,0.12980057934612144,0,-1.0,1.0,2.0,1,0,0,0
weak,32,295,2,0.028774103307012133,0,0.11230095883944713,0,-0.9871894855835859,0.6185899911532271,1.605779476736813,1,0,0,0
weak,32,296,2,0.028774103307012133,1,0.1298697806780934,0,-1.0,1.0,2.0,1,0,0,0
weak,32,297,2,0.028774103307012133,1,0.1298697806780934,0,-1.0,1.0,2.0,1,0,0,0
weak,32,298,2,0.028774103307012133,1,0.1298697806780933,0,-1.0,1.0,2.0,1,0,0,0
weak,32,299,2,0.028774103307012133,1,0.12110699269459069,0,-1.0,0.9626307444171625,1.9626307444171625,1,0,0,0
weak,128,0,2,0.11509641322824393,1,0.06493489033904665,0,-1.0,1.0,2.0,1,0,0,0
weak,128,1,2,0.11509641322824393,0,0.06493489033904665,0,-0.9950131223577108,0.9843448231274236,1.9793579454851344,1,0,0,0
weak,128,2,2,0.11509641322824393,1,0.06493489033904676,0,-1.0,1.0,2.0,1,0,0,0
weak,128,3,2,0.11509641322824393,1,0.06493489033904665,0,-0.7495804202040096,1.0,1.7495804202040097,1,0,0,0
weak,128,4,2,0.11509641322824393,1,0.06493489033904665,0,-1.0,0.9024492789036149,1.902449278903615,1,0,0,0
weak,128,5,2,0.11509641322824393,1,0.06493489033904665,0,-1.0,1.0,2.0,1,0,0,0
weak,128,6,2,0.11509641322824393,1,0.06493170903494583,0,-0.5801672514312922,1.0,1.580167251431292,1,0,0,0
weak,128,7,2,0.11509641322824393,0,0.06493489033904676,0,-0.9910875318775746,0.9857261376739215,1.976813669551496,1,0,0,0
weak,128,8,2,0.11509641322824393,1,0.06493489033904676,0,-0.992566513664076,1.0,1.992566513664076,1,0,0,0
weak,128,9,2,0.11509641322824393,1,0.06493489033904676,0,-1.0,1.0,2.0,1,0,0,0
weak,128,10,2,0.11509641322824393,1,0.06493489033904665,0,-1.0,1.0,2.0,1,0,0,0
weak,128,11,2,0.11509641322824393,1,0.06493489033904665,0,-0.9318532544208856,1.0,1.9318532544208855,1,0,0,0
weak,128,12,2,0.11509641322824393,1,0.06493489033904665,0,-0.9185347113672648,1.0,1.9185347113672648,1,0,0,0
weak,128,13,2,0.11509641322824393,1,0.06493489033904676,0,-0.7393960134085087,1.0,1.7393960134085087,1,0,0,0
weak,128,14,2,0.11509641322824393,1,0.06493489033904665,0,-1.0,1.0,2.0,1,0,0,0
weak,128,15,2,0.11509641322824393,1,0.06493489033904676,0,-1.0,1.0,2.0,1,0,0,0
weak,128,16,2,0.11509641322824393,1,0.06493489033904676,0,-0.9936381903733951,1.0,1.993638190373395,1,0,0,0
weak,128,17,2,0.11509641322824393,1,0.06493489033904676,0,-0.6610736793557316,1.0,1.6610736793557317,1,0,0,0
weak,128,18,2,0.11509641322824393,1,0.06493489033904654,0,-1.0,1.0,2.0,1,0,0,0
weak,128,19,2,0.11509641322824393,1,0.06493489033904676,0,-0.996132764572282,1.0,1.996132764572282,1,0,0,0
weak,128,20,2,0.11509641322824393,1,0.06493489033904676,0,-0.9881143100403291,1.0,1.9881143100403291,1,0,0,0
weak,128,21,2,0.11509641322824393,1,0.06493486687720285,0,-0.5839273973692415,1.0,1.5839273973692416,1,0,0,0
weak,128,22,2,0.11509641322824393,1,0.06493489033904665,0,-1.0,1.0,2.0,1,0,0,0
weak,128,23,2,0.11509641322824393,1,0.06493489033904676,0,-1.0,1.0,2.0,1,0,0,0
weak,128,24,2,0.11509641322824393,1,0.06493489033904676,0,-0.9875192953049621,1.0,1.987519295304962,1,0,0,0
weak,128,25,2,0.11509641322824393,1,0.06493489033904665,0,-0.9394182439941359,1.0,1.9394182439941359,1,0,0,0
weak,128,26,2,0.11509641322824393,1,0.06493489033904665,0,-1.0,1.0,2.0,1,0,0,0
weak,128,27,2,0.11509641322824393,1,0.06493489033904665,0,-1.0,1.0,2.0,1,0,0,0
weak,128,28,2,0.11509641322824393,1,0.06493489033904665,0,-1.0,0.8676227395794541,1.867622739579454,1,0,0,0
weak,128,29,2,0.11509641322824393,1,0.06431188507368324,0,-0.3654058022369707,1.0,1.3654058022369706,1,0,0,0
weak,128,30,2,0.11509641322824393,1,0.06493489033904665,0,-1.0,0.9892881764765703,1.9892881764765704,1,0,0,0
weak,128,31,2,0.11509641322824393,1,0.06493489033904676,0,-1.0,1.0,2.0,1,0,0,0
weak,128,32,2,0.11509641322824393,1,0.06493489033904665,0,-1.0,0.99042644668277,1.9904264466827701,1,0,0,0
weak,128,33,2,0.11509641322824393,1,0.06493115647187353,0,-0.5655463960387311,1.0,1.565546396038731,1,0,0,0
weak,128,34,2,0.11509641322824393,1,0.06230901407680012,0,-0.1438876985249692,1.0,1.1438876985249693,1,0,0,0
weak,128,35,2,0.11509641322824393,1,0.06493489033904676,0,-1.0,1.0,2.0,1,0,0,0
weak,128,36,2,0.11509641322824393,1,0.06478082941421925,0,-0.47113517658079307,1.0,1.471135176580793,1,0,0,0
weak,128,37,2,0.11509641322824393,1,0.06493489033904676,0,-1.0,1.0,2.0,1,0,0,0
weak,128,38,2,0.11509641322824393,1,0.06493489033904676,0,-1.0,1.0,2.0,1,0,0,0
weak,128,39,2,0.11509641322824393,1,0.06493489033904676,0,-0.9101708418758596,1.0,1.9101708418758596,1,0,0,0
weak,128,40,2,0.11509641322824393,1,0.06493489033904654,0,-1.0,1.0,2.0,1,0,0,0
weak,128,41,2,0.11509641322824393,1,0.06493489033904665,0,-1.0,1.0,2.0,1,0,0,0
weak,128,42,2,0.11509641322824393,0,0.06445495401920598,0,-0.39480316482551936,1.0,1.3948031648255195,1,0,0,0
weak,128,43,2,0.11509641322824393,1,0.06493489033904676,0,-1.0,1.0,2.0,1,0,0,0
weak,128,44,2,0.11509641322824393,1,0.06415048216887698,0,-0.33871712889375394,1.0,1.3387171288937538,1,0,0,0
weak,128,45,2,0.11509641322824393,1,0.06493489033904676,0,-1.0,1.0,2.0,1,0,0,0
weak,128,46,2,0.11509641322824393,1,0.06493489033904676,0,-1.0,0.7192684040564553,1.7192684040564554,1,0,0,0
weak,128,47,2,0.11509641322824393,1,0.06493489033904665,0,-1.0,1.0,2.0,1,0,0,0
weak,128,48,2,0.11509641322824393,0,0.06493489033904665,0,-1.0,0.7546965981095819,1.754696598109582,1,0,0,0
weak,128,49,2,0.11509641322824393,1,0.06493489033904665,0,-0.6998705520488699,1.0,1.69987055204887,1,0,0,0
weak,128,50,2,0.11509641322824393,1,0.06493489033904654,0,-1.0,0.9890318984283273,1.9890318984283273,1,0,0,0
weak,128,51,2,0.11509641322824393,1,0.06493489033904676,0,-1.0,1.0,2.0,1,0,0,0
weak,128,52,2,0.11509641322824393,1,0.06493489033904665,0,-1.0,1.0,2.0,1,0,0,0
weak,128,53,2,0.11509641322824393,1,0.06493489033904665,0,-0.7210987598128934,1.0,1.7210987598128935,1,0,0,0
weak,128,54,2,0.11509641322824393,1,0.06493489033904665,0,-1.0,0.9990414205027588,1.999041420502759,1,0,0,0
weak,128,55,2,0.11509641322824393,1,0.06493489033904676,0,-0.9849737277590198,1.0,1.9849737277590198,1,0,0,0
weak,128,56,2,0.11509641322824393,1,0.06493489033904676,0,-1.0,1.0,2.0,1,0,0,0
weak,128,57,2,0.11509641322824393,1,0.06493489033904654,0,-1.0,0.7717545662644834,1.7717545662644834,1,0,0,0
weak,128,58,2,0.11509641322824393,1,0.06187916944155225,0,-0.11090919024592771,1.0,1.1109091902459278,1,0,0,0
weak,128,59,2,0.11509641322824393,1,0.06493489033904665,0,-1.0,1.0,2.0,1,0,0,0
weak,128,60,2,0.11509641322824393,1,0.06493489033904676,0,-1.0,0.8249939295028493,1.8249939295028494,1,0,0,0
weak,128,61,2,0.11509641322824393,1,0.06493489033904676,0,-1.0,1.0,2.0,1,0,0,0
weak,128,62,2,0.11509641322824393,0,0.05208364970170132,0,0.34652915791991873,1.0,0.6534708420800812,0,1,0,0
weak,128,63,2,0.11509641322824393,1,0.06493489033904676,0,-0.7860463054296846,1.0,1.7860463054296845,1,0,0,0
weak,128,64,2,0.11509641322824393,1,0.06493489033904676,0,-0.8562221168042595,1.0,1.8562221168042594,1,0,0,0
weak,128,65,2,0.11509641322824393,1,0.06493489033904676,0,-1.0,1.0,2.0,1,0,0,0
weak,128,66,2,0.11509641322824393,1,0.06493489033904665,0,-0.9062000224845487,1.0,1.9062000224845486,1,0,0,0
weak,128,67,2,0.11509641322824393,1,0.06493489033904676,0,-0.990325578296188,1.0,1.990325578296188,1,0,0,0
weak,128,68,2,0.11509641322824393,1,0.06493489033904665,0,-0.9842650657227999,1.0,1.9842650657227998,1,0,0,0
weak,128,69,2,0.11509641322824393,1,0.06493489033904676,0,-1.0,0.8208628827023945,1.8208628827023945,1,0,0,0
weak,128,70,2,0.11509641322824393,1,0.06493489033904665,0,-0.9352826323450835,1.0,1.9352826323450834,1,0,0,0
weak,128,71,2,0.11509641322824393,1,0.06493489033904676,0,-1.0,1.0,2.0,1,0,0,0
weak,128,72,2,0.11509641322824393,1,0.06493489033904665,0,-1.0,1.0,2.0,1,0,0,0
weak,128,73,2,0.11509641322824393,1,0.06493489033904665,0,-1.0,0.9924912656864101,1.99249126568641,1,0,0,0
weak,128,74,2,0.11509641322824393,1,0.06460608988015926,0,-0.4227298265772269,1.0,1.422729826577227,1,0,0,0
weak,128,75,2,0.11509641322824393,1,0.06493489033904676,0,-1.0,1.0,2.0,1,0,0,0
weak,128,76,2,0.11509641322824393,1,0.06493489033904665,0,-0.9561058908519569,1.0,1.9561058908519569,1,0,0,0
weak,128,77,2,0.11509641322824393,1,0.06493489033904676,0,-0.9205738232761764,1.0,1.9205738232761764,1,0,0,0
weak,128,78,2,0.11509641322824393,1,0.06493489033904665,0,-0.9800780985266334,1.0,1.9800780985266333,1,0,0,0
weak,128,79,2,0.11509641322824393,1,0.06280556721424768,0,-0.18642790424190714,1.0,1.1864279042419072,1,0,0,0
weak,128,80,2,0.11509641322824393,1,0.06493489033904676,0,-0.6857619803779964,1.0,1.6857619803779964,1,0,0,0
weak,128,81,2,0.11509641322824393,1,0.06493489033904676,0,-0.8433200022308961,1.0,1.8433200022308962,1,0,0,0
weak,128,82,2,0.11509641322824393,1,0.06493489033904665,0,-1.0,1.0,2.0,1,0,0,0
weak,128,83,2,0.11509641322824393,1,0.06493489033904665,0,-1.0,1.0,2.0,1,0,0,0
weak,128,84,2,0.11509641322824393,1,0.06493489033904676,0,-1.0,1.0,2.0,1,0,0,0
weak,128,85,2,0.11509641322824393,1,0.06493489033904665,0,-1.0,0.9700478933001385,1.9700478933001384,1,0,0,0
weak,128,86,2,0.11509641322824393,1,0.06493489033904676,0,-1.0,1.0,2.0,1,0,0,0
weak,128,87,2,0.11509641322824393,1,0.06493489033904676,0,-0.782149568343896,1.0,1.782149568343896,1,0,0,0
weak,128,88,2,0.11509641322824393,1,0.06493489033904676,0,-0.6285393861333856,1.0,1.6285393861333857,1,0,0,0
weak,128,89,2,0.11509641322824393,1,0.06493489033904665,0,-0.9965659903277417,1.0,1.9965659903277417,1,0,0,0
weak,128,90,2,0.11509641322824393,0,0.06493489033904665,0,-0.8249375430775555,0.99893556550755,1.8238731085851057,1,0,0,0
weak,128,91,2,0.11509641322824393,1,0.06493489033904654,0,-1.0,1.0,2.0,1,0,0,0
weak,128,92,2,0.11509641322824393,1,0.06493489033904676,0,-0.6267795093731211,1.0,1.626779509373121,1,0,0,0
weak,128,93,2,0.11509641322824393,1,0.06493489033904665,0,-1.0,0.7534365382709661,1.7534365382709662,1,0,0,0
weak,128,94,2,0.11509641322824393,1,0.06493489033904676,0,-1.0,1.0,2.0,1,0,0,0
weak,128,95,2,0.11509641322824393,1,0.06493489033904665,0,-0.762321122904174,1.0,1.762321122904174,1,0,0,0
weak,128,96,2,0.11509641322824393,1,0.06493489033904676,0,-1.0,1.0,2.0,1,0,0,0
weak,128,97,2,0.11509641322824393,1,0.06493489033904676,0,-1.0,1.0,2.0,1,0,0,0
weak,128,98,2,0.11509641322824393,1,0.06493489033904665,0,-1.0,1.0,2.0,1,0,0,0
weak,128,99,2,0.11509641322824393,1,0.06493489033904665,0,-1.0,1.0,2.0,1,0,0,0
weak,128,100,2,0.11509641322824393,1,0.06489507281820639,0,-0.5261381968648647,1.0,1.5261381968648648,1,0,0,0
weak,128,101,2,0.11509641322824393,1,0.06493489033904665,0,-1.0,1.0,2.0,1,0,0,0
weak,128,102,2,0.11509641322824393,1,0.06493489033904665,0,-0.9007561424354146,1.0,1.9007561424354145,1,0,0,0
weak,128,103,2,0.11509641322824393,1,0.06493489033904676,0,-0.9995126923564276,1.0,1.9995126923564275,1,0,0,0
weak,128,104,2,0.11509641322824393,1,0.06493489033904665,0,-0.9998554087848162,0.991881468620686,1.9917368774055022,1,0,0,0
weak,128,105,2,0.11509641322824393,1,0.06493489033904676,0,-0.891092647005905,1.0,1.8910926470059048,1,0,0,0
weak,128,106,2,0.11509641322824393,1,0.06493489033904676,0,-1.0,1.0,2.0,1,0,0,0
weak,128,107,2,0.11509641322824393,1,0.06493489033904676,0,-1.0,0.7923720362584044,1.7923720362584044,1,0,0,0
weak,128,108,2,0.11509641322824393,1,0.06493489033904665,0,-0.9749174774936427,1.0,1.9749174774936427,1,0,0,0
weak,128,109,2,0.11509641322824393,1,0.06493489033904654,0,-1.0,1.0,2.0,1,0,0,0
weak,128,110,2,0.11509641322824393,1,0.06493489033904665,0,-1.0,1.0,2.0,1,0,0,0
weak,128,111,2,0.11509641322824393,1,0.06491329933461198,0,-0.5579009248925043,1.0,1.5579009248925044,1,0,0,0
weak,128,112,2,0.11509641322824393,1,0.06493489033904676,0,-0.7728487446819596,1.0,1.7728487446819596,1,0,0,0
weak,128,113,2,0.11509641322824393,1,0.06493489033904676,0,-1.0,1.0,2.0,1,0,0,0
weak,128,114,2,0.11509641322824393,1,0.06486799628423745,0,-0.5081923586460119,1.0,1.5081923586460118,1,0,0,0
weak,128,115,2,0.11509641322824393,1,0.06493489033904665,0,-1.0,1.0,2.0,1,0,0,0
weak,128,116,2,0.11509641322824393,1,0.06493489033904676,0,-0.9957343571184959,1.0,1.9957343571184958,1,0,0,0
weak,128,117,2,0.11509641322824393,1,0.06493489033904676,0,-0.9036283332360618,1.0,1.9036283332360617,1,0,0,0
weak,128,118,2,0.11509641322824393,1,0.06493489033904676,0,-0.911392613618467,1.0,1.911392613618467,1,0,0,0
weak,128,119,2,0.11509641322824393,1,0.06493489033904676,0,-1.0,0.8723507010759104,1.8723507010759104,1,0,0,0
weak,128,120,2,0.11509641322824393,1,0.06493489033904676,0,-1.0,1.0,2.0,1,0,0,0
weak,128,121,2,0.11509641322824393,1,0.06493489033904654,0,-1.0,0.770627571278747,1.7706275712787471,1,0,0,0
weak,128,122,2,0.11509641322824393,1,0.06331430099991808,0,-0.23551735653189387,1.0,1.235517356531894,1,0,0,0
weak,128,123,2,0.11509641322824393,1,0.06493489033904665,0,-0.9999847563972946,1.0,1.9999847563972946,1,0,0,0
weak,128,124,2,0.11509641322824393,1,0.06351543473631815,0,-0.2571998696547869,1.0,1.2571998696547868,1,0,0,0
weak,128,125,2,0.11509641322824393,1,0.06493489033904665,0,-1.0,1.0,2.0,1,0,0,0
weak,128,126,2,0.11509641322824393,1,0.06493489033904665,0,-1.0,1.0,2.0,1,0,0,0
weak,128,127,2,0.11509641322824393,1,0.06493489033904654,0,-0.7949902832153198,1.0,1.79499028321532,1,0,0,0
weak,128,128,2,0.11509641322824393,1,0.06493489033904676,0,-1.0,1.0,2.0,1,0,0,0
weak,128,129,2,0.11509641322824393,1,0.06242110344832508,0,-0.15311199694304045,1.0,1.1531119969430406,1,0,0,0
weak,128,130,2,0.11509641322824393,1,0.06493489033904676,0,-1.0,1.0,2.0,1,0,0,0
weak,128,131,2,0.11509641322824393,1,0.06493489033904665,0,-1.0,1.0,2.0,1,0,0,0
weak,128,132,2,0.11509641322824393,1,0.06493489033904665,0,-1.0,0.8785228045442778,1.8785228045442777,1,0,0,0
weak,128,133,2,0.11509641322824393,1,0.06493489033904665,0,-1.0,1.0,2.0,1,0,0,0
weak,128,134,2,0.11509641322824393,1,0.06493489033904665,0,-0.9991569672901758,1.0,1.9991569672901757,1,0,0,0
weak,128,135,2,0.11509641322824393,1,0.06493489033904665,0,-1.0,1.0,2.0,1,0,0,0
weak,128,136,2,0.11509641322824393,1,0.06493489033904665,0,-1.0,0.9976985779513929,1.997698577951393,1,0,0,0
weak,128,137,2,0.11509641322824393,1,0.06493111968856513,0,-0.5728358968523728,1.0,1.5728358968523728,1,0,0,0
weak,128,138,2,0.11509641322824393,1,0.06493489033904665,0,-0.8961140889785437,1.0,1.8961140889785437,1,0,0,0
weak,128,139,2,0.11509641322824393,1,0.06493489033904676,0,-1.0,1.0,2.0,1,0,0,0
weak,128,140,2,0.11509641322824393,1,0.06493489033904665,0,-0.7660633780800042,1.0,1.7660633780800041,1,0,0,0
weak,128,141,2,0.11509641322824393,1,0.06493489033904665,0,-1.0,1.0,2.0,1,0,0,0
weak,128,142,2,0.11509641322824393,1,0.06493489033904665,0,-1.0,1.0,2.0,1,0,0,0
weak,128,143,2,0.11509641322824393,1,0.06493489033904676,0,-1.0,1.0,2.0,1,0,0,0
weak,128,144,2,0.11509641322824393,1,0.06493489033904665,0,-0.8049328938570091,1.0,1.804932893857009,1,0,0,0
weak,128,145,2,0.11509641322824393,1,0.06493489033904676,0,-0.6206641697564508,1.0,1.6206641697564508,1,0,0,0
weak,128,146,2,0.11509641322824393,1,0.06493489033904676,0,-1.0,1.0,2.0,1,0,0,0
weak,128,147,2,0.11509641322824393,1,0.06493489033904665,0,-0.7831344377832467,1.0,1.7831344377832465,1,0,0,0
weak,128,148,2,0.11509641322824393,1,0.06493489033904676,0,-1.0,0.986676913096381,1.9866769130963808,1,0,0,0
weak,128,149,2,0.11509641322824393,1,0.06493489033904665,0,-1.0,1.0,2.0,1,0,0,0
weak,128,150,2,0.11509641322824393,1,0.06493489033904676,0,-0.6613577216884154,1.0,1.6613577216884154,1,0,0,0
weak,128,151,2,0.11509641322824393,1,0.06493489033904676,0,-1.0,1.0,2.0,1,0,0,0
weak,128,152,2,0.11509641322824393,0,0.06449716040500175,0,-0.40309702730501085,1.0,1.403097027305011,1,0,0,0
weak,128,153,2,0.11509641322824393,1,0.06375802701855204,0,-0.2859081665387272,1.0,1.2859081665387273,1,0,0,0
weak,128,154,2,0.11509641322824393,1,0.06493489033904665,0,-1.0,1.0,2.0,1,0,0,0
weak,128,155,2,0.11509641322824393,1,0.06493489033904665,0,-1.0,1.0,2.0,1,0,0,0
weak,128,156,2,0.11509641322824393,1,0.06493489033904676,0,-1.0,1.0,2.0,1,0,0,0
weak,128,157,2,0.11509641322824393,0,0.061965787944928685,0,-1.0,0.1183928334455232,1.1183928334455233,0,0,0,0
weak,128,158,2,0.11509641322824393,1,0.06493489033904676,0,-1.0,1.0,2.0,1,0,0,0
weak,128,159,2,0.11509641322824393,1,0.06493489033904676,0,-1.0,1.0,2.0,1,0,0,0
weak,128,160,2,0.11509641322824393,1,0.06493489033904676,0,-0.9973591490672351,1.0,1.997359149067235,1,0,0,0
weak,128,161,2,0.11509641322824393,1,0.06493489033904676,0,-1.0,1.0,2.0,1,0,0,0
weak,128,162,2,0.11509641322824393,1,0.06493489033904676,0,-1.0,1.0,2.0,1,0,0,0
weak,128,163,2,0.11509641322824393,1,0.06493489033904676,0,-1.0,1.0,2.0,1,0,0,0
weak,128,164,2,0.11509641322824393,1,0.06493489033904676,0,-1.0,1.0,2.0,1,0,0,0
weak,128,165,2,0.11509641322824393,1,0.06493489033904676,0,-0.9875923591435622,1.0,1.9875923591435622,1,0,0,0
weak,128,166,2,0.11509641322824393,1,0.059313352839564626,0,0.05035842477817981,1.0,0.9496415752218201,1,1,0,0
weak,128,167,2,0.11509641322824393,1,0.06493489033904665,0,-0.912436086098943,1.0,1.912436086098943,1,0,0,0
weak,128,168,2,0.11509641322824393,1,0.06493489033904654,0,-1.0,0.9941107219749638,1.9941107219749639,1,0,0,0
weak,128,169,2,0.11509641322824393,1,0.06493489033904665,0,-0.6041030442822699,1.0,1.60410304428227,1,0,0,0
weak,128,170,2,0.11509641322824393,1,0.06493489033904665,0,-1.0,1.0,2.0,1,0,0,0
weak,128,171,2,0.11509641322824393,1,0.06493489033904676,0,-1.0,1.0,2.0,1,0,0,0
weak,128,172,2,0.11509641322824393,1,0.06493489033904665,0,-0.6358984940807465,1.0,1.6358984940807466,1,0,0,0
weak,128,173,2,0.11509641322824393,1,0.06492621196885229,0,-0.5636347506727161,1.0,1.563634750672716,1,0,0,0
weak,128,174,2,0.11509641322824393,1,0.06493489033904665,0,-0.9285491863535927,1.0,1.9285491863535928,1,0,0,0
weak,128,175,2,0.11509641322824393,1,0.06493489033904654,0,-0.998931136422773,1.0,1.9989311364227729,1,0,0,0
weak,128,176,2,0.11509641322824393,1,0.06493489033904676,0,-0.9925306210927387,1.0,1.9925306210927387,1,0,0,0
weak,128,177,2,0.11509641322824393,1,0.0642989547030709,0,-0.36243238865177296,1.0,1.362432388651773,1,0,0,0
weak,128,178,2,0.11509641322824393,1,0.06493489033904676,0,-1.0,0.9917909675464753,1.9917909675464753,1,0,0,0
weak,128,179,2,0.11509641322824393,1,0.06426127926399161,0,-0.3565132777037433,1.0,1.3565132777037432,1,0,0,0
weak,128,180,2,0.11509641322824393,1,0.06493489033904665,0,-1.0,1.0,2.0,1,0,0,0
weak,128,181,2,0.11509641322824393,1,0.06493489033904676,0,-1.0,1.0,2.0,1,0,0,0
weak,128,182,2,0.11509641322824393,1,0.06493489033904676,0,-1.0,1.0,2.0,1,0,0,0
weak,128,183,2,0.11509641322824393,1,0.06493489033904654,0,-0.7420818480869567,1.0,1.7420818480869567,1,0,0,0
weak,128,184,2,0.11509641322824393,1,0.06493489033904665,0,-1.0,1.0,2.0,1,0,0,0
weak,128,185,2,0.11509641322824393,1,0.06493489033904676,0,-1.0,1.0,2.0,1,0,0,0
weak,128,186,2,0.11509641322824393,1,0.0648587029541885,0,-0.502357287895716,1.0,1.502357287895716,1,0,0,0
weak,128,187,2,0.11509641322824393,0,0.06405045740811233,0,-1.0,0.32533076255226945,1.3253307625522694,1,0,0,0
weak,128,188,2,0.11509641322824393,1,0.06493489033904676,0,-1.0,1.0,2.0,1,0,0,0
weak,128,189,2,0.11509641322824393,1,0.06493489033904665,0,-1.0,1.0,2.0,1,0,0,0
weak,128,190,2,0.11509641322824393,1,0.06493489033904676,0,-1.0,1.0,2.0,1,0,0,0
weak,128,191,2,0.11509641322824393,1,0.06493489033904665,0,-1.0,1.0,2.0,1,0,0,0
weak,128,192,2,0.11509641322824393,1,0.06493489033904665,0,-1.0,1.0,2.0,1,0,0,0
weak,128,193,2,0.11509641322824393,1,0.06493489033904665,0,-1.0,1.0,2.0,1,0,0,0
weak,128,194,2,0.11509641322824393,1,0.06493489033904665,0,-1.0,1.0,2.0,1,0,0,0
weak,128,195,2,0.11509641322824393,1,0.06493489033904676,0,-1.0,1.0,2.0,1,0,0,0
weak,128,196,2,0.11509641322824393,1,0.06493489033904676,0,-0.6401337593663194,1.0,1.6401337593663194,1,0,0,0
weak,128,197,2,0.11509641322824393,1,0.06493489033904665,0,-1.0,1.0,2.0,1,0,0,0
weak,128,198,2,0.11509641322824393,1,0.06493489033904676,0,-1.0,0.9935206700109809,1.9935206700109809,1,0,0,0
weak,128,199,2,0.11509641322824393,0,0.06493489033904665,0,-0.9425015029933603,0.9809574124842962,1.9234589154776565,1,0,0,0
weak,128,200,2,0.11509641322824393,1,0.06493489033904676,0,-1.0,0.9489337088853975,1.9489337088853975,1,0,0,0
weak,128,201,2,0.11509641322824393,1,0.06493489033904665,0,-1.0,1.0,2.0,1,0,0,0
weak,128,202,2,0.11509641322824393,1,0.06493489033904665,0,-0.9932437402293179,1.0,1.993243740229318,1,0,0,0
weak,128,203,2,0.11509641322824393,1,0.06493489033904676,0,-1.0,1.0,2.0,1,0,0,0
weak,128,204,2,0.11509641322824393,1,0.06493489033904676,0,-0.9905197843193175,1.0,1.9905197843193174,1,0,0,0
weak,128,205,2,0.11509641322824393,1,0.06493489033904676,0,-0.9830935169842044,1.0,1.9830935169842046,1,0,0,0
weak,128,206,2,0.11509641322824393,1,0.06493489033904665,0,-1.0,1.0,2.0,1,0,0,0
weak,128,207,2,0.11509641322824393,1,0.06493489033904665,0,-1.0,1.0,2.0,1,0,0,0
weak,128,208,2,0.11509641322824393,1,0.06493489033904676,0,-1.0,1.0,2.0,1,0,0,0
weak,128,209,2,0.11509641322824393,1,0.06493489033904665,0,-0.680795592227352,1.0,1.6807955922273519,1,0,0,0
weak,128,210,2,0.11509641322824393,1,0.06493489033904665,0,-1.0,1.0,2.0,1,0,0,0
weak,128,211,2,0.11509641322824393,1,0.06493489033904676,0,-1.0,1.0,2.0,1,0,0,0
weak,128,212,2,0.11509641322824393,1,0.06493489033904665,0,-1.0,1.0,2.0,1,0,0,0
weak,128,213,2,0.11509641322824393,1,0.06493489033904676,0,-0.8165841062430451,1.0,1.8165841062430452,1,0,0,0
weak,128,214,2,0.11509641322824393,1,0.06493489033904665,0,-1.0,1.0,2.0,1,0,0,0
weak,128,215,2,0.11509641322824393,1,0.06420298921380985,0,-0.34914307882850737,1.0,1.3491430788285075,1,0,0,0
weak,128,216,2,0.11509641322824393,1,0.06493489033904676,0,-1.0,1.0,2.0,1,0,0,0
weak,128,217,2,0.11509641322824393,1,0.06493489033904676,0,-0.891669199479493,1.0,1.891669199479493,1,0,0,0
weak,128,218,2,0.11509641322824393,1,0.06493489033904665,0,-0.8599406864518606,1.0,1.8599406864518606,1,0,0,0
weak,128,219,2,0.11509641322824393,1,0.06493489033904676,0,-1.0,1.0,2.0,1,0,0,0
weak,128,220,2,0.11509641322824393,1,0.06493489033904676,0,-0.9881083210954138,0.9981658627855063,1.9862741838809201,1,0,0,0
weak,128,221,2,0.11509641322824393,1,0.06493489033904676,0,-1.0,1.0,2.0,1,0,0,0
weak,128,222,2,0.11509641322824393,1,0.06493489033904665,0,-1.0,1.0,2.0,1,0,0,0
weak,128,223,2,0.11509641322824393,1,0.06493489033904676,0,-1.0,1.0,2.0,1,0,0,0
weak,128,224,2,0.11509641322824393,1,0.06493489033904676,0,-0.9771110298028246,1.0,1.9771110298028245,1,0,0,0
weak,128,225,2,0.11509641322824393,1,0.06493489033904665,0,-0.8696477624549056,1.0,1.8696477624549055,1,0,0,0
weak,128,226,2,0.11509641322824393,1,0.06493489033904665,0,-1.0,1.0,2.0,1,0,0,0
weak,128,227,2,0.11509641322824393,1,0.06493489033904676,0,-0.848439829285161,1.0,1.848439829285161,1,0,0,0
weak,128,228,2,0.11509641322824393,1,0.06489273043761634,0,-0.5282272066037867,1.0,1.5282272066037867,1,0,0,0
weak,128,229,2,0.11509641322824393,1,0.06493489033904676,0,-1.0,1.0,2.0,1,0,0,0
weak,128,230,2,0.11509641322824393,1,0.06493489033904665,0,-0.9986697808464841,1.0,1.998669780846484,1,0,0,0
weak,128,231,2,0.11509641322824393,1,0.06493489033904676,0,-1.0,1.0,2.0,1,0,0,0
weak,128,232,2,0.11509641322824393,1,0.06493489033904676,0,-1.0,1.0,2.0,1,0,0,0
weak,128,233,2,0.11509641322824393,1,0.06493489033904676,0,-1.0,1.0,2.0,1,0,0,0
weak,128,234,2,0.11509641322824393,1,0.06493489033904665,0,-1.0,1.0,2.0,1,0,0,0
weak,128,235,2,0.11509641322824393,1,0.06493489033904676,0,-1.0,1.0,2.0,1,0,0,0
weak,128,236,2,0.11509641322824393,1,0.06493067149507492,0,-0.5593880113754236,1.0,1.5593880113754235,1,0,0,0
weak,128,237,2,0.11509641322824393,1,0.06493489033904665,0,-1.0,0.6555890485386741,1.655589048538674,1,0,0,0
weak,128,238,2,0.11509641322824393,1,0.06493489033904676,0,-1.0,1.0,2.0,1,0,0,0
weak,128,239,2,0.11509641322824393,1,0.06493489033904665,0,-0.9935601796891035,1.0,1.9935601796891036,1,0,0,0
weak,128,240,2,0.11509641322824393,1,0.06493489033904665,0,-1.0,1.0,2.0,1,0,0,0
weak,128,241,2,0.11509641322824393,1,0.06493489033904665,0,-1.0,1.0,2.0,1,0,0,0
weak,128,242,2,0.11509641322824393,1,0.06493489033904665,0,-0.6978461993922661,1.0,1.697846199392266,1,0,0,0
weak,128,243,2,0.11509641322824393,1,0.0633485608618305,0,-0.23965013882505792,1.0,1.2396501388250578,1,0,0,0
weak,128,244,2,0.11509641322824393,1,0.06493489033904665,0,-1.0,1.0,2.0,1,0,0,0
weak,128,245,2,0.11509641322824393,1,0.06493489033904676,0,-1.0,1.0,2.0,1,0,0,0
weak,128,246,2,0.11509641322824393,1,0.06493489033904665,0,-1.0,1.0,2.0,1,0,0,0
weak,128,247,2,0.11509641322824393,1,0.06493489033904665,0,-1.0,1.0,2.0,1,0,0,0
weak,128,248,2,0.11509641322824393,1,0.06474479027893343,0,-0.4592968344742391,1.0,1.4592968344742392,1,0,0,0
weak,128,249,2,0.11509641322824393,1,0.06493489033904676,0,-0.9513129018713437,1.0,1.9513129018713435,1,0,0,0
weak,128,250,2,0.11509641322824393,1,0.06493489033904665,0,-1.0,1.0,2.0,1,0,0,0
weak,128,251,2,0.11509641322824393,1,0.06493489033904676,0,-1.0,1.0,2.0,1,0,0,0
weak,128,252,2,0.11509641322824393,1,0.06493474183053527,0,-0.5802129455774727,1.0,1.5802129455774727,1,0,0,0
weak,128,253,2,0.11509641322824393,1,0.06493489033904676,0,-0.9220210567413385,1.0,1.9220210567413385,1,0,0,0
weak,128,254,2,0.11509641322824393,1,0.06493489033904665,0,-1.0,1.0,2.0,1,0,0,0
weak,128,255,2,0.11509641322824393,1,0.06493489033904665,0,-1.0,1.0,2.0,1,0,0,0
weak,128,256,2,0.11509641322824393,1,0.06493489033904654,0,-1.0,0.9832943887556609,1.9832943887556609,1,0,0,0
weak,128,257,2,0.11509641322824393,1,0.06493489033904665,0,-1.0,1.0,2.0,1,0,0,0
weak,128,258,2,0.11509641322824393,1,0.06493489033904676,0,-0.9845197329951163,1.0,1.9845197329951163,1,0,0,0
weak,128,259,2,0.11509641322824393,1,0.06493489033904676,0,-1.0,1.0,2.0,1,0,0,0
weak,128,260,2,0.11509641322824393,1,0.06493489033904676,0,-0.6642704035836804,1.0,1.6642704035836804,1,0,0,0
weak,128,261,2,0.11509641322824393,0,0.06493489033904676,0,-0.9691311991328199,0.9919265388792459,1.9610577380120657,1,0,0,0
weak,128,262,2,0.11509641322824393,1,0.06493489033904665,0,-1.0,1.0,2.0,1,0,0,0
weak,128,263,2,0.11509641322824393,1,0.06493489033904676,0,-0.6930157652289857,1.0,1.6930157652289857,1,0,0,0
weak,128,264,2,0.11509641322824393,1,0.06493489033904676,0,-1.0,1.0,2.0,1,0,0,0
weak,128,265,2,0.11509641322824393,1,0.06493489033904665,0,-0.9938649533454654,1.0,1.9938649533454655,1,0,0,0
weak,128,266,2,0.11509641322824393,1,0.06493489033904665,0,-1.0,1.0,2.0,1,0,0,0
weak,128,267,2,0.11509641322824393,1,0.06493489033904665,0,-1.0,1.0,2.0,1,0,0,0
weak,128,268,2,0.11509641322824393,1,0.06493489033904676,0,-1.0,1.0,2.0,1,0,0,0
weak,128,269,2,0.11509641322824393,1,0.06493489033904676,0,-1.0,0.8769827100440182,1.8769827100440182,1,0,0,0
weak,128,270,2,0.11509641322824393,1,0.06493489033904665,0,-1.0,1.0,2.0,1,0,0,0
weak,128,271,2,0.11509641322824393,1,0.06493432074128325,0,-0.5851997991153869,1.0,1.585199799115387,1,0,0,0
weak,128,272,2,0.11509641322824393,1,0.06493489033904665,0,-0.8883882141868026,1.0,1.8883882141868025,1,0,0,0
weak,128,273,2,0.11509641322824393,1,0.06493489033904676,0,-1.0,1.0,2.0,1,0,0,0
weak,128,274,2,0.11509641322824393,1,0.06491399549663746,0,-0.5400902096804068,1.0,1.5400902096804068,1,0,0,0
weak,128,275,2,0.11509641322824393,1,0.06493489033904665,0,-0.8374778568387615,1.0,1.8374778568387615,1,0,0,0
weak,128,276,2,0.11509641322824393,1,0.06493440726352684,0,-0.5933046655553512,1.0,1.593304665555351,1,0,0,0
weak,128,277,2,0.11509641322824393,1,0.06493489033904676,0,-1.0,1.0,2.0,1,0,0,0
weak,128,278,2,0.11509641322824393,1,0.06493489033904665,0,-1.0,1.0,2.0,1,0,0,0
weak,128,279,2,0.11509641322824393,1,0.06493489033904676,0,-1.0,1.0,2.0,1,0,0,0
weak,128,280,2,0.11509641322824393,1,0.06493489033904676,0,-0.9076962953345392,1.0,1.907696295334539,1,0,0,0
weak,128,281,2,0.11509641322824393,1,0.06493489033904665,0,-1.0,0.9279376694254421,1.9279376694254422,1,0,0,0
weak,128,282,2,0.11509641322824393,1,0.06358105493595334,0,-0.2645872315249679,1.0,1.2645872315249678,1,0,0,0
weak,128,283,2,0.11509641322824393,1,0.06493489033904654,0,-1.0,1.0,2.0,1,0,0,0
weak,128,284,2,0.11509641322824393,1,0.06493489033904676,0,-1.0,1.0,2.0,1,0,0,0
weak,128,285,2,0.11509641322824393,1,0.06493489033904676,0,-1.0,1.0,2.0,1,0,0,0
weak,128,286,2,0.11509641322824393,1,0.06493489033904665,0,-1.0,1.0,2.0,1,0,0,0
weak,128,287,2,0.11509641322824393,1,0.06493489033904676,0,-1.0,1.0,2.0,1,0,0,0
weak,128,288,2,0.11509641322824393,1,0.06493489033904665,0,-1.0,1.0,2.0,1,0,0,0
weak,128,289,2,0.11509641322824393,1,0.06493489033904665,0,-0.9219429287040596,1.0,1.9219429287040595,1,0,0,0
weak,128,290,2,0.11509641322824393,1,0.06493489033904665,0,-1.0,1.0,2.0,1,0,0,0
weak,128,291,2,0.11509641322824393,1,0.06268832535116986,0,-0.17576456658295492,1.0,1.1757645665829548,1,0,0,0
weak,128,292,2,0.11509641322824393,1,0.06493489033904676,0,-1.0,0.9841401044488237,1.9841401044488238,1,0,0,0
weak,128,293,2,0.11509641322824393,1,0.06493489033904665,0,-0.9336536415767966,1.0,1.9336536415767966,1,0,0,0
weak,128,294,2,0.11509641322824393,1,0.06493489033904665,0,-1.0,0.8563677201806562,1.856367720180656,1,0,0,0
weak,128,295,2,0.11509641322824393,1,0.06493489033904665,0,-1.0,1.0,2.0,1,0,0,0
weak,128,296,2,0.11509641322824393,1,0.06493489033904676,0,-0.6319587384702479,1.0,1.6319587384702479,1,0,0,0
weak,128,297,2,0.11509641322824393,1,0.06493489033904676,0,-0.9957820364003633,1.0,1.9957820364003633,1,0,0,0
weak,128,298,2,0.11509641322824393,1,0.06493489033904676,0,-1.0,0.9984413853374945,1.9984413853374945,1,0,0,0
weak,128,299,2,0.11509641322824393,1,0.06493489033904676,0,-1.0,1.0,2.0,1,0,0,0
weak,512,0,2,0.46038565291297573,1,0.03246744516952338,0,-0.5358751043925005,0.9936877336630054,1.529562838055506,1,0,0,0
weak,512,1,2,0.46038565291297573,1,0.03246744516952327,0,-0.887232779644973,0.6432972634988627,1.5305300431438358,1,0,0,0
weak,512,2,2,0.46038565291297573,1,0.03246744516952327,0,-0.9976195429186476,0.5324711930153561,1.5300907359340037,1,0,0,0
weak,512,3,2,0.46038565291297573,1,0.03246744516952349,0,-0.73295154478433,0.7975784983595053,1.5305300431438353,1,0,0,0
weak,512,4,2,0.46038565291297573,1,0.03246744516952327,0,-0.36674964205026933,1.0,1.3667496420502694,1,0,0,0
weak,512,5,2,0.46038565291297573,1,0.03246744516952327,0,-0.2698280787244644,1.0,1.2698280787244645,1,0,0,0
weak,512,6,2,0.46038565291297573,1,0.03246744516952327,0,-0.3920734641589176,1.0,1.3920734641589176,1,0,0,0
weak,512,7,2,0.46038565291297573,0,0.03246744516952327,0,-0.2385933197617584,0.9931159533696372,1.2317092731313957,1,0,0,0
weak,512,8,2,0.46038565291297573,1,0.03246744516952338,0,-0.5956195621921974,0.934910480951638,1.5305300431438353,1,0,0,0
weak,512,9,2,0.46038565291297573,1,0.03246744516952327,0,-0.8503100665946424,0.6802199765491934,1.5305300431438358,1,0,0,0
weak,512,10,2,0.46038565291297573,1,0.03246744516952338,0,-0.4090267355227955,1.0,1.4090267355227954,1,0,0,0
weak,512,11,2,0.46038565291297573,1,0.03246744516952316,0,-0.2553965939320257,1.0,1.2553965939320257,1,0,0,0
weak,512,12,2,0.46038565291297573,1,0.03246744516952316,0,-0.30158381013126084,1.0,1.301583810131261,1,0,0,0
weak,512,13,2,0.46038565291297573,1,0.03246744516952338,0,-0.18802398307471863,1.0,1.1880239830747186,1,0,0,0
weak,512,14,2,0.46038565291297573,1,0.03246744516952338,0,-0.45183771134340917,1.0,1.451837711343409,1,0,0,0
weak,512,15,2,0.46038565291297573,1,0.03246744516952338,0,-1.0,0.3218461119659259,1.321846111965926,1,0,0,0
weak,512,16,2,0.46038565291297573,1,0.03246744516952327,0,-0.786064790787532,0.7444652523563036,1.5305300431438356,1,0,0,0
weak,512,17,2,0.46038565291297573,1,0.03246744516952338,0,-0.4813276082858459,1.0,1.481327608285846,1,0,0,0
weak,512,18,2,0.46038565291297573,1,0.03246744516952338,0,-0.7864293145323198,0.7441007286115158,1.5305300431438356,1,0,0,0
weak,512,19,2,0.46038565291297573,1,0.03246744516952327,0,-0.5786888774930565,0.9518411656507791,1.5305300431438358,1,0,0,0
weak,512,20,2,0.46038565291297573,1,0.03246744516952327,0,-0.4137823477527884,1.0,1.4137823477527884,1,0,0,0
weak,512,21,2,0.46038565291297573,1,0.03246744516952327,0,-0.7404650975348808,0.790064945608955,1.5305300431438358,1,0,0,0
weak,512,22,2,0.46038565291297573,1,0.03246744516952327,0,-0.20984417674433226,1.0,1.2098441767443322,1,0,0,0
weak,512,23,2,0.46038565291297573,1,0.03246744516952327,0,-0.4061201051429009,1.0,1.4061201051429009,1,0,0,0
weak,512,24,2,0.46038565291297573,1,0.03246744516952338,0,-0.15674797743748675,1.0,1.1567479774374867,1,0,0,0
weak,512,25,2,0.46038565291297573,1,0.03246744516952338,0,-0.8561164214020756,0.67441362174176,1.5305300431438356,1,0,0,0
weak,512,26,2,0.46038565291297573,1,0.03246744516952327,0,-0.3780632707045099,1.0,1.37806327070451,1,0,0,0
weak,512,27,2,0.46038565291297573,1,0.03246744516952327,0,-0.546850767776371,0.9836792753674648,1.5305300431438358,1,0,0,0
weak,512,28,2,0.46038565291297573,1,0.03246744516952327,0,-0.9663115244157339,0.5642185187281019,1.5305300431438358,1,0,0,0
weak,512,29,2,0.46038565291297573,1,0.03246744516952327,0,-0.791545977304713,0.7389840658391225,1.5305300431438353,1,0,0,0
weak,512,30,2,0.46038565291297573,1,0.03246744516952327,0,-0.6563267261084904,0.8742033170353452,1.5305300431438356,1,0,0,0
weak,512,31,2,0.46038565291297573,1,0.03246744516952338,0,-0.45737394068217224,0.998627173131843,1.4560011138140152,1,0,0,0
weak,512,32,2,0.46038565291297573,1,0.03246744516952327,0,-0.7939206092180009,0.7366094339258347,1.5305300431438356,1,0,0,0
weak,512,33,2,0.46038565291297573,1,0.03246744516952338,0,-0.7116402853314114,0.8188897578124241,1.5305300431438356,1,0,0,0
weak,512,34,2,0.46038565291297573,1,0.03246744516952338,0,-0.17214348254191797,1.0,1.172143482541918,1,0,0,0
weak,512,35,2,0.46038565291297573,1,0.03246744516952327,0,-0.7960774515479897,0.734452591595846,1.5305300431438358,1,0,0,0
weak,512,36,2,0.46038565291297573,1,0.03246744516952327,0,-0.8244574938959892,0.7060725492478461,1.5305300431438353,1,0,0,0
weak,512,37,2,0.46038565291297573,1,0.03246744516952327,0,-0.8047152761996423,0.7258147669441932,1.5305300431438356,1,0,0,0
weak,512,38,2,0.46038565291297573,1,0.03246744516952327,0,-0.5036081739633584,1.0,1.5036081739633584,1,0,0,0
weak,512,39,2,0.46038565291297573,1,0.03246744516952338,0,-1.0,0.24404615643179722,1.2440461564317973,1,0,0,0
weak,512,40,2,0.46038565291297573,1,0.03246744516952338,0,-0.9730820295979405,0.557448013545895,1.5305300431438356,1,0,0,0
weak,512,41,2,0.46038565291297573,1,0.03246744516952349,0,-0.6040126246410513,0.9265174185027842,1.5305300431438356,1,0,0,0
weak,512,42,2,0.46038565291297573,1,0.03246744516952338,0,-0.06159505803906712,1.0,1.0615950580390672,1,0,0,0
weak,512,43,2,0.46038565291297573,0,0.03246744516952327,0,-1.0,-0.12827908406127425,0.8717209159387258,0,-1,1,1
weak,512,44,2,0.46038565291297573,1,0.03246744516952338,0,-0.12130825128282047,1.0,1.1213082512828205,1,0,0,0
weak,512,45,2,0.46038565291297573,1,0.03246744516952327,0,-0.6815374547559667,0.848992588387869,1.5305300431438358,1,0,0,0
weak,512,46,2,0.46038565291297573,1,0.03246744516952349,0,-0.08731843280028379,1.0,1.0873184328002838,1,0,0,0
weak,512,47,2,0.46038565291297573,1,0.03246744516952327,0,-0.11187134032348184,1.0,1.111871340323482,1,0,0,0
weak,512,48,2,0.46038565291297573,1,0.03246744516952327,0,-0.545446309212305,0.9850837339315306,1.5305300431438356,1,0,0,0
weak,512,49,2,0.46038565291297573,1,0.03246744516952338,0,-1.0,0.2221440351632366,1.2221440351632367,1,0,0,0
weak,512,50,2,0.46038565291297573,1,0.03246744516952327,0,-0.37072924688157055,0.9985319086343254,1.369261155515896,1,0,0,0
weak,512,51,2,0.46038565291297573,1,0.03246744516952327,0,-0.3597864998822233,1.0,1.3597864998822233,1,0,0,0
weak,512,52,2,0.46038565291297573,1,0.03246744516952338,0,-0.8301054617765149,0.7004245813673209,1.5305300431438358,1,0,0,0
weak,512,53,2,0.46038565291297573,1,0.03246744516952327,0,-0.5494075940559722,0.9811224490878634,1.5305300431438356,1,0,0,0
weak,512,54,2,0.46038565291297573,0,0.03246744516952338,0,-0.13926653228484026,0.9982471008010239,1.1375136330858642,1,0,0,0
weak,512,55,2,0.46038565291297573,1,0.03246744516952338,0,-0.4863840038797282,0.9967019981323773,1.4830860020121055,1,0,0,0
weak,512,56,2,0.46038565291297573,1,0.03246744516952327,0,-0.560310764535003,0.9702192786088327,1.5305300431438358,1,0,0,0
weak,512,57,2,0.46038565291297573,1,0.03246744516952327,0,-0.8390510204710189,0.6914790226728165,1.5305300431438353,1,0,0,0
weak,512,58,2,0.46038565291297573,1,0.03246744516952327,0,-0.4550447624168114,1.0,1.4550447624168115,1,0,0,0
weak,512,59,2,0.46038565291297573,0,0.03246744516952327,0,-0.8673644756155269,0.6631655675283086,1.5305300431438353,1,0,0,0
weak,512,60,2,0.46038565291297573,1,0.03246744516952327,0,-0.4102025610147492,1.0,1.4102025610147493,1,0,0,0
weak,512,61,2,0.46038565291297573,1,0.03246744516952327,0,-0.5411425005534174,0.9893875425904182,1.5305300431438356,1,0,0,0
weak,512,62,2,0.46038565291297573,1,0.03246744516952349,0,-0.6148926697273327,0.9156373734165029,1.5305300431438356,1,0,0,0
weak,512,63,2,0.46038565291297573,1,0.03246744516952338,0,-0.8963113951645629,0.6342186479792729,1.5305300431438358,1,0,0,0
weak,512,64,2,0.46038565291297573,1,0.03246744516952327,0,-0.993546708602189,0.5302170699584987,1.5237637785606877,1,0,0,0
weak,512,65,2,0.46038565291297573,1,0.03246744516952327,0,-0.48592528835564436,1.0,1.4859252883556444,1,0,0,0
weak,512,66,2,0.46038565291297573,1,0.03246744516952349,0,-0.7624548115039882,0.7680752316398473,1.5305300431438353,1,0,0,0
weak,512,67,2,0.46038565291297573,1,0.03246744516952327,0,-0.5115608710728594,0.9992991435906758,1.5108600146635354,1,0,0,0
weak,512,68,2,0.46038565291297573,1,0.03246744516952338,0,-0.43516085551898714,1.0,1.4351608555189872,1,0,0,0
weak,512,69,2,0.46038565291297573,1,0.03246744516952338,0,-0.11657374852730301,1.0,1.116573748527303,1,0,0,0
weak,512,70,2,0.46038565291297573,1,0.03246744516952327,0,-0.8532311136744697,0.6772989294693661,1.5305300431438358,1,0,0,0
weak,512,71,2,0.46038565291297573,1,0.03246744516952338,0,-0.49618227797103104,1.0,1.496182277971031,1,0,0,0
weak,512,72,2,0.46038565291297573,1,0.03246744516952349,0,-0.3372133292951521,1.0,1.337213329295152,1,0,0,0
weak,512,73,2,0.46038565291297573,1,0.03246744516952316,0,-0.6646715793668012,0.8658584637770343,1.5305300431438356,1,0,0,0
weak,512,74,2,0.46038565291297573,1,0.03246744516952327,0,0.08359709719322433,1.0,0.9164029028067757,1,1,0,0
weak,512,75,2,0.46038565291297573,1,0.03246744516952327,0,-0.7320776307010575,0.7984524124427781,1.5305300431438356,1,0,0,0
weak,512,76,2,0.46038565291297573,1,0.03246744516952327,0,-0.3390513985684597,1.0,1.3390513985684598,1,0,0,0
weak,512,77,2,0.46038565291297573,1,0.03246744516952327,0,0.010705298510352845,1.0,0.9892947014896472,1,0,0,0
weak,512,78,2,0.46038565291297573,1,0.03246744516952327,0,-1.0,0.25349877623944966,1.2534987762394496,1,0,0,0
weak,512,79,2,0.46038565291297573,1,0.03246744516952349,0,-0.5130085112369174,0.9913616628625288,1.5043701740994462,1,0,0,0
weak,512,80,2,0.46038565291297573,1,0.03246744516952327,0,-0.6912555145885773,0.8392745285552583,1.5305300431438356,1,0,0,0
weak,512,81,2,0.46038565291297573,1,0.03246744516952327,0,-1.0,0.5118023069657056,1.5118023069657056,1,0,0,0
weak,512,82,2,0.46038565291297573,1,0.03246744516952349,0,-0.7225104098390929,0.8080196333047426,1.5305300431438353,1,0,0,0
weak,512,83,2,0.46038565291297573,1,0.03246744516952349,0,-0.23389036371783728,1.0,1.2338903637178373,1,0,0,0
weak,512,84,2,0.46038565291297573,1,0.03246744516952327,0,-0.6175720374278835,0.9129580057159521,1.5305300431438356,1,0,0,0
weak,512,85,2,0.46038565291297573,1,0.03246744516952327,0,-0.620503118430896,0.9100269247129396,1.5305300431438356,1,0,0,0
weak,512,86,2,0.46038565291297573,1,0.03246744516952327,0,-0.2067169776905286,1.0,1.2067169776905287,1,0,0,0
weak,512,87,2,0.46038565291297573,1,0.03246744516952327,0,-0.16683270087732022,1.0,1.1668327008773203,1,0,0,0
weak,512,88,2,0.46038565291297573,1,0.03246744516952338,0,-0.6832456033382666,0.8472844398055689,1.5305300431438353,1,0,0,0
weak,512,89,2,0.46038565291297573,1,0.03246744516952349,0,-0.6118680042640885,0.918662038879747,1.5305300431438353,1,0,0,0
weak,512,90,2,0.46038565291297573,1,0.03246744516952349,0,-0.586719745260099,0.9438102978837366,1.5305300431438356,1,0,0,0
weak,512,91,2,0.46038565291297573,1,0.03246744516952338,0,-0.35377012231247235,1.0,1.3537701223124723,1,0,0,0
weak,512,92,2,0.46038565291297573,1,0.03246744516952338,0,-0.4595674017652,0.9993776796688946,1.4589450814340945,1,0,0,0
weak,512,93,2,0.46038565291297573,1,0.03246744516952338,0,-0.7463171682897551,0.7842128748540804,1.5305300431438356,1,0,0,0
weak,512,94,2,0.46038565291297573,1,0.03246744516952338,0,-0.34921645438646237,1.0,1.3492164543864624,1,0,0,0
weak,512,95,2,0.46038565291297573,1,0.03246744516952349,0,-0.54440700857604,0.9861230345677955,1.5305300431438353,1,0,0,0
weak,512,96,2,0.46038565291297573,1,0.03246744516952338,0,-0.9641027526111088,0.5664272905327268,1.5305300431438356,1,0,0,0
weak,512,97,2,0.46038565291297573,1,0.03246744516952338,0,-0.48911402687344624,0.9979709812050909,1.4870850080785372,1,0,0,0
weak,512,98,2,0.46038565291297573,1,0.03246744516952327,0,-0.9917575487637527,0.5387724943800831,1.5305300431438358,1,0,0,0
weak,512,99,2,0.46038565291297573,0,0.032245853781972755,0,0.3010881295413673,1.0,0.6989118704586327,0,1,0,0
weak,512,100,2,0.46038565291297573,0,0.03246744516952327,0,-0.9972608900959803,0.3282892092418917,1.325550099337872,1,0,0,0
weak,512,101,2,0.46038565291297573,1,0.03246744516952338,0,-0.575787447798874,0.9547425953449615,1.5305300431438356,1,0,0,0
weak,512,102,2,0.46038565291297573,0,0.032426409217001795,0,0.24664973240512822,1.0,0.7533502675948718,0,1,0,0
weak,512,103,2,0.46038565291297573,1,0.03246744516952338,0,-0.6434641267205352,0.8870659164233002,1.5305300431438353,1,0,0,0
weak,512,104,2,0.46038565291297573,1,0.03246744516952349,0,-0.5612568100969915,0.9692732330468441,1.5305300431438356,1,0,0,0
weak,512,105,2,0.46038565291297573,1,0.03246744516952338,0,-0.7281707673543805,0.8023592757894549,1.5305300431438353,1,0,0,0
weak,512,106,2,0.46038565291297573,1,0.03246744516952327,0,-0.6553645841381779,0.8751654590056577,1.5305300431438356,1,0,0,0
weak,512,107,2,0.46038565291297573,1,0.03246744516952327,0,-0.9992419285349368,0.5029305745002965,1.5021725030352333,1,0,0,0
weak,512,108,2,0.46038565291297573,1,0.03246744516952316,0,-0.376506060234804,0.9985373075351527,1.3750433677699567,1,0,0,0
weak,512,109,2,0.46038565291297573,1,0.03246744516952327,0,-0.4445068144128294,1.0,1.4445068144128295,1,0,0,0
weak,512,110,2,0.46038565291297573,1,0.03246744516952349,0,-0.47678456354991344,1.0,1.4767845635499135,1,0,0,0
weak,512,111,2,0.46038565291297573,1,0.03246744516952338,0,-0.7387969293438748,0.7917331137999608,1.5305300431438356,1,0,0,0
weak,512,112,2,0.46038565291297573,1,0.03246744516952349,0,-0.4946959587329673,1.0,1.4946959587329673,1,0,0,0
weak,512,113,2,0.46038565291297573,1,0.03246744516952327,0,-0.719123082138375,0.8114069610054607,1.5305300431438358,1,0,0,0
weak,512,114,2,0.46038565291297573,1,0.03246744516952327,0,-0.40109485808251283,1.0,1.4010948580825129,1,0,0,0
weak,512,115,2,0.46038565291297573,1,0.03246744516952338,0,-0.4433451075954918,1.0,1.4433451075954917,1,0,0,0
weak,512,116,2,0.46038565291297573,1,0.03246744516952327,0,-0.8291099130335686,0.7014201301102669,1.5305300431438356,1,0,0,0
weak,512,117,2,0.46038565291297573,1,0.03246744516952338,0,0.02596666822612992,1.0,0.9740333317738701,1,0,0,0
weak,512,118,2,0.46038565291297573,1,0.03246744516952327,0,-0.8313674029648452,0.6991626401789903,1.5305300431438356,1,0,0,0
weak,512,119,2,0.46038565291297573,1,0.03246744516952349,0,-0.7662987474670038,0.7642312956768318,1.5305300431438356,1,0,0,0
weak,512,120,2,0.46038565291297573,1,0.03246744516952327,0,-0.6569509247157221,0.8735791184281135,1.5305300431438358,1,0,0,0
weak,512,121,2,0.46038565291297573,1,0.03246744516952349,0,-0.5957664174619481,0.9347636256818872,1.5305300431438353,1,0,0,0
weak,512,122,2,0.46038565291297573,1,0.03246744516952327,0,-0.8645177535504245,0.6660122895934113,1.5305300431438358,1,0,0,0
weak,512,123,2,0.46038565291297573,1,0.03246744516952327,0,-0.42362128200949306,1.0,1.4236212820094931,1,0,0,0
weak,512,124,2,0.46038565291297573,1,0.03246744516952327,0,-0.7780454093265108,0.752484633817325,1.5305300431438358,1,0,0,0
weak,512,125,2,0.46038565291297573,1,0.03246744516952327,0,-0.41796697233160457,0.999118285063324,1.4170852573949286,1,0,0,0
weak,512,126,2,0.46038565291297573,1,0.03246744516952338,0,-0.9818774768680825,0.5486525662757531,1.5305300431438356,1,0,0,0
weak,512,127,2,0.46038565291297573,1,0.03246744516952338,0,-0.8013389580079004,0.7291910851359351,1.5305300431438356,1,0,0,0
weak,512,128,2,0.46038565291297573,1,0.03246744516952316,0,-0.037945563814351047,1.0,1.037945563814351,1,0,0,0
weak,512,129,2,0.46038565291297573,1,0.03246744516952338,0,-0.3195839902829351,1.0,1.3195839902829352,1,0,0,0
weak,512,130,2,0.46038565291297573,1,0.03246744516952338,0,-0.5974892993347762,0.9330407438090592,1.5305300431438353,1,0,0,0
weak,512,131,2,0.46038565291297573,1,0.03246744516952316,0,-0.3698603722945201,1.0,1.3698603722945202,1,0,0,0
weak,512,132,2,0.46038565291297573,1,0.03246744516952327,0,-0.748006753868526,0.7825232892753096,1.5305300431438356,1,0,0,0
weak,512,133,2,0.46038565291297573,1,0.03246744516952338,0,-0.020822165486853728,1.0,1.0208221654868537,1,0,0,0
weak,512,134,2,0.46038565291297573,1,0.03246744516952349,0,0.014974310740318963,1.0,0.985025689259681,1,0,0,0
weak,512,135,2,0.46038565291297573,1,0.03246744516952327,0,-0.03403528914241988,1.0,1.0340352891424198,1,0,0,0
weak,512,136,2,0.46038565291297573,1,0.03246744516952349,0,-0.658355088955265,0.8721749541885704,1.5305300431438353,1,0,0,0
weak,512,137,2,0.46038565291297573,1,0.03246744516952349,0,-0.10119230081928204,1.0,1.101192300819282,1,0,0,0
weak,512,138,2,0.46038565291297573,1,0.03246744516952349,0,-0.36731415912082493,1.0,1.3673141591208249,1,0,0,0
weak,512,139,2,0.46038565291297573,0,0.03246744516952349,0,0.00810697320927195,0.9996420824345765,0.9915351092253046,1,0,0,0
weak,512,140,2,0.46038565291297573,1,0.03246744516952338,0,-0.7868780141258969,0.7436520290179389,1.5305300431438358,1,0,0,0
weak,512,141,2,0.46038565291297573,1,0.03246744516952327,0,-0.2837316923631547,1.0,1.2837316923631548,1,0,0,0
weak,512,142,2,0.46038565291297573,1,0.03246744516952327,0,-0.29604859303658676,1.0,1.2960485930365868,1,0,0,0
weak,512,143,2,0.46038565291297573,1,0.03246744516952338,0,-0.5451226965807119,0.9854073465631239,1.5305300431438358,1,0,0,0
weak,512,144,2,0.46038565291297573,1,0.03246744516952349,0,-0.5013365348457597,0.9887391031652608,1.4900756380110205,1,0,0,0
weak,512,145,2,0.46038565291297573,1,0.03246744516952349,0,-0.5467396677215677,0.9837903754222678,1.5305300431438353,1,0,0,0
weak,512,146,2,0.46038565291297573,1,0.03246744516952338,0,-0.7436566151702813,0.7868734279735543,1.5305300431438356,1,0,0,0
weak,512,147,2,0.46038565291297573,1,0.03246744516952327,0,-0.6846267897627945,0.8459032533810411,1.5305300431438356,1,0,0,0
weak,512,148,2,0.46038565291297573,1,0.03246744516952338,0,-0.6424533467091627,0.8880766964346729,1.5305300431438356,1,0,0,0
weak,512,149,2,0.46038565291297573,1,0.03246744516952338,0,-0.34855852530090053,1.0,1.3485585253009005,1,0,0,0
weak,512,150,2,0.46038565291297573,1,0.03246744516952327,0,-0.7515799060619897,0.7789501370818457,1.5305300431438353,1,0,0,0
weak,512,151,2,0.46038565291297573,1,0.03246744516952338,0,-0.5970006438002231,0.9335293993436125,1.5305300431438356,1,0,0,0
weak,512,152,2,0.46038565291297573,1,0.03246744516952327,0,-0.20600620534656638,1.0,1.2060062053465663,1,0,0,0
weak,512,153,2,0.46038565291297573,1,0.03246744516952327,0,-0.4983321637441493,0.9910780320529412,1.4894101957970904,1,0,0,0
weak,512,154,2,0.46038565291297573,1,0.03246744516952338,0,-0.8297301308688372,0.7007999122749984,1.5305300431438356,1,0,0,0
weak,512,155,2,0.46038565291297573,1,0.03246744516952327,0,-0.8238607988892315,0.7066692442546043,1.5305300431438358,1,0,0,0
weak,512,156,2,0.46038565291297573,1,0.03246744516952327,0,-0.1767905819434748,1.0,1.1767905819434747,1,0,0,0
weak,512,157,2,0.46038565291297573,1,0.03246744516952327,0,-0.8207644942076936,0.7097655489361421,1.5305300431438358,1,0,0,0
weak,512,158,2,0.46038565291297573,1,0.03246744516952349,0,-0.8082388933344757,0.7222911498093596,1.5305300431438353,1,0,0,0
weak,512,159,2,0.46038565291297573,1,0.03246744516952338,0,-0.7963793373798298,0.7341507057640055,1.5305300431438353,1,0,0,0
weak,512,160,2,0.46038565291297573,1,0.03246744516952327,0,-0.8737883679010865,0.6567416752427491,1.5305300431438356,1,0,0,0
weak,512,161,2,0.46038565291297573,1,0.03246744516952327,0,-0.9830289985336311,0.5475010446102047,1.5305300431438358,1,0,0,0
weak,512,162,2,0.46038565291297573,1,0.03246744516952338,0,-0.5034175416304747,0.9901640506536638,1.4935815922841384,1,0,0,0
weak,512,163,2,0.46038565291297573,1,0.03246744516952338,0,-0.37618057812111766,0.9951726014301453,1.371353179551263,1,0,0,0
weak,512,164,2,0.46038565291297573,1,0.03246744516952327,0,-0.5268006625090604,0.9980381477207274,1.5248388102297878,1,0,0,0
weak,512,165,2,0.46038565291297573,1,0.03246744516952338,0,-0.7828363367255337,0.7476937064183018,1.5305300431438353,1,0,0,0
weak,512,166,2,0.46038565291297573,1,0.03246744516952338,0,-0.6464523499398209,0.8840776932040146,1.5305300431438356,1,0,0,0
weak,512,167,2,0.46038565291297573,1,0.03246744516952327,0,-0.5456581462366097,0.9848718969072259,1.5305300431438356,1,0,0,0
weak,512,168,2,0.46038565291297573,1,0.03246744516952327,0,-0.990725285521636,0.5390150323525971,1.529740317874233,1,0,0,0
weak,512,169,2,0.46038565291297573,1,0.03246744516952327,0,-0.652306016238817,0.8782240269050186,1.5305300431438356,1,0,0,0
weak,512,170,2,0.46038565291297573,1,0.03246744516952327,0,-0.4673883765834936,0.9998521768184475,1.467240553401941,1,0,0,0
weak,512,171,2,0.46038565291297573,1,0.03246744516952338,0,-0.22342816809298033,1.0,1.2234281680929804,1,0,0,0
weak,512,172,2,0.46038565291297573,1,0.03246744516952327,0,-0.8069157602516247,0.7236142828922107,1.5305300431438353,1,0,0,0
weak,512,173,2,0.46038565291297573,1,0.03246744516952327,0,-0.27725322783290424,1.0,1.2772532278329043,1,0,0,0
weak,512,174,2,0.46038565291297573,1,0.03246744516952316,0,-0.28722902872291384,1.0,1.2872290287229138,1,0,0,0
weak,512,175,2,0.46038565291297573,1,0.03246744516952338,0,-0.4697688601774091,0.9990159252402577,1.4687847854176668,1,0,0,0
weak,512,176,2,0.46038565291297573,1,0.03246744516952316,0,-0.6565861115321774,0.8739439316116584,1.5305300431438358,1,0,0,0
weak,512,177,2,0.46038565291297573,1,0.03246744516952338,0,-1.0,0.4708463183150898,1.4708463183150897,1,0,0,0
weak,512,178,2,0.46038565291297573,1,0.03246744516952327,0,-0.5002340391479474,1.0,1.5002340391479474,1,0,0,0
weak,512,179,2,0.46038565291297573,1,0.03246744516952327,0,-0.28709530372643494,1.0,1.287095303726435,1,0,0,0
weak,512,180,2,0.46038565291297573,1,0.03246744516952349,0,-0.6911195934809806,0.8394104496628549,1.5305300431438356,1,0,0,0
weak,512,181,2,0.46038565291297573,1,0.03246744516952349,0,-0.26523717800800856,1.0,1.2652371780080085,1,0,0,0
weak,512,182,2,0.46038565291297573,1,0.03246744516952338,0,-0.8161608346981093,0.7143692084457263,1.5305300431438356,1,0,0,0
weak,512,183,2,0.46038565291297573,1,0.03246744516952327,0,-0.5495673747104814,0.9809626684333541,1.5305300431438356,1,0,0,0
weak,512,184,2,0.46038565291297573,1,0.03246744516952338,0,-0.7789518886238396,0.7515781545199962,1.5305300431438358,1,0,0,0
weak,512,185,2,0.46038565291297573,1,0.03246744516952327,0,-0.7774616746179117,0.7530683685259238,1.5305300431438356,1,0,0,0
weak,512,186,2,0.46038565291297573,1,0.03246744516952338,0,-0.5765313229613469,0.9539987201824887,1.5305300431438356,1,0,0,0
weak,512,187,2,0.46038565291297573,1,0.03246744516952338,0,-0.9679017068134428,0.5626283363303928,1.5305300431438356,1,0,0,0
weak,512,188,2,0.46038565291297573,1,0.03246744516952338,0,-0.8368789490442723,0.6936510940995635,1.5305300431438358,1,0,0,0
weak,512,189,2,0.46038565291297573,1,0.03246744516952338,0,-0.41609476571665066,1.0,1.4160947657166507,1,0,0,0
weak,512,190,2,0.46038565291297573,1,0.03246744516952327,0,-0.8558568342627748,0.6746732088810607,1.5305300431438356,1,0,0,0
weak,512,191,2,0.46038565291297573,1,0.03246744516952349,0,-0.2908474684339272,1.0,1.2908474684339273,1,0,0,0
weak,512,192,2,0.46038565291297573,1,0.03246744516952338,0,-0.9110425318114648,0.6194875113323708,1.5305300431438356,1,0,0,0
weak,512,193,2,0.46038565291297573,1,0.03246744516952327,0,-0.3238094592553488,1.0,1.3238094592553489,1,0,0,0
weak,512,194,2,0.46038565291297573,1,0.03246744516952338,0,-0.9836997689303244,0.5468302742135112,1.5305300431438356,1,0,0,0
weak,512,195,2,0.46038565291297573,1,0.03246744516952338,0,-0.19572195203419646,1.0,1.1957219520341964,1,0,0,0
weak,512,196,2,0.46038565291297573,1,0.03246744516952338,0,-0.574168946479845,0.9563610966639905,1.5305300431438353,1,0,0,0
weak,512,197,2,0.46038565291297573,1,0.03246744516952327,0,-0.523586288526755,1.0,1.523586288526755,1,0,0,0
weak,512,198,2,0.46038565291297573,1,0.03246744516952338,0,-0.31215510159039367,1.0,1.3121551015903936,1,0,0,0
weak,512,199,2,0.46038565291297573,1,0.03246744516952327,0,-0.9979720784988714,0.44177573041352697,1.4397478089123983,1,0,0,0
weak,512,200,2,0.46038565291297573,1,0.03246744516952349,0,-0.35039250954233164,1.0,1.3503925095423317,1,0,0,0
weak,512,201,2,0.46038565291297573,1,0.03246744516952349,0,-0.44837461185717625,0.9991477660311622,1.4475223778883384,1,0,0,0
weak,512,202,2,0.46038565291297573,1,0.03246744516952327,0,-1.0,0.4648965716418913,1.4648965716418914,1,0,0,0
weak,512,203,2,0.46038565291297573,1,0.03246744516952327,0,0.0050473913706953755,1.0,0.9949526086293046,1,0,0,0
weak,512,204,2,0.46038565291297573,1,0.03246744516952327,0,-0.9339337565581058,0.5965962865857295,1.5305300431438353,1,0,0,0
weak,512,205,2,0.46038565291297573,1,0.03246744516952327,0,-0.4096883587596522,1.0,1.4096883587596523,1,0,0,0
weak,512,206,2,0.46038565291297573,1,0.03246744516952327,0,-1.0,0.3980278922032135,1.3980278922032134,1,0,0,0
weak,512,207,2,0.46038565291297573,1,0.03246744516952338,0,-0.6681544244142397,0.8623756187295957,1.5305300431438353,1,0,0,0
weak,512,208,2,0.46038565291297573,1,0.03246744516952349,0,-0.524891542782473,0.9997834482157125,1.5246749909981854,1,0,0,0
weak,512,209,2,0.46038565291297573,1,0.03246744516952338,0,-0.7877777215571278,0.7427523215867076,1.5305300431438353,1,0,0,0
weak,512,210,2,0.46038565291297573,1,0.03246744516952327,0,-0.9595102841746459,0.5710197589691897,1.5305300431438356,1,0,0,0
weak,512,211,2,0.46038565291297573,1,0.03246744516952327,0,-0.6279465088608112,0.9025835342830244,1.5305300431438356,1,0,0,0
weak,512,212,2,0.46038565291297573,1,0.03246744516952316,0,-0.6476776435828266,0.8828523995610089,1.5305300431438356,1,0,0,0
weak,512,213,2,0.46038565291297573,1,0.03246744516952338,0,-0.43252468319276155,0.9996667178893643,1.432191401082126,1,0,0,0
weak,512,214,2,0.46038565291297573,1,0.03246744516952338,0,-0.15387566597839747,1.0,1.1538756659783975,1,0,0,0
weak,512,215,2,0.46038565291297573,1,0.03246744516952327,0,-0.16421451826713757,1.0,1.1642145182671375,1,0,0,0
weak,512,216,2,0.46038565291297573,1,0.03246744516952338,0,-0.9604974607679508,0.5700325823758849,1.5305300431438358,1,0,0,0
weak,512,217,2,0.46038565291297573,1,0.03246744516952349,0,-0.6322399203808873,0.8982901227629482,1.5305300431438353,1,0,0,0
weak,512,218,2,0.46038565291297573,1,0.03246744516952338,0,-0.6386075477484976,0.891922495395338,1.5305300431438356,1,0,0,0
weak,512,219,2,0.46038565291297573,1,0.03246744516952338,0,-0.3707166918444081,0.9985863746573886,1.3693030665017967,1,0,0,0
weak,512,220,2,0.46038565291297573,1,0.03246744516952338,0,-0.3068543763787129,1.0,1.3068543763787128,1,0,0,0
weak,512,221,2,0.46038565291297573,1,0.03246744516952327,0,-0.6969124710303658,0.8336175721134698,1.5305300431438356,1,0,0,0
weak,512,222,2,0.46038565291297573,1,0.03246744516952327,0,-0.6578586765582277,0.8726713665856081,1.5305300431438358,1,0,0,0
weak,512,223,2,0.46038565291297573,1,0.03246744516952349,0,-0.5233166999941037,1.0,1.5233166999941037,1,0,0,0
weak,512,224,2,0.46038565291297573,0,0.03246744516952338,0,-1.0,0.15493798336888637,1.1549379833688864,0,0,0,0
weak,512,225,2,0.46038565291297573,1,0.03246744516952349,0,-0.61217638932588,0.9183536538179555,1.5305300431438356,1,0,0,0
weak,512,226,2,0.46038565291297573,1,0.03246744516952338,0,-0.505717159690424,0.9973246729808786,1.5030418326713026,1,0,0,0
weak,512,227,2,0.46038565291297573,1,0.03246744516952349,0,-0.5386857903799005,0.9918442527639348,1.5305300431438353,1,0,0,0
weak,512,228,2,0.46038565291297573,1,0.03246744516952327,0,-0.6761805416541558,0.8543495014896798,1.5305300431438356,1,0,0,0
weak,512,229,2,0.46038565291297573,1,0.03246744516952327,0,-1.0,0.22126818541056364,1.2212681854105636,1,0,0,0
weak,512,230,2,0.46038565291297573,1,0.03246744516952338,0,-0.7542354317585505,0.7762946113852853,1.5305300431438358,1,0,0,0
weak,512,231,2,0.46038565291297573,1,0.03246744516952327,0,-0.2864364318555341,1.0,1.2864364318555341,1,0,0,0
weak,512,232,2,0.46038565291297573,1,0.03246744516952327,0,-0.37561124164627685,1.0,1.375611241646277,1,0,0,0
weak,512,233,2,0.46038565291297573,1,0.03246744516952327,0,-0.37034805367381757,1.0,1.3703480536738175,1,0,0,0
weak,512,234,2,0.46038565291297573,1,0.03246744516952316,0,-0.2298852859432911,1.0,1.2298852859432912,1,0,0,0
weak,512,235,2,0.46038565291297573,1,0.03246744516952327,0,-0.6738987876641422,0.8566312554796933,1.5305300431438356,1,0,0,0
weak,512,236,2,0.46038565291297573,1,0.03246744516952338,0,-0.47445823626090494,1.0,1.4744582362609049,1,0,0,0
weak,512,237,2,0.46038565291297573,1,0.03246744516952349,0,-0.6922956629180084,0.838234380225827,1.5305300431438353,1,0,0,0
weak,512,238,2,0.46038565291297573,1,0.03246744516952327,0,-0.6833761418146951,0.8471539013291405,1.5305300431438356,1,0,0,0
weak,512,239,2,0.46038565291297573,1,0.03246744516952327,0,-0.9960983687376243,0.45304703130002694,1.4491454000376511,1,0,0,0
weak,512,240,2,0.46038565291297573,1,0.03246744516952327,0,-0.3147078200487245,1.0,1.3147078200487246,1,0,0,0
weak,512,241,2,0.46038565291297573,1,0.03246744516952316,0,-0.07930308077252429,1.0,1.0793030807725243,1,0,0,0
weak,512,242,2,0.46038565291297573,1,0.03246744516952338,0,-0.616565512434823,0.9139645307090126,1.5305300431438358,1,0,0,0
weak,512,243,2,0.46038565291297573,1,0.03246744516952327,0,-0.6855984450891544,0.8449315980546812,1.5305300431438356,1,0,0,0
weak,512,244,2,0.46038565291297573,1,0.03246744516952349,0,-0.5325612883657846,0.9853753840036716,1.5179366723694563,1,0,0,0
weak,512,245,2,0.46038565291297573,1,0.03246744516952327,0,-0.9943407600629315,0.4487289589136025,1.443069718976534,1,0,0,0
weak,512,246,2,0.46038565291297573,1,0.03246744516952338,0,-0.20246530130475276,1.0,1.2024653013047528,1,0,0,0
weak,512,247,2,0.46038565291297573,1,0.03246744516952338,0,-0.4927996069577388,0.9970482163535646,1.4898478233113033,1,0,0,0
weak,512,248,2,0.46038565291297573,1,0.03246744516952327,0,-0.6487489031876292,0.8817811399562063,1.5305300431438356,1,0,0,0
weak,512,249,2,0.46038565291297573,1,0.03246744516952327,0,-0.4538689773597368,0.9954816490246026,1.4493506263843394,1,0,0,0
weak,512,250,2,0.46038565291297573,1,0.03246744516952338,0,-0.8020933988903381,0.7284366442534975,1.5305300431438358,1,0,0,0
weak,512,251,2,0.46038565291297573,1,0.03246744516952327,0,-0.7013552999825656,0.8291747431612699,1.5305300431438356,1,0,0,0
weak,512,252,2,0.46038565291297573,1,0.03246744516952316,0,-0.10158542819470534,1.0,1.1015854281947053,1,0,0,0
weak,512,253,2,0.46038565291297573,1,0.03246744516952327,0,-0.9622675991504661,0.5682624439933694,1.5305300431438356,1,0,0,0
weak,512,254,2,0.46038565291297573,1,0.03246744516952327,0,-0.2024405109652478,1.0,1.2024405109652478,1,0,0,0
weak,512,255,2,0.46038565291297573,1,0.03246744516952338,0,-0.36640420580341765,0.9980973619856003,1.364501567789018,1,0,0,0
weak,512,256,2,0.46038565291297573,1,0.03246744516952316,0,-0.2784058549187944,1.0,1.2784058549187944,1,0,0,0
weak,512,257,2,0.46038565291297573,1,0.03246744516952327,0,-0.7010331708659048,0.8294968722779308,1.5305300431438356,1,0,0,0
weak,512,258,2,0.46038565291297573,1,0.03246744516952338,0,-0.5186615746384831,0.999679683060269,1.518341257698752,1,0,0,0
weak,512,259,2,0.46038565291297573,1,0.03246744516952338,0,-0.20065550962215845,1.0,1.2006555096221585,1,0,0,0
weak,512,260,2,0.46038565291297573,1,0.03246744516952338,0,-0.7115868775511176,0.818943165592718,1.5305300431438356,1,0,0,0
weak,512,261,2,0.46038565291297573,1,0.03246744516952316,0,-0.7155702950013989,0.8149597481424369,1.5305300431438358,1,0,0,0
weak,512,262,2,0.46038565291297573,1,0.03246744516952327,0,-0.5965022275160017,0.9340278156278339,1.5305300431438356,1,0,0,0
weak,512,263,2,0.46038565291297573,1,0.03246744516952327,0,-0.5638738051855376,0.9666562379582979,1.5305300431438356,1,0,0,0
weak,512,264,2,0.46038565291297573,1,0.03246744516952338,0,-0.43149228860659455,0.9913314124248489,1.4228237010314435,1,0,0,0
weak,512,265,2,0.46038565291297573,1,0.03246744516952349,0,-0.4264808336534513,1.0,1.4264808336534514,1,0,0,0
weak,512,266,2,0.46038565291297573,1,0.03246744516952327,0,-0.9627843685305895,0.5677456746132461,1.5305300431438356,1,0,0,0
weak,512,267,2,0.46038565291297573,1,0.03246744516952338,0,-0.6480296373342724,0.8825004058095629,1.5305300431438353,1,0,0,0
weak,512,268,2,0.46038565291297573,1,0.03246744516952338,0,-0.9090517979863568,0.6214782451574787,1.5305300431438356,1,0,0,0
weak,512,269,2,0.46038565291297573,1,0.03246744516952327,0,-0.8485700255707505,0.6819600175730851,1.5305300431438356,1,0,0,0
weak,512,270,2,0.46038565291297573,1,0.03246744516952327,0,-0.06871242277333506,1.0,1.0687124227733351,1,0,0,0
weak,512,271,2,0.46038565291297573,1,0.03246744516952338,0,-0.846943659555234,0.6835863835886018,1.5305300431438358,1,0,0,0
weak,512,272,2,0.46038565291297573,1,0.03246744516952349,0,-0.7119116079601229,0.8186184351837125,1.5305300431438353,1,0,0,0
weak,512,273,2,0.46038565291297573,1,0.03246744516952338,0,-0.7208258579505642,0.8097041851932714,1.5305300431438356,1,0,0,0
weak,512,274,2,0.46038565291297573,1,0.03246744516952327,0,-0.3823866200344848,1.0,1.3823866200344848,1,0,0,0
weak,512,275,2,0.46038565291297573,1,0.03246744516952349,0,-0.7941976889833315,0.7363323541605038,1.5305300431438353,1,0,0,0
weak,512,276,2,0.46038565291297573,1,0.03246744516952327,0,-0.16391869577128998,1.0,1.16391869577129,1,0,0,0
weak,512,277,2,0.46038565291297573,1,0.03246744516952338,0,-0.335510131597417,1.0,1.335510131597417,1,0,0,0
weak,512,278,2,0.46038565291297573,1,0.03246744516952327,0,-0.542810616654287,0.9877194264895484,1.5305300431438353,1,0,0,0
weak,512,279,2,0.46038565291297573,1,0.03246744516952349,0,-0.42284652634731895,1.0,1.422846526347319,1,0,0,0
weak,512,280,2,0.46038565291297573,1,0.03246744516952338,0,-0.6624703868397974,0.8680596563040381,1.5305300431438356,1,0,0,0
weak,512,281,2,0.46038565291297573,1,0.03246744516952338,0,-0.9020575392962724,0.6284725038475631,1.5305300431438356,1,0,0,0
weak,512,282,2,0.46038565291297573,1,0.03246744516952349,0,-0.3981273560202308,1.0,1.3981273560202307,1,0,0,0
weak,512,283,2,0.46038565291297573,1,0.03246744516952349,0,-0.643017867398725,0.8875121757451105,1.5305300431438356,1,0,0,0
weak,512,284,2,0.46038565291297573,1,0.03246744516952338,0,-1.0,0.3428003514530837,1.3428003514530837,1,0,0,0
weak,512,285,2,0.46038565291297573,1,0.03246744516952338,0,-0.829277110629151,0.7012529325146846,1.5305300431438356,1,0,0,0
weak,512,286,2,0.46038565291297573,1,0.03246744516952327,0,-0.5594965882874618,0.9710334548563737,1.5305300431438356,1,0,0,0
weak,512,287,2,0.46038565291297573,1,0.03246744516952327,0,-0.6559100828329611,0.8746199603108746,1.5305300431438358,1,0,0,0
weak,512,288,2,0.46038565291297573,1,0.03246744516952349,0,-0.6500961491515727,0.8804338939922628,1.5305300431438353,1,0,0,0
weak,512,289,2,0.46038565291297573,1,0.03246744516952327,0,-0.5987132635395382,0.9318167796042973,1.5305300431438356,1,0,0,0
weak,512,290,2,0.46038565291297573,1,0.03246744516952327,0,-0.9910651659806404,0.5394648771631949,1.5305300431438353,1,0,0,0
weak,512,291,2,0.46038565291297573,1,0.03246744516952327,0,-0.5302148625649041,0.9913292048421003,1.5215440674070044,1,0,0,0
weak,512,292,2,0.46038565291297573,1,0.03246744516952349,0,-0.4678900616705704,1.0,1.4678900616705703,1,0,0,0
weak,512,293,2,0.46038565291297573,1,0.03246744516952338,0,-0.610257958604663,0.9202720845391725,1.5305300431438356,1,0,0,0
weak,512,294,2,0.46038565291297573,1,0.03246744516952316,0,-0.2818077812815524,1.0,1.2818077812815525,1,0,0,0
weak,512,295,2,0.46038565291297573,1,0.03246744516952338,0,-0.143207099224905,1.0,1.143207099224905,1,0,0,0
weak,512,296,2,0.46038565291297573,1,0.03246744516952338,0,-0.46722057188977467,0.9898289540456034,1.4570495259353782,1,0,0,0
weak,512,297,2,0.46038565291297573,1,0.03246744516952338,0,0.004036410336475393,1.0,0.9959635896635246,1,0,0,0
weak,512,298,2,0.46038565291297573,1,0.03246744516952349,0,-0.6059169313706108,0.9246131117732246,1.5305300431438353,1,0,0,0
weak,512,299,2,0.46038565291297573,1,0.03246744516952349,0,-0.40667933537764217,1.0,1.4066793353776421,1,0,0,0
weak,2048,0,2,1.8415426116517324,1,0.016233722584761634,0,-0.19587483593827804,0.5693901856336635,0.7652650215719415,1,0,0,0
weak,2048,1,2,1.8415426116517324,1,0.016233722584761634,0,-0.41769814290635,0.34756687866559155,0.7652650215719415,1,0,0,0
weak,2048,2,2,1.8415426116517324,1,0.016233722584761634,0,-0.4025843684809225,0.36268065309101905,0.7652650215719415,1,0,0,0
weak,2048,3,2,1.8415426116517324,0,0.016233722584761634,0,-0.4949805124934209,0.27028450907852064,0.7652650215719415,1,0,0,0
weak,2048,4,2,1.8415426116517324,0,0.016233722584761745,0,0.18020857171748328,0.9454735932894247,0.7652650215719414,1,1,0,0
weak,2048,5,2,1.8415426116517324,1,0.016233722584761634,0,-0.07901075359753196,0.6862542679744096,0.7652650215719415,1,0,0,0
weak,2048,6,2,1.8415426116517324,1,0.016233722584761745,0,0.009110548734306834,0.7743755703062483,0.7652650215719414,1,0,0,0
weak,2048,7,2,1.8415426116517324,1,0.016233722584761745,0,-0.006949246025835909,0.7583157755461055,0.7652650215719414,1,0,0,0
weak,2048,8,2,1.8415426116517324,1,0.016233722584761634,0,-0.09431887485791068,0.6709461467140309,0.7652650215719415,1,0,0,0
weak,2048,9,2,1.8415426116517324,1,0.016233722584761745,0,-0.04805854935601361,0.7172064722159278,0.7652650215719414,1,0,0,0
weak,2048,10,2,1.8415426116517324,0,0.016233722584761523,0,-0.49962430719938866,0.2656407143725529,0.7652650215719415,1,0,0,0
weak,2048,11,2,1.8415426116517324,1,0.016233722584761634,0,-0.19437686066776128,0.5708881609041803,0.7652650215719415,1,0,0,0
weak,2048,12,2,1.8415426116517324,1,0.016233722584761745,0,0.05006692112342448,0.8153319426953659,0.7652650215719414,1,1,0,0
weak,2048,13,2,1.8415426116517324,1,0.016233722584761634,0,-0.2319719345920812,0.5332930869798603,0.7652650215719415,1,0,0,0
weak,2048,14,2,1.8415426116517324,1,0.016233722584761745,0,-0.21948518651687465,0.5457798350550669,0.7652650215719415,1,0,0,0
weak,2048,15,2,1.8415426116517324,1,0.016233722584761523,0,0.07894804742045247,0.8442130689923939,0.7652650215719414,1,1,0,0
weak,2048,16,2,1.8415426116517324,1,0.016233722584761745,0,0.06245098508943425,0.8277160066613757,0.7652650215719414,1,1,0,0
weak,2048,17,2,1.8415426116517324,1,0.016233722584761745,0,-0.1183884044279715,0.64687661714397,0.7652650215719415,1,0,0,0
weak,2048,18,2,1.8415426116517324,1,0.016233722584761745,0,-0.2908822007269377,0.4743828208450038,0.7652650215719415,1,0,0,0
weak,2048,19,2,1.8415426116517324,1,0.016233722584761745,0,-0.1966458117304437,0.5686192098414978,0.7652650215719415,1,0,0,0
weak,2048,20,2,1.8415426116517324,1,0.016233722584761745,0,-0.10221354972591168,0.6630514718460297,0.7652650215719414,1,0,0,0
weak,2048,21,2,1.8415426116517324,1,0.016233722584761745,0,-0.003546706680387035,0.7617183148915545,0.7652650215719415,1,0,0,0
weak,2048,22,2,1.8415426116517324,1,0.016233722584761745,0,-0.03267712691644775,0.7325878946554938,0.7652650215719415,1,0,0,0
weak,2048,23,2,1.8415426116517324,1,0.016233722584761745,0,-0.032558530073638514,0.732706491498303,0.7652650215719415,1,0,0,0
weak,2048,24,2,1.8415426116517324,1,0.016233722584761745,0,0.0664269691523035,0.831691990724245,0.7652650215719415,1,1,0,0
weak,2048,25,2,1.8415426116517324,1,0.016233722584761634,0,-0.18679375978708923,0.5784712617848522,0.7652650215719414,1,0,0,0
weak,2048,26,2,1.8415426116517324,1,0.016233722584761745,0,-0.1529256537491379,0.6123393678228036,0.7652650215719415,1,0,0,0
weak,2048,27,2,1.8415426116517324,1,0.016233722584761745,0,-0.03665294892118487,0.7286120726507566,0.7652650215719414,1,0,0,0
weak,2048,28,2,1.8415426116517324,1,0.016233722584761634,0,-0.16956459494376752,0.5957004266281739,0.7652650215719414,1,0,0,0
weak,2048,29,2,1.8415426116517324,1,0.016233722584761745,0,-0.1888747511450405,0.5763902704269009,0.7652650215719414,1,0,0,0
weak,2048,30,2,1.8415426116517324,1,0.016233722584761745,0,-0.19091477580498184,0.5743502457669596,0.7652650215719414,1,0,0,0
weak,2048,31,2,1.8415426116517324,1,0.016233722584761634,0,0.022448259092831657,0.7877132806647732,0.7652650215719415,1,0,0,0
weak,2048,32,2,1.8415426116517324,1,0.016233722584761745,0,-0.14864878615284216,0.6166162354190993,0.7652650215719414,1,0,0,0
weak,2048,33,2,1.8415426116517324,1,0.016233722584761634,0,-0.07005840904562721,0.6952066125263143,0.7652650215719415,1,0,0,0
weak,2048,34,2,1.8415426116517324,1,0.016233722584761745,0,0.011542739421440684,0.7768077609933821,0.7652650215719414,1,0,0,0
weak,2048,35,2,1.8415426116517324,1,0.016233722584761745,0,-0.14029305663925218,0.6249719649326894,0.7652650215719415,1,0,0,0
weak,2048,36,2,1.8415426116517324,1,0.016233722584761634,0,0.039759764371483985,0.8050247859434254,0.7652650215719414,1,0,0,0
weak,2048,37,2,1.8415426116517324,1,0.016233722584761745,0,-0.007103924405409523,0.7581610971665319,0.7652650215719414,1,0,0,0
weak,2048,38,2,1.8415426116517324,1,0.016233722584761745,0,-0.09188379696092575,0.6733812246110157,0.7652650215719414,1,0,0,0
weak,2048,39,2,1.8415426116517324,1,0.016233722584761634,0,-0.09494989582357816,0.6703151257483633,0.7652650215719414,1,0,0,0
weak,2048,40,2,1.8415426116517324,1,0.016233722584761523,0,-0.3886643132374211,0.3766007083345203,0.7652650215719414,1,0,0,0
weak,2048,41,2,1.8415426116517324,1,0.016233722584761745,0,-0.09625111979857726,0.6690139017733642,0.7652650215719414,1,0,0,0
weak,2048,42,2,1.8415426116517324,1,0.016233722584761634,0,-0.07065622928614146,0.6946087922858001,0.7652650215719415,1,0,0,0
weak,2048,43,2,1.8415426116517324,1,0.016233722584761745,0,-0.221925416185481,0.5433396053864605,0.7652650215719415,1,0,0,0
weak,2048,44,2,1.8415426116517324,1,0.016233722584761634,0,-0.3045867237915415,0.4606782977803999,0.7652650215719414,1,0,0,0
weak,2048,45,2,1.8415426116517324,1,0.016233722584761745,0,-0.14033017282024696,0.6249348487516946,0.7652650215719415,1,0,0,0
weak,2048,46,2,1.8415426116517324,1,0.016233722584761745,0,-0.26672913019537625,0.4985358913765653,0.7652650215719415,1,0,0,0
weak,2048,47,2,1.8415426116517324,1,0.016233722584761745,0,-0.1911694060145327,0.5740956155574087,0.7652650215719414,1,0,0,0
weak,2048,48,2,1.8415426116517324,1,0.016233722584761745,0,-0.32420905727743743,0.441055964294504,0.7652650215719414,1,0,0,0
weak,2048,49,2,1.8415426116517324,1,0.016233722584761634,0,-0.33114893020019187,0.43411609137174956,0.7652650215719414,1,0,0,0
weak,2048,50,2,1.8415426116517324,1,0.016233722584761634,0,-0.12796605069368305,0.6372989708782585,0.7652650215719415,1,0,0,0
weak,2048,51,2,1.8415426116517324,1,0.016233722584761745,0,-0.2751471093580825,0.4901179122138589,0.7652650215719414,1,0,0,0
weak,2048,52,2,1.8415426116517324,0,0.016233722584761745,0,0.053451150611569576,0.8187161721835111,0.7652650215719415,1,1,0,0
weak,2048,53,2,1.8415426116517324,0,0.016233722584761745,0,0.11534079568646549,0.880605817258407,0.7652650215719415,1,1,0,0
weak,2048,54,2,1.8415426116517324,1,0.016233722584761634,0,-0.04276043779524985,0.7225045837766916,0.7652650215719414,1,0,0,0
weak,2048,55,2,1.8415426116517324,1,0.016233722584761634,0,-0.07032463843188974,0.6949403831400517,0.7652650215719414,1,0,0,0
weak,2048,56,2,1.8415426116517324,1,0.016233722584761745,0,-0.3340981465246101,0.4311668750473313,0.7652650215719414,1,0,0,0
weak,2048,57,2,1.8415426116517324,1,0.016233722584761745,0,-0.1816974076391613,0.5835676139327801,0.7652650215719414,1,0,0,0
weak,2048,58,2,1.8415426116517324,1,0.016233722584761745,0,-0.31048090705475107,0.4547841145171905,0.7652650215719415,1,0,0,0
weak,2048,59,2,1.8415426116517324,1,0.016233722584761745,0,-0.26707430446255676,0.4981907171093847,0.7652650215719414,1,0,0,0
weak,2048,60,2,1.8415426116517324,1,0.016233722584761523,0,-0.45755338093380415,0.3077116406381373,0.7652650215719414,1,0,0,0
weak,2048,61,2,1.8415426116517324,1,0.016233722584761634,0,-0.17451068063583797,0.5907543409361036,0.7652650215719415,1,0,0,0
weak,2048,62,2,1.8415426116517324,1,0.016233722584761745,0,-0.3525163837248273,0.41274863784711413,0.7652650215719414,1,0,0,0
weak,2048,63,2,1.8415426116517324,1,0.016233722584761745,0,-0.06260453123095566,0.7026604903409859,0.7652650215719415,1,0,0,0
weak,2048,64,2,1.8415426116517324,1,0.016233722584761745,0,-0.1769967133401562,0.5882683082317853,0.7652650215719415,1,0,0,0
weak,2048,65,2,1.8415426116517324,1,0.016233722584761745,0,-0.17630927766427784,0.5889557439076637,0.7652650215719415,1,0,0,0
weak,2048,66,2,1.8415426116517324,0,0.016233722584761745,0,0.16923395944061187,0.9344989810125534,0.7652650215719414,1,1,0,0
weak,2048,67,2,1.8415426116517324,1,0.016233722584761745,0,-0.12360669725584283,0.6416583243160987,0.7652650215719415,1,0,0,0
weak,2048,68,2,1.8415426116517324,1,0.016233722584761745,0,-0.14935207398432693,0.6159129475876145,0.7652650215719414,1,0,0,0
weak,2048,69,2,1.8415426116517324,1,0.016233722584761745,0,-0.061919664096589666,0.7033453574753519,0.7652650215719415,1,0,0,0
weak,2048,70,2,1.8415426116517324,1,0.016233722584761745,0,-0.26774962131818236,0.49751540025375907,0.7652650215719414,1,0,0,0
weak,2048,71,2,1.8415426116517324,1,0.016233722584761745,0,-0.17469023544056494,0.5905747861313766,0.7652650215719415,1,0,0,0
weak,2048,72,2,1.8415426116517324,1,0.016233722584761745,0,-0.10166250979487623,0.6636025117770653,0.7652650215719415,1,0,0,0
weak,2048,73,2,1.8415426116517324,1,0.016233722584761523,0,-0.42856949059597105,0.3366955309759704,0.7652650215719414,1,0,0,0
weak,2048,74,2,1.8415426116517324,1,0.016233722584761745,0,-0.10705248773899056,0.658212533832951,0.7652650215719415,1,0,0,0
weak,2048,75,2,1.8415426116517324,1,0.016233722584761745,0,-0.11299741659211804,0.6522676049798234,0.7652650215719414,1,0,0,0
weak,2048,76,2,1.8415426116517324,1,0.016233722584761745,0,-0.2347067502561645,0.530558271315777,0.7652650215719415,1,0,0,0
weak,2048,77,2,1.8415426116517324,1,0.016233722584761634,0,-0.037229018158353,0.7280360034135884,0.7652650215719414,1,0,0,0
weak,2048,78,2,1.8415426116517324,1,0.016233722584761634,0,-0.244852760229332,0.5204122613426094,0.7652650215719414,1,0,0,0
weak,2048,79,2,1.8415426116517324,1,0.016233722584761634,0,-0.4947803350637954,0.27048468650814605,0.7652650215719414,1,0,0,0
weak,2048,80,2,1.8415426116517324,1,0.016233722584761745,0,-0.052111671295390516,0.7131533502765509,0.7652650215719414,1,0,0,0
weak,2048,81,2,1.8415426116517324,1,0.016233722584761634,0,-0.015614039163149629,0.7496509824087919,0.7652650215719415,1,0,0,0
weak,2048,82,2,1.8415426116517324,1,0.016233722584761634,0,-0.20451926452294344,0.5607457570489981,0.7652650215719415,1,0,0,0
weak,2048,83,2,1.8415426116517324,1,0.016233722584761745,0,-0.34214150272221533,0.4231235188497261,0.7652650215719414,1,0,0,0
weak,2048,84,2,1.8415426116517324,1,0.016233722584761634,0,-0.23589652580834142,0.5293684957636,0.7652650215719414,1,0,0,0
weak,2048,85,2,1.8415426116517324,1,0.016233722584761745,0,-0.045329976266992644,0.7199350453049489,0.7652650215719415,1,0,0,0
weak,2048,86,2,1.8415426116517324,1,0.016233722584761745,0,-0.018052321627260892,0.7472126999446805,0.7652650215719414,1,0,0,0
weak,2048,87,2,1.8415426116517324,1,0.016233722584761745,0,0.01902004617844011,0.7842850677503816,0.7652650215719415,1,0,0,0
weak,2048,88,2,1.8415426116517324,1,0.016233722584761634,0,-0.1192841315314177,0.6459808900405237,0.7652650215719414,1,0,0,0
weak,2048,89,2,1.8415426116517324,1,0.016233722584761745,0,0.024292394302506737,0.7895574158744482,0.7652650215719414,1,0,0,0
weak,2048,90,2,1.8415426116517324,1,0.016233722584761634,0,-0.024293275606943276,0.7409717459649982,0.7652650215719414,1,0,0,0
weak,2048,91,2,1.8415426116517324,1,0.016233722584761745,0,-0.06533375871391223,0.6999312628580293,0.7652650215719415,1,0,0,0
weak,2048,92,2,1.8415426116517324,1,0.016233722584761745,0,-0.025715953858645446,0.7395490677132961,0.7652650215719415,1,0,0,0
weak,2048,93,2,1.8415426116517324,1,0.016233722584761745,0,-0.1398462190591233,0.6254188025128182,0.7652650215719415,1,0,0,0
weak,2048,94,2,1.8415426116517324,1,0.016233722584761745,0,-0.057132834762766094,0.7081321868091753,0.7652650215719414,1,0,0,0
weak,2048,95,2,1.8415426116517324,1,0.016233722584761745,0,0.083077893712865,0.8483429152848065,0.7652650215719415,1,1,0,0
weak,2048,96,2,1.8415426116517324,1,0.016233722584761745,0,-0.2893606450228038,0.47590437654913764,0.7652650215719414,1,0,0,0
weak,2048,97,2,1.8415426116517324,0,0.016233722584761745,0,-0.27949604596281585,0.4857689756091257,0.7652650215719415,1,0,0,0
weak,2048,98,2,1.8415426116517324,1,0.016233722584761634,0,-0.1603211283327346,0.6049438932392068,0.7652650215719414,1,0,0,0
weak,2048,99,2,1.8415426116517324,1,0.016233722584761745,0,-0.03903831979845995,0.7262267017734815,0.7652650215719414,1,0,0,0
weak,2048,100,2,1.8415426116517324,1,0.016233722584761745,0,-0.25764666818118276,0.5076183533907587,0.7652650215719414,1,0,0,0
weak,2048,101,2,1.8415426116517324,1,0.016233722584761634,0,-0.2673972592083601,0.4978677623635813,0.7652650215719414,1,0,0,0
weak,2048,102,2,1.8415426116517324,1,0.016233722584761634,0,-0.26752634013303234,0.4977386814389091,0.7652650215719414,1,0,0,0
weak,2048,103,2,1.8415426116517324,1,0.016233722584761745,0,-0.34338346100250816,0.42188156056943327,0.7652650215719414,1,0,0,0
weak,2048,104,2,1.8415426116517324,1,0.016233722584761634,0,-0.2493890403462733,0.5158759812256682,0.7652650215719415,1,0,0,0
weak,2048,105,2,1.8415426116517324,1,0.016233722584761523,0,-0.5077336785499534,0.2575313430219881,0.7652650215719415,1,0,0,0
weak,2048,106,2,1.8415426116517324,1,0.016233722584761634,0,-0.25095940450387877,0.5143056170680627,0.7652650215719414,1,0,0,0
weak,2048,107,2,1.8415426116517324,1,0.016233722584761634,0,-0.2068198918552805,0.558445129716661,0.7652650215719415,1,0,0,0
weak,2048,108,2,1.8415426116517324,1,0.016233722584761745,0,-0.17970551734187423,0.5855595042300673,0.7652650215719415,1,0,0,0
weak,2048,109,2,1.8415426116517324,1,0.016233722584761745,0,-0.2523857379518667,0.5128792836200748,0.7652650215719415,1,0,0,0
weak,2048,110,2,1.8415426116517324,1,0.016233722584761745,0,-0.07165731501231154,0.69360770655963,0.7652650215719415,1,0,0,0
weak,2048,111,2,1.8415426116517324,1,0.016233722584761634,0,-0.05180496676067203,0.7134600548112694,0.7652650215719414,1,0,0,0
weak,2048,112,2,1.8415426116517324,1,0.016233722584761745,0,-0.005212771285705076,0.7600522502862365,0.7652650215719415,1,0,0,0
weak,2048,113,2,1.8415426116517324,1,0.016233722584761634,0,-0.23762270581543965,0.5276423157565019,0.7652650215719415,1,0,0,0
weak,2048,114,2,1.8415426116517324,1,0.016233722584761523,0,-0.4307965233524922,0.33446849821944924,0.7652650215719414,1,0,0,0
weak,2048,115,2,1.8415426116517324,1,0.016233722584761634,0,-0.38317476140096474,0.3820902601709767,0.7652650215719414,1,0,0,0
weak,2048,116,2,1.8415426116517324,1,0.016233722584761634,0,-0.3885937459208474,0.37667127565109415,0.7652650215719415,1,0,0,0
weak,2048,117,2,1.8415426116517324,0,0.016233722584761745,0,0.10626354456376308,0.8715285661357045,0.7652650215719414,1,1,0,0
weak,2048,118,2,1.8415426116517324,1,0.016233722584761745,0,-0.2291986929204083,0.5360663286515333,0.7652650215719415,1,0,0,0
weak,2048,119,2,1.8415426116517324,1,0.016233722584761634,0,-0.09826230972881678,0.6670027118431247,0.7652650215719414,1,0,0,0
weak,2048,120,2,1.8415426116517324,1,0.016233722584761745,0,-0.014595057439265369,0.7506699641326761,0.7652650215719414,1,0,0,0
weak,2048,121,2,1.8415426116517324,0,0.016233722584761634,0,-0.46463910459285984,0.3006259169790817,0.7652650215719415,1,0,0,0
weak,2048,122,2,1.8415426116517324,1,0.016233722584761634,0,-0.15984812438619045,0.605416897185751,0.7652650215719414,1,0,0,0
weak,2048,123,2,1.8415426116517324,1,0.016233722584761745,0,-0.2621987680298745,0.5030662535420669,0.7652650215719414,1,0,0,0
weak,2048,124,2,1.8415426116517324,1,0.016233722584761745,0,-0.3849180751380694,0.380346946433872,0.7652650215719414,1,0,0,0
weak,2048,125,2,1.8415426116517324,1,0.016233722584761634,0,-0.38923547491304944,0.376029546658892,0.7652650215719414,1,0,0,0
weak,2048,126,2,1.8415426116517324,1,0.016233722584761745,0,-0.09285885949412598,0.6724061620778155,0.7652650215719414,1,0,0,0
weak,2048,127,2,1.8415426116517324,0,0.016233722584761745,0,0.1862827116052269,0.9515477331771685,0.7652650215719415,1,1,0,0
weak,2048,128,2,1.8415426116517324,1,0.016233722584761745,0,-0.13861045519173032,0.6266545663802111,0.7652650215719414,1,0,0,0
weak,2048,129,2,1.8415426116517324,0,0.016233722584761856,0,0.1324350440687847,0.8977000656407261,0.7652650215719414,1,1,0,0
weak,2048,130,2,1.8415426116517324,1,0.016233722584761745,0,-0.21475768492788194,0.5505073366440595,0.7652650215719414,1,0,0,0
weak,2048,131,2,1.8415426116517324,1,0.016233722584761745,0,-0.002246772718711987,0.7630182488532296,0.7652650215719415,1,0,0,0
weak,2048,132,2,1.8415426116517324,1,0.016233722584761634,0,-0.43482207044157917,0.33044295113036226,0.7652650215719414,1,0,0,0
weak,2048,133,2,1.8415426116517324,1,0.016233722584761634,0,0.013294360905706237,0.7785593824776477,0.7652650215719414,1,0,0,0
weak,2048,134,2,1.8415426116517324,1,0.016233722584761634,0,-0.3521268297797946,0.41313819179214684,0.7652650215719414,1,0,0,0
weak,2048,135,2,1.8415426116517324,1,0.016233722584761745,0,-0.14057650391130072,0.6246885176606408,0.7652650215719415,1,0,0,0
weak,2048,136,2,1.8415426116517324,1,0.016233722584761745,0,-0.07763771422470966,0.6876273073472319,0.7652650215719415,1,0,0,0
weak,2048,137,2,1.8415426116517324,1,0.016233722584761745,0,-0.19927795998660758,0.565987061585334,0.7652650215719415,1,0,0,0
weak,2048,138,2,1.8415426116517324,1,0.016233722584761745,0,-0.10898173185894366,0.6562832897129979,0.7652650215719415,1,0,0,0
weak,2048,139,2,1.8415426116517324,1,0.016233722584761634,0,-0.19410298869180087,0.5711620328801407,0.7652650215719415,1,0,0,0
weak,2048,140,2,1.8415426116517324,1,0.016233722584761745,0,-0.06311103251197314,0.7021539890599683,0.7652650215719414,1,0,0,0
weak,2048,141,2,1.8415426116517324,1,0.016233722584761634,0,-0.07788782967992935,0.6873771918920121,0.7652650215719414,1,0,0,0
weak,2048,142,2,1.8415426116517324,1,0.016233722584761634,0,-0.15739156259652842,0.607873458975413,0.7652650215719414,1,0,0,0
weak,2048,143,2,1.8415426116517324,1,0.016233722584761745,0,-0.28345811308814794,0.4818069084837935,0.7652650215719414,1,0,0,0
weak,2048,144,2,1.8415426116517324,1,0.016233722584761634,0,0.02077141991823861,0.78603644149018,0.7652650215719414,1,0,0,0
weak,2048,145,2,1.8415426116517324,1,0.016233722584761634,0,-0.3607817636762499,0.4044832578956916,0.7652650215719415,1,0,0,0
weak,2048,146,2,1.8415426116517324,1,0.016233722584761745,0,-0.2564450071126295,0.508820014459312,0.7652650215719415,1,0,0,0
weak,2048,147,2,1.8415426116517324,1,0.016233722584761634,0,0.013914078654174489,0.779179100226116,0.7652650215719415,1,0,0,0
weak,2048,148,2,1.8415426116517324,1,0.016233722584761745,0,-0.11147420514055828,0.6537908164313833,0.7652650215719415,1,0,0,0
weak,2048,149,2,1.8415426116517324,1,0.016233722584761523,0,-0.4891225030101488,0.2761425185617926,0.7652650215719414,1,0,0,0
weak,2048,150,2,1.8415426116517324,1,0.016233722584761634,0,-0.17459841373207519,0.5906666078398662,0.7652650215719414,1,0,0,0
weak,2048,151,2,1.8415426116517324,1,0.016233722584761745,0,-0.17851713059169616,0.5867478909802454,0.7652650215719415,1,0,0,0
weak,2048,152,2,1.8415426116517324,1,0.016233722584761745,0,-0.39241636297933713,0.3728486585926044,0.7652650215719415,1,0,0,0
weak,2048,153,2,1.8415426116517324,1,0.016233722584761634,0,-0.017966546581937526,0.7472984749900039,0.7652650215719414,1,0,0,0
weak,2048,154,2,1.8415426116517324,1,0.016233722584761634,0,-0.15539332792904037,0.6098716936429011,0.7652650215719414,1,0,0,0
weak,2048,155,2,1.8415426116517324,1,0.016233722584761745,0,-0.27775458786811513,0.4875104337038264,0.7652650215719415,1,0,0,0
weak,2048,156,2,1.8415426116517324,1,0.016233722584761634,0,-0.28119207383363287,0.48407294773830856,0.7652650215719414,1,0,0,0
weak,2048,157,2,1.8415426116517324,1,0.016233722584761634,0,-0.33916716552053305,0.4260978560514084,0.7652650215719414,1,0,0,0
weak,2048,158,2,1.8415426116517324,1,0.016233722584761634,0,-0.0038024562092778824,0.7614625653626635,0.7652650215719414,1,0,0,0
weak,2048,159,2,1.8415426116517324,1,0.016233722584761745,0,-0.14662302403539662,0.6186419975365449,0.7652650215719415,1,0,0,0
weak,2048,160,2,1.8415426116517324,1,0.016233722584761634,0,-0.39460024549501727,0.37066477607692416,0.7652650215719414,1,0,0,0
weak,2048,161,2,1.8415426116517324,1,0.016233722584761745,0,-0.16698824611879626,0.5982767754531453,0.7652650215719415,1,0,0,0
weak,2048,162,2,1.8415426116517324,1,0.016233722584761745,0,-0.37588353810742714,0.3893814834645144,0.7652650215719415,1,0,0,0
weak,2048,163,2,1.8415426116517324,1,0.016233722584761745,0,-0.23118072157233305,0.5340842999996085,0.7652650215719415,1,0,0,0
weak,2048,164,2,1.8415426116517324,1,0.016233722584761745,0,-0.12974075912702954,0.6355242624449119,0.7652650215719414,1,0,0,0
weak,2048,165,2,1.8415426116517324,1,0.016233722584761634,0,-0.09997549560954788,0.6652895259623937,0.7652650215719415,1,0,0,0
weak,2048,166,2,1.8415426116517324,1,0.016233722584761634,0,-0.1831352946075797,0.5821297269643617,0.7652650215719414,1,0,0,0
weak,2048,167,2,1.8415426116517324,1,0.016233722584761745,0,-0.11787964437878984,0.6473853771931517,0.7652650215719415,1,0,0,0
weak,2048,168,2,1.8415426116517324,1,0.016233722584761745,0,-0.15363584173091516,0.6116291798410264,0.7652650215719415,1,0,0,0
weak,2048,169,2,1.8415426116517324,1,0.016233722584761745,0,-0.0372373705359601,0.7280276510359813,0.7652650215719414,1,0,0,0
weak,2048,170,2,1.8415426116517324,1,0.016233722584761634,0,0.03383550685554726,0.7991005284274887,0.7652650215719414,1,0,0,0
weak,2048,171,2,1.8415426116517324,1,0.016233722584761745,0,-0.386944296036299,0.37832072553564244,0.7652650215719414,1,0,0,0
weak,2048,172,2,1.8415426116517324,1,0.016233722584761745,0,-0.08360854374564386,0.6816564778262976,0.7652650215719414,1,0,0,0
weak,2048,173,2,1.8415426116517324,1,0.016233722584761634,0,-0.06243636047946943,0.7028286610924721,0.7652650215719415,1,0,0,0
weak,2048,174,2,1.8415426116517324,1,0.016233722584761745,0,-0.14886933019836557,0.6163956913735759,0.7652650215719414,1,0,0,0
weak,2048,175,2,1.8415426116517324,1,0.016233722584761634,0,-0.452561215031947,0.3127038065399944,0.7652650215719414,1,0,0,0
weak,2048,176,2,1.8415426116517324,1,0.016233722584761634,0,-0.0935026126962305,0.6717624088757109,0.7652650215719414,1,0,0,0
weak,2048,177,2,1.8415426116517324,1,0.016233722584761856,0,0.11954835211031989,0.8848133736822614,0.7652650215719415,1,1,0,0
weak,2048,178,2,1.8415426116517324,0,0.016233722584761634,0,-0.5408075300909378,0.22445749148100358,0.7652650215719414,1,0,0,0
weak,2048,179,2,1.8415426116517324,1,0.016233722584761745,0,-0.14393349064191152,0.6213315309300299,0.7652650215719414,1,0,0,0
weak,2048,180,2,1.8415426116517324,1,0.016233722584761745,0,-0.24145073005134088,0.5238142915206006,0.7652650215719414,1,0,0,0
weak,2048,181,2,1.8415426116517324,1,0.016233722584761745,0,-0.20322931997131244,0.5620357016006291,0.7652650215719415,1,0,0,0
weak,2048,182,2,1.8415426116517324,1,0.016233722584761745,0,-0.35140787465974654,0.4138571469121949,0.7652650215719414,1,0,0,0
weak,2048,183,2,1.8415426116517324,1,0.016233722584761745,0,-0.16052834148519457,0.6047366800867469,0.7652650215719414,1,0,0,0
weak,2048,184,2,1.8415426116517324,1,0.016233722584761634,0,-0.24650092345861685,0.5187640981133246,0.7652650215719414,1,0,0,0
weak,2048,185,2,1.8415426116517324,1,0.016233722584761745,0,-0.34565354631791356,0.419611475254028,0.7652650215719415,1,0,0,0
weak,2048,186,2,1.8415426116517324,1,0.016233722584761745,0,-0.07191768413324717,0.6933473374386944,0.7652650215719415,1,0,0,0
weak,2048,187,2,1.8415426116517324,1,0.016233722584761745,0,-0.014737838074722065,0.7505271834972195,0.7652650215719415,1,0,0,0
weak,2048,188,2,1.8415426116517324,1,0.016233722584761634,0,-0.2752069347414503,0.4900580868304911,0.7652650215719414,1,0,0,0
weak,2048,189,2,1.8415426116517324,1,0.016233722584761745,0,-0.21421002857864269,0.5510549929932987,0.7652650215719414,1,0,0,0
weak,2048,190,2,1.8415426116517324,1,0.016233722584761745,0,-0.18092007116060926,0.5843449504113323,0.7652650215719415,1,0,0,0
weak,2048,191,2,1.8415426116517324,1,0.016233722584761745,0,-0.3541823172249422,0.41108270434699923,0.7652650215719414,1,0,0,0
weak,2048,192,2,1.8415426116517324,1,0.016233722584761634,0,-0.24553230884100763,0.5197327127309338,0.7652650215719414,1,0,0,0
weak,2048,193,2,1.8415426116517324,1,0.016233722584761745,0,-0.21987298114507225,0.5453920404268692,0.7652650215719414,1,0,0,0
weak,2048,194,2,1.8415426116517324,1,0.016233722584761634,0,-0.23466778172013236,0.5305972398518091,0.7652650215719414,1,0,0,0
weak,2048,195,2,1.8415426116517324,1,0.016233722584761634,0,-0.0755998173322765,0.6896652042396649,0.7652650215719414,1,0,0,0
weak,2048,196,2,1.8415426116517324,1,0.016233722584761745,0,0.06943785957910842,0.83470288115105,0.7652650215719415,1,1,0,0
weak,2048,197,2,1.8415426116517324,1,0.016233722584761745,0,-0.2656157427047745,0.4996492788671669,0.7652650215719414,1,0,0,0
weak,2048,198,2,1.8415426116517324,1,0.016233722584761745,0,-0.3900406790886992,0.3752243424832422,0.7652650215719414,1,0,0,0
weak,2048,199,2,1.8415426116517324,1,0.016233722584761634,0,0.173902850827922,0.9391678723998635,0.7652650215719415,1,1,0,0
weak,2048,200,2,1.8415426116517324,1,0.016233722584761745,0,-0.10820929078504937,0.6570557307868921,0.7652650215719414,1,0,0,0
weak,2048,201,2,1.8415426116517324,1,0.016233722584761634,0,-0.08795871332773053,0.6773063082442109,0.7652650215719414,1,0,0,0
weak,2048,202,2,1.8415426116517324,1,0.016233722584761745,0,-0.16144971992885493,0.6038153016430866,0.7652650215719415,1,0,0,0
weak,2048,203,2,1.8415426116517324,1,0.016233722584761745,0,-0.14810232160321668,0.6171626999687247,0.7652650215719414,1,0,0,0
weak,2048,204,2,1.8415426116517324,1,0.016233722584761745,0,-0.2055592731689695,0.559705748402972,0.7652650215719415,1,0,0,0
weak,2048,205,2,1.8415426116517324,1,0.016233722584761634,0,-0.43459013595678575,0.3306748856151558,0.7652650215719415,1,0,0,0
weak,2048,206,2,1.8415426116517324,1,0.016233722584761745,0,-0.21264903673215707,0.5526159848397845,0.7652650215719415,1,0,0,0
weak,2048,207,2,1.8415426116517324,1,0.016233722584761745,0,-0.2399452964306914,0.52531972514125,0.7652650215719414,1,0,0,0
weak,2048,208,2,1.8415426116517324,1,0.016233722584761523,0,-0.4747377979820855,0.29052722358985594,0.7652650215719414,1,0,0,0
weak,2048,209,2,1.8415426116517324,1,0.016233722584761634,0,-0.1639684201229512,0.6012966014489902,0.7652650215719414,1,0,0,0
weak,2048,210,2,1.8415426116517324,1,0.016233722584761745,0,-0.2398304334559862,0.5254345881159553,0.7652650215719415,1,0,0,0
weak,2048,211,2,1.8415426116517324,1,0.016233722584761634,0,-0.18212209720381756,0.5831429243681239,0.7652650215719414,1,0,0,0
weak,2048,212,2,1.8415426116517324,1,0.016233722584761634,0,0.13008883434575613,0.8953538559176977,0.7652650215719415,1,1,0,0
weak,2048,213,2,1.8415426116517324,1,0.016233722584761745,0,-0.05236731751473067,0.7128977040572108,0.7652650215719414,1,0,0,0
weak,2048,214,2,1.8415426116517324,1,0.016233722584761745,0,-0.1029931741244342,0.6622718474475073,0.7652650215719415,1,0,0,0
weak,2048,215,2,1.8415426116517324,0,0.016233722584761745,0,-0.3320237259953799,0.43324129557656155,0.7652650215719414,1,0,0,0
weak,2048,216,2,1.8415426116517324,1,0.016233722584761745,0,-0.22003371560803542,0.5452313059639061,0.7652650215719415,1,0,0,0
weak,2048,217,2,1.8415426116517324,1,0.016233722584761745,0,-0.2919024392670245,0.4733625823049169,0.7652650215719414,1,0,0,0
weak,2048,218,2,1.8415426116517324,1,0.016233722584761745,0,-0.13415190040363745,0.6311131211683041,0.7652650215719415,1,0,0,0
weak,2048,219,2,1.8415426116517324,1,0.016233722584761634,0,-0.28267807802898937,0.48258694354295206,0.7652650215719414,1,0,0,0
weak,2048,220,2,1.8415426116517324,1,0.016233722584761634,0,-0.3604751436156617,0.40478987795627974,0.7652650215719414,1,0,0,0
weak,2048,221,2,1.8415426116517324,1,0.016233722584761634,0,-0.2728859072191395,0.492379114352802,0.7652650215719415,1,0,0,0
weak,2048,222,2,1.8415426116517324,1,0.016233722584761745,0,-0.09628165127734523,0.6689833702945962,0.7652650215719414,1,0,0,0
weak,2048,223,2,1.8415426116517324,0,0.016233722584761634,0,-0.33109039773921545,0.434174623832726,0.7652650215719414,1,0,0,0
weak,2048,224,2,1.8415426116517324,1,0.016233722584761634,0,-0.04612535065746959,0.719139670914472,0.7652650215719415,1,0,0,0
weak,2048,225,2,1.8415426116517324,1,0.016233722584761634,0,-0.45591832853484915,0.3093466930370924,0.7652650215719415,1,0,0,0
weak,2048,226,2,1.8415426116517324,0,0.016233722584761745,0,-0.040786012332691746,0.7244790092392498,0.7652650215719415,1,0,0,0
weak,2048,227,2,1.8415426116517324,1,0.016233722584761745,0,-0.30690228187306223,0.4583627396988793,0.7652650215719415,1,0,0,0
weak,2048,228,2,1.8415426116517324,1,0.016233722584761745,0,-0.26164690681682823,0.5036181147551133,0.7652650215719415,1,0,0,0
weak,2048,229,2,1.8415426116517324,1,0.016233722584761634,0,-0.29660732475639273,0.4686576968155487,0.7652650215719414,1,0,0,0
weak,2048,230,2,1.8415426116517324,1,0.016233722584761634,0,-0.06730964945957385,0.6979553721123676,0.7652650215719414,1,0,0,0
weak,2048,231,2,1.8415426116517324,1,0.016233722584761634,0,0.059744940166399196,0.8250099617383406,0.7652650215719414,1,1,0,0
weak,2048,232,2,1.8415426116517324,1,0.016233722584761634,0,-0.04081536731064139,0.7244496542613,0.7652650215719414,1,0,0,0
weak,2048,233,2,1.8415426116517324,1,0.016233722584761745,0,-0.4264692117145722,0.33879580985736935,0.7652650215719415,1,0,0,0
weak,2048,234,2,1.8415426116517324,1,0.016233722584761745,0,-0.2959914578748095,0.4692735636971319,0.7652650215719414,1,0,0,0
weak,2048,235,2,1.8415426116517324,1,0.016233722584761745,0,-0.2724394759162858,0.49282554565565573,0.7652650215719415,1,0,0,0
weak,2048,236,2,1.8415426116517324,1,0.016233722584761745,0,-0.23122141369448235,0.5340436078774591,0.7652650215719414,1,0,0,0
weak,2048,237,2,1.8415426116517324,1,0.016233722584761634,0,-0.46462878739529023,0.3006362341766512,0.7652650215719414,1,0,0,0
weak,2048,238,2,1.8415426116517324,1,0.016233722584761745,0,0.08047487484490756,0.845739896416849,0.7652650215719414,1,1,0,0
weak,2048,239,2,1.8415426116517324,1,0.016233722584761523,0,-0.44685540625969433,0.3184096153122471,0.7652650215719414,1,0,0,0
weak,2048,240,2,1.8415426116517324,1,0.016233722584761634,0,-0.01624548617679422,0.7490195353951472,0.7652650215719414,1,0,0,0
weak,2048,241,2,1.8415426116517324,1,0.016233722584761745,0,-0.13119056518080885,0.6340744563911326,0.7652650215719414,1,0,0,0
weak,2048,242,2,1.8415426116517324,1,0.016233722584761745,0,-0.2710303248780481,0.4942346966938933,0.7652650215719414,1,0,0,0
weak,2048,243,2,1.8415426116517324,1,0.016233722584761745,0,-0.255004529204805,0.5102604923671364,0.7652650215719414,1,0,0,0
weak,2048,244,2,1.8415426116517324,1,0.016233722584761745,0,-0.16794480109685395,0.5973202204750876,0.7652650215719415,1,0,0,0
weak,2048,245,2,1.8415426116517324,1,0.016233722584761745,0,-0.3476559352299723,0.41760908634196925,0.7652650215719415,1,0,0,0
weak,2048,246,2,1.8415426116517324,1,0.016233722584761634,0,1.0090550007335608e-05,0.7652751121219488,0.7652650215719414,1,0,0,0
weak,2048,247,2,1.8415426116517324,1,0.016233722584761745,0,-0.2951466234658584,0.47011839810608314,0.7652650215719415,1,0,0,0
weak,2048,248,2,1.8415426116517324,1,0.016233722584761745,0,-0.2525551930785107,0.5127098284934307,0.7652650215719414,1,0,0,0
weak,2048,249,2,1.8415426116517324,1,0.016233722584761634,0,-0.3338588392592483,0.4314061823126931,0.7652650215719414,1,0,0,0
weak,2048,250,2,1.8415426116517324,1,0.016233722584761634,0,0.06842070488881491,0.8336857264607563,0.7652650215719414,1,1,0,0
weak,2048,251,2,1.8415426116517324,1,0.016233722584761745,0,-0.34847105259419475,0.4167939689777467,0.7652650215719414,1,0,0,0
weak,2048,252,2,1.8415426116517324,1,0.016233722584761745,0,-0.10084615956234666,0.6644188620095949,0.7652650215719415,1,0,0,0
weak,2048,253,2,1.8415426116517324,1,0.016233722584761634,0,-0.11124550324473581,0.6540195183272056,0.7652650215719414,1,0,0,0
weak,2048,254,2,1.8415426116517324,1,0.016233722584761634,0,-0.4709793680017549,0.29428565357018655,0.7652650215719414,1,0,0,0
weak,2048,255,2,1.8415426116517324,1,0.016233722584761745,0,-0.262250332853017,0.5030146887189245,0.7652650215719415,1,0,0,0
weak,2048,256,2,1.8415426116517324,1,0.016233722584761745,0,-0.3315243640872204,0.433740657484721,0.7652650215719414,1,0,0,0
weak,2048,257,2,1.8415426116517324,1,0.016233722584761523,0,-0.4643451928964879,0.3009198286754535,0.7652650215719414,1,0,0,0
weak,2048,258,2,1.8415426116517324,1,0.016233722584761634,0,-0.2402830794023093,0.5249819421696322,0.7652650215719415,1,0,0,0
weak,2048,259,2,1.8415426116517324,1,0.016233722584761745,0,-0.1964277558275388,0.5688372657444026,0.7652650215719414,1,0,0,0
weak,2048,260,2,1.8415426116517324,1,0.016233722584761634,0,-0.02313928246867636,0.7421257391032651,0.7652650215719414,1,0,0,0
weak,2048,261,2,1.8415426116517324,1,0.016233722584761634,0,-0.23695640829655384,0.5283086132753877,0.7652650215719415,1,0,0,0
weak,2048,262,2,1.8415426116517324,1,0.016233722584761634,0,-0.1321089288991001,0.6331560926728415,0.7652650215719415,1,0,0,0
weak,2048,263,2,1.8415426116517324,1,0.016233722584761634,0,-0.35940608274831864,0.4058589388236228,0.7652650215719414,1,0,0,0
weak,2048,264,2,1.8415426116517324,1,0.016233722584761745,0,-0.06696279203917577,0.6983022295327657,0.7652650215719414,1,0,0,0
weak,2048,265,2,1.8415426116517324,1,0.016233722584761745,0,-0.15272661490468098,0.6125384066672606,0.7652650215719415,1,0,0,0
weak,2048,266,2,1.8415426116517324,1,0.016233722584761634,0,-0.41277366218518163,0.3524913593867599,0.7652650215719415,1,0,0,0
weak,2048,267,2,1.8415426116517324,1,0.016233722584761634,0,-0.207195450719177,0.5580695708527645,0.7652650215719415,1,0,0,0
weak,2048,268,2,1.8415426116517324,1,0.016233722584761634,0,-0.4106176179871671,0.3546474035847744,0.7652650215719415,1,0,0,0
weak,2048,269,2,1.8415426116517324,0,0.016233722584761745,0,0.051418112527552795,0.8166831340994942,0.7652650215719414,1,1,0,0
weak,2048,270,2,1.8415426116517324,1,0.016233722584761523,0,-0.4059432753498954,0.35932174622204605,0.7652650215719414,1,0,0,0
weak,2048,271,2,1.8415426116517324,1,0.016233722584761745,0,-0.031187651668404093,0.7340773699035374,0.7652650215719415,1,0,0,0
weak,2048,272,2,1.8415426116517324,1,0.016233722584761745,0,-0.2845189942769889,0.4807460272949525,0.7652650215719414,1,0,0,0
weak,2048,273,2,1.8415426116517324,1,0.016233722584761745,0,-0.09811433580921725,0.6671506857627243,0.7652650215719415,1,0,0,0
weak,2048,274,2,1.8415426116517324,1,0.016233722584761634,0,-0.14558055834884853,0.6196844632230929,0.7652650215719414,1,0,0,0
weak,2048,275,2,1.8415426116517324,1,0.016233722584761634,0,-0.3075051111279996,0.45775991044394193,0.7652650215719415,1,0,0,0
weak,2048,276,2,1.8415426116517324,1,0.016233722584761745,0,0.030787670039352677,0.7960526916112941,0.7652650215719414,1,0,0,0
weak,2048,277,2,1.8415426116517324,1,0.016233722584761745,0,-0.1716747819680663,0.5935902396038751,0.7652650215719414,1,0,0,0
weak,2048,278,2,1.8415426116517324,1,0.016233722584761745,0,-0.1845584436910157,0.5807065778809257,0.7652650215719414,1,0,0,0
weak,2048,279,2,1.8415426116517324,1,0.016233722584761745,0,-0.2154821645058579,0.5497828570660835,0.7652650215719414,1,0,0,0
weak,2048,280,2,1.8415426116517324,1,0.016233722584761745,0,-0.23557721594531777,0.5296878056266237,0.7652650215719414,1,0,0,0
weak,2048,281,2,1.8415426116517324,1,0.016233722584761745,0,-0.2147314662714359,0.5505335553005055,0.7652650215719414,1,0,0,0
weak,2048,282,2,1.8415426116517324,1,0.016233722584761634,0,-0.226507956557655,0.5387570650142866,0.7652650215719415,1,0,0,0
weak,2048,283,2,1.8415426116517324,1,0.016233722584761634,0,0.061994217956367836,0.8272592395283093,0.7652650215719414,1,1,0,0
weak,2048,284,2,1.8415426116517324,1,0.016233722584761745,0,-0.350308068808204,0.41495695276373745,0.7652650215719414,1,0,0,0
weak,2048,285,2,1.8415426116517324,1,0.016233722584761745,0,-0.21198149907055808,0.5532835225013835,0.7652650215719415,1,0,0,0
weak,2048,286,2,1.8415426116517324,1,0.016233722584761745,0,-0.20033832947035346,0.564926692101588,0.7652650215719414,1,0,0,0
weak,2048,287,2,1.8415426116517324,0,0.016233722584761745,0,-0.10941367853330541,0.6558513430386361,0.7652650215719415,1,0,0,0
weak,2048,288,2,1.8415426116517324,1,0.016233722584761856,0,-0.3554248381027192,0.40984018346922235,0.7652650215719415,1,0,0,0
weak,2048,289,2,1.8415426116517324,1,0.016233722584761745,0,-0.21631067931737136,0.5489543422545701,0.7652650215719414,1,0,0,0
weak,2048,290,2,1.8415426116517324,1,0.016233722584761745,0,-0.0453471616770863,0.7199178598948552,0.7652650215719415,1,0,0,0
weak,2048,291,2,1.8415426116517324,1,0.016233722584761745,0,-0.4418803761932486,0.3233846453786928,0.7652650215719414,1,0,0,0
weak,2048,292,2,1.8415426116517324,1,0.016233722584761745,0,-0.04689174254710926,0.7183732790248323,0.7652650215719415,1,0,0,0
weak,2048,293,2,1.8415426116517324,1,0.016233722584761745,0,0.009113433987019581,0.774378455558961,0.7652650215719414,1,0,0,0
weak,2048,294,2,1.8415426116517324,1,0.016233722584761634,0,-0.0881782378431808,0.6770867837287607,0.7652650215719415,1,0,0,0
weak,2048,295,2,1.8415426116517324,1,0.016233722584761745,0,-0.018924404611770806,0.7463406169601707,0.7652650215719415,1,0,0,0
weak,2048,296,2,1.8415426116517324,1,0.016233722584761745,0,-0.2548841139454031,0.5103809076265383,0.7652650215719414,1,0,0,0
weak,2048,297,2,1.8415426116517324,1,0.016233722584761745,0,-0.38223860331059967,0.38302641826134176,0.7652650215719414,1,0,0,0
weak,2048,298,2,1.8415426116517324,1,0.016233722584761634,0,-0.018807845835865922,0.7464571757360756,0.7652650215719415,1,0,0,0
weak,2048,299,2,1.8415426116517324,0,0.016233722584761634,0,-0.6532114997437188,0.1120535218282227,0.7652650215719415,0,0,0,0
weak,8192,0,2,7.366170446613751,1,0.008116861292380873,0,0.06103293453026837,0.44366544531606167,0.3826325107857933,1,1,0,0
weak,8192,1,2,7.366170446613751,1,0.008116861292380984,0,0.10394463320117203,0.48657714398696533,0.3826325107857933,1,1,0,0
weak,8192,2,2,7.366170446613751,1,0.008116861292380761,0,-0.06450132719941626,0.318131183586377,0.38263251078579325,1,0,0,0
weak,8192,3,2,7.366170446613751,1,0.008116861292380984,0,-0.09080966476836994,0.2918228460174233,0.38263251078579325,1,0,0,0
weak,8192,4,2,7.366170446613751,1,0.008116861292380873,0,0.037749369175905156,0.42038187996169846,0.3826325107857933,1,0,0,0
weak,8192,5,2,7.366170446613751,1,0.008116861292380873,0,0.034706932842437255,0.41733944362823056,0.3826325107857933,1,0,0,0
weak,8192,6,2,7.366170446613751,0,0.008116861292380761,0,0.2471057324168799,0.6297382432026732,0.38263251078579336,0,1,0,0
weak,8192,7,2,7.366170446613751,1,0.008116861292380984,0,0.04428517422651873,0.42691768501231203,0.3826325107857933,1,0,0,0
weak,8192,8,2,7.366170446613751,1,0.008116861292380984,0,0.00739043789634114,0.39002294868213444,0.3826325107857933,1,0,0,0
weak,8192,9,2,7.366170446613751,1,0.008116861292380873,0,0.013487638366901977,0.3961201491526953,0.3826325107857933,1,0,0,0
weak,8192,10,2,7.366170446613751,1,0.008116861292380873,0,-0.0638852605407979,0.31874725024499534,0.38263251078579325,1,0,0,0
weak,8192,11,2,7.366170446613751,1,0.008116861292380761,0,0.06874805425054381,0.4513805650363371,0.3826325107857933,1,1,0,0
weak,8192,12,2,7.366170446613751,1,0.008116861292380984,0,0.046480164591783224,0.4291126753775765,0.3826325107857933,1,0,0,0
weak,8192,13,2,7.366170446613751,1,0.008116861292380761,0,0.010262319799789088,0.3928948305855824,0.3826325107857933,1,0,0,0
weak,8192,14,2,7.366170446613751,1,0.008116861292380761,0,0.01906828842710695,0.40170079921290025,0.3826325107857933,1,0,0,0
weak,8192,15,2,7.366170446613751,1,0.008116861292380984,0,-0.018246037344728405,0.36438647344106484,0.38263251078579325,1,0,0,0
weak,8192,16,2,7.366170446613751,1,0.008116861292380761,0,0.018324638335815657,0.40095714912160896,0.3826325107857933,1,0,0,0
weak,8192,17,2,7.366170446613751,0,0.008116861292380873,0,0.1344952269311246,0.5171277377169179,0.3826325107857933,1,1,0,0
weak,8192,18,2,7.366170446613751,1,0.008116861292380761,0,-0.02387389298759668,0.3587586177981966,0.3826325107857933,1,0,0,0
weak,8192,19,2,7.366170446613751,1,0.008116861292380761,0,0.019839255850623405,0.4024717666364167,0.3826325107857933,1,0,0,0
weak,8192,20,2,7.366170446613751,0,0.008116861292380984,0,0.1800893977493288,0.562721908535122,0.38263251078579325,1,1,0,0
weak,8192,21,2,7.366170446613751,0,0.008116861292380761,0,-0.14980602804874743,0.23282648273704587,0.3826325107857933,1,0,0,0
weak,8192,22,2,7.366170446613751,1,0.008116861292380873,0,-0.09300441684405947,0.28962809394173383,0.3826325107857933,1,0,0,0
weak,8192,23,2,7.366170446613751,1,0.008116861292380984,0,-0.10556481641719206,0.2770676943686012,0.38263251078579325,1,0,0,0
weak,8192,24,2,7.366170446613751,1,0.008116861292380873,0,0.02534905879783661,0.4079815695836299,0.3826325107857933,1,0,0,0
weak,8192,25,2,7.366170446613751,1,0.008116861292380873,0,0.02053836398311565,0.40317087476890895,0.3826325107857933,1,0,0,0
weak,8192,26,2,7.366170446613751,1,0.008116861292380873,0,-0.1501474118731032,0.23248509891269004,0.38263251078579325,1,0,0,0
weak,8192,27,2,7.366170446613751,1,0.008116861292380761,0,0.016612485361711005,0.3992449961475043,0.3826325107857933,1,0,0,0
weak,8192,28,2,7.366170446613751,1,0.008116861292380761,0,-0.11087604714861798,0.2717564636371753,0.3826325107857933,1,0,0,0
weak,8192,29,2,7.366170446613751,1,0.008116861292380873,0,0.012154488076804137,0.39478699886259744,0.3826325107857933,1,0,0,0
weak,8192,30,2,7.366170446613751,1,0.008116861292380761,0,-0.11285318521717724,0.26977932556861606,0.3826325107857933,1,0,0,0
weak,8192,31,2,7.366170446613751,1,0.008116861292380984,0,-0.0031575770106316847,0.3794749337751616,0.3826325107857933,1,0,0,0
weak,8192,32,2,7.366170446613751,1,0.008116861292380873,0,0.1218066690497695,0.5044391798355627,0.38263251078579325,1,1,0,0
weak,8192,33,2,7.366170446613751,1,0.008116861292380761,0,0.09763251229512276,0.48026502308091606,0.3826325107857933,1,1,0,0
weak,8192,34,2,7.366170446613751,1,0.008116861292380761,0,-0.10656807327444973,0.2760644375113436,0.3826325107857933,1,0,0,0
weak,8192,35,2,7.366170446613751,1,0.008116861292380761,0,-0.10343600328349012,0.2791965075023032,0.3826325107857933,1,0,0,0
weak,8192,36,2,7.366170446613751,1,0.008116861292380984,0,0.03819029109991695,0.42082280188571025,0.3826325107857933,1,0,0,0
weak,8192,37,2,7.366170446613751,1,0.008116861292380761,0,-0.01933790552489889,0.36329460526089435,0.38263251078579325,1,0,0,0
weak,8192,38,2,7.366170446613751,1,0.008116861292380761,0,-0.10277414433224286,0.27985836645355044,0.3826325107857933,1,0,0,0
weak,8192,39,2,7.366170446613751,1,0.008116861292380761,0,-0.04152497213650719,0.34110753864928606,0.38263251078579325,1,0,0,0
weak,8192,40,2,7.366170446613751,1,0.008116861292380984,0,0.00940938189904833,0.39204189268484163,0.3826325107857933,1,0,0,0
weak,8192,41,2,7.366170446613751,1,0.008116861292380984,0,-0.04083453527147218,0.3417979755143211,0.3826325107857933,1,0,0,0
weak,8192,42,2,7.366170446613751,1,0.008116861292380873,0,0.026702759255233022,0.4093352700410263,0.3826325107857933,1,0,0,0
weak,8192,43,2,7.366170446613751,1,0.008116861292380873,0,0.06991116367103406,0.45254367445682736,0.3826325107857933,1,1,0,0
weak,8192,44,2,7.366170446613751,1,0.008116861292380984,0,0.040891317485522494,0.4235238282713158,0.3826325107857933,1,0,0,0
weak,8192,45,2,7.366170446613751,1,0.008116861292380761,0,0.03460463406113268,0.417237144846926,0.3826325107857933,1,0,0,0
weak,8192,46,2,7.366170446613751,1,0.008116861292380984,0,-0.12983917703840409,0.2527933337473892,0.3826325107857933,1,0,0,0
weak,8192,47,2,7.366170446613751,1,0.008116861292380873,0,0.08897972228280548,0.4716122330685988,0.3826325107857933,1,1,0,0
weak,8192,48,2,7.366170446613751,1,0.008116861292380873,0,-0.08861535156006739,0.29401715922572585,0.38263251078579325,1,0,0,0
weak,8192,49,2,7.366170446613751,1,0.008116861292380873,0,0.01504199767540676,0.39767450846120006,0.3826325107857933,1,0,0,0
weak,8192,50,2,7.366170446613751,1,0.008116861292380761,0,-0.07977416965960316,0.30285834112619014,0.3826325107857933,1,0,0,0
weak,8192,51,2,7.366170446613751,1,0.008116861292380873,0,0.117795333932674,0.5004278447184674,0.38263251078579336,1,1,0,0
weak,8192,52,2,7.366170446613751,1,0.008116861292380761,0,0.10058485509201776,0.48321736587781106,0.3826325107857933,1,1,0,0
weak,8192,53,2,7.366170446613751,1,0.008116861292380761,0,-0.018983454185985238,0.36364905659980806,0.3826325107857933,1,0,0,0
weak,8192,54,2,7.366170446613751,1,0.008116861292380761,0,0.041349389790296676,0.42398190057609,0.3826325107857933,1,0,0,0
weak,8192,55,2,7.366170446613751,1,0.008116861292380761,0,0.011877112744280105,0.3945096235300734,0.3826325107857933,1,0,0,0
weak,8192,56,2,7.366170446613751,1,0.008116861292380873,0,-0.04626036208964823,0.336372148696145,0.38263251078579325,1,0,0,0
weak,8192,57,2,7.366170446613751,1,0.008116861292380873,0,-0.05438448888911551,0.32824802189667773,0.38263251078579325,1,0,0,0
weak,8192,58,2,7.366170446613751,1,0.008116861292380761,0,-0.08290835352553771,0.2997241572602556,0.3826325107857933,1,0,0,0
weak,8192,59,2,7.366170446613751,1,0.008116861292380873,0,0.12315783355963289,0.5057903443454261,0.38263251078579325,1,1,0,0
weak,8192,60,2,7.366170446613751,0,0.008116861292380873,0,0.1123878212407069,0.4950203320265002,0.3826325107857933,1,1,0,0
weak,8192,61,2,7.366170446613751,1,0.008116861292380761,0,-0.051528822633486016,0.33110368815230723,0.38263251078579325,1,0,0,0
weak,8192,62,2,7.366170446613751,1,0.008116861292380984,0,0.10452629806780994,0.48715880885360324,0.3826325107857933,1,1,0,0
weak,8192,63,2,7.366170446613751,1,0.008116861292380761,0,0.016911362327678536,0.39954387311347184,0.3826325107857933,1,0,0,0
weak,8192,64,2,7.366170446613751,1,0.008116861292380873,0,0.02491149084859612,0.4075440016343894,0.3826325107857933,1,0,0,0
weak,8192,65,2,7.366170446613751,1,0.008116861292380873,0,0.04495049666238404,0.42758300744817734,0.3826325107857933,1,0,0,0
weak,8192,66,2,7.366170446613751,1,0.008116861292380873,0,-0.029004362609663548,0.3536281481761297,0.38263251078579325,1,0,0,0
weak,8192,67,2,7.366170446613751,1,0.008116861292380984,0,0.037277139897473,0.4199096506832663,0.3826325107857933,1,0,0,0
weak,8192,68,2,7.366170446613751,1,0.008116861292380761,0,0.017018394603109055,0.39965090538890236,0.3826325107857933,1,0,0,0
weak,8192,69,2,7.366170446613751,1,0.008116861292380984,0,-0.059404325196966035,0.32322818558882727,0.3826325107857933,1,0,0,0
weak,8192,70,2,7.366170446613751,1,0.008116861292380873,0,0.07916561927291976,0.46179813005871306,0.3826325107857933,1,1,0,0
weak,8192,71,2,7.366170446613751,1,0.008116861292380873,0,0.07736497522865071,0.459997486014444,0.3826325107857933,1,1,0,0
weak,8192,72,2,7.366170446613751,1,0.008116861292380873,0,-0.018028470605701674,0.3646040401800916,0.3826325107857933,1,0,0,0
weak,8192,73,2,7.366170446613751,1,0.008116861292380761,0,0.04058716435769788,0.4232196751434912,0.3826325107857933,1,0,0,0
weak,8192,74,2,7.366170446613751,1,0.008116861292380984,0,-0.027663374725016676,0.3549691360607766,0.3826325107857933,1,0,0,0
weak,8192,75,2,7.366170446613751,1,0.008116861292380873,0,0.05358484487807641,0.4362173556638697,0.3826325107857933,1,1,0,0
weak,8192,76,2,7.366170446613751,1,0.008116861292380984,0,0.06773974806546579,0.4503722588512591,0.3826325107857933,1,1,0,0
weak,8192,77,2,7.366170446613751,1,0.008116861292380761,0,0.14624788532720334,0.5288803961129966,0.3826325107857933,1,1,0,0
weak,8192,78,2,7.366170446613751,0,0.008116861292380873,0,0.13064877319352347,0.5132812839793168,0.38263251078579336,1,1,0,0
weak,8192,79,2,7.366170446613751,1,0.008116861292380984,0,-0.018173846842309382,0.3644586639434839,0.3826325107857933,1,0,0,0
weak,8192,80,2,7.366170446613751,1,0.008116861292380761,0,0.14253294268370625,0.5251654534694996,0.38263251078579336,1,1,0,0
weak,8192,81,2,7.366170446613751,0,0.008116861292380873,0,-0.19430590346091092,0.18832660732488238,0.3826325107857933,0,0,0,0
weak,8192,82,2,7.366170446613751,1,0.008116861292380873,0,0.041329923694545356,0.42396243448033866,0.3826325107857933,1,0,0,0
weak,8192,83,2,7.366170446613751,1,0.008116861292380761,0,0.1137425429559995,0.4963750537417928,0.3826325107857933,1,1,0,0
weak,8192,84,2,7.366170446613751,1,0.008116861292380761,0,0.07479540122943373,0.45742791201522703,0.3826325107857933,1,1,0,0
weak,8192,85,2,7.366170446613751,1,0.008116861292380761,0,-0.010507203529601883,0.3721253072561914,0.3826325107857933,1,0,0,0
weak,8192,86,2,7.366170446613751,1,0.008116861292380761,0,0.040594783837509085,0.4232272946233024,0.3826325107857933,1,0,0,0
weak,8192,87,2,7.366170446613751,1,0.008116861292380873,0,-0.0029690508223387813,0.3796634599634545,0.3826325107857933,1,0,0,0
weak,8192,88,2,7.366170446613751,1,0.008116861292380873,0,0.0674885923388524,0.4501211031246457,0.3826325107857933,1,1,0,0
weak,8192,89,2,7.366170446613751,1,0.008116861292380873,0,0.08245714365061901,0.4650896544364123,0.3826325107857933,1,1,0,0
weak,8192,90,2,7.366170446613751,1,0.008116861292380984,0,-0.04727324459051363,0.33535926619527967,0.3826325107857933,1,0,0,0
weak,8192,91,2,7.366170446613751,1,0.008116861292380873,0,-0.04444011137904791,0.33819239940674534,0.38263251078579325,1,0,0,0
weak,8192,92,2,7.366170446613751,1,0.008116861292380873,0,0.03373848941143981,0.4163710001972331,0.3826325107857933,1,0,0,0
weak,8192,93,2,7.366170446613751,1,0.008116861292380984,0,-0.11617676275943323,0.26645574802636,0.38263251078579325,1,0,0,0
weak,8192,94,2,7.366170446613751,1,0.008116861292380873,0,0.03961475985513424,0.42224727064092754,0.3826325107857933,1,0,0,0
weak,8192,95,2,7.366170446613751,1,0.008116861292380761,0,0.04806367629623537,0.43069618708202867,0.3826325107857933,1,0,0,0
weak,8192,96,2,7.366170446613751,1,0.008116861292380873,0,-0.022424106180714998,0.36020840460507825,0.38263251078579325,1,0,0,0
weak,8192,97,2,7.366170446613751,1,0.008116861292380761,0,-0.07984028419856859,0.30279222658722466,0.38263251078579325,1,0,0,0
weak,8192,98,2,7.366170446613751,1,0.008116861292380873,0,0.013982561619787948,0.39661507240558125,0.3826325107857933,1,0,0,0
weak,8192,99,2,7.366170446613751,1,0.008116861292380873,0,0.016264482534756763,0.39889699332055006,0.3826325107857933,1,0,0,0
weak,8192,100,2,7.366170446613751,0,0.008116861292380873,0,-0.21916072287543042,0.16347178791036288,0.3826325107857933,0,0,0,0
weak,8192,101,2,7.366170446613751,1,0.008116861292380873,0,-0.043537455401897907,0.3390950553838954,0.3826325107857933,1,0,0,0
weak,8192,102,2,7.366170446613751,1,0.008116861292380873,0,-0.10468728752201517,0.27794522326377813,0.3826325107857933,1,0,0,0
weak,8192,103,2,7.366170446613751,1,0.008116861292380761,0,0.010184958565885194,0.3928174693516785,0.3826325107857933,1,0,0,0
weak,8192,104,2,7.366170446613751,1,0.008116861292380873,0,-0.028928123021989882,0.35370438776380336,0.38263251078579325,1,0,0,0
weak,8192,105,2,7.366170446613751,1,0.008116861292380984,0,-0.039480964764737614,0.34315154602105563,0.38263251078579325,1,0,0,0
weak,8192,106,2,7.366170446613751,1,0.008116861292380984,0,0.10365725423782107,0.4862897650236144,0.3826325107857933,1,1,0,0
weak,8192,107,2,7.366170446613751,1,0.008116861292380761,0,0.008293868008723171,0.39092637879451647,0.3826325107857933,1,0,0,0
weak,8192,108,2,7.366170446613751,1,0.008116861292380761,0,0.1128216163214385,0.4954541271072318,0.3826325107857933,1,1,0,0
weak,8192,109,2,7.366170446613751,1,0.008116861292380873,0,-0.03334563424662107,0.3492868765391722,0.38263251078579325,1,0,0,0
weak,8192,110,2,7.366170446613751,1,0.008116861292380761,0,-0.016634281861626077,0.3659982289241672,0.3826325107857933,1,0,0,0
weak,8192,111,2,7.366170446613751,1,0.008116861292380761,0,-0.11898002167979449,0.26365248910599876,0.38263251078579325,1,0,0,0
weak,8192,112,2,7.366170446613751,1,0.008116861292380873,0,0.03137624113997206,0.41400875192576536,0.3826325107857933,1,0,0,0
weak,8192,113,2,7.366170446613751,1,0.008116861292380873,0,0.004833761496949529,0.38746627228274283,0.3826325107857933,1,0,0,0
weak,8192,114,2,7.366170446613751,1,0.008116861292380873,0,-0.11012549882000866,0.2725070119657846,0.38263251078579325,1,0,0,0
weak,8192,115,2,7.366170446613751,1,0.008116861292380873,0,-0.010979768696686487,0.3716527420891068,0.3826325107857933,1,0,0,0
weak,8192,116,2,7.366170446613751,1,0.008116861292380873,0,0.048557529750701545,0.43119004053649485,0.3826325107857933,1,0,0,0
weak,8192,117,2,7.366170446613751,1,0.008116861292380873,0,0.06256489832827311,0.4451974091140664,0.3826325107857933,1,1,0,0
weak,8192,118,2,7.366170446613751,1,0.008116861292380873,0,0.027019391216480282,0.4096519020022736,0.3826325107857933,1,0,0,0
weak,8192,119,2,7.366170446613751,1,0.008116861292380984,0,-0.08994629447991731,0.29268621630587593,0.38263251078579325,1,0,0,0
weak,8192,120,2,7.366170446613751,1,0.008116861292380761,0,-0.05082150819104514,0.3318110025947481,0.38263251078579325,1,0,0,0
weak,8192,121,2,7.366170446613751,1,0.008116861292380873,0,-0.08100613036330717,0.30162638042248613,0.3826325107857933,1,0,0,0
weak,8192,122,2,7.366170446613751,1,0.008116861292380873,0,0.08551976501866865,0.46815227580446195,0.3826325107857933,1,1,0,0
weak,8192,123,2,7.366170446613751,1,0.008116861292380873,0,-0.03896922503502809,0.34366328575076516,0.38263251078579325,1,0,0,0
weak,8192,124,2,7.366170446613751,1,0.008116861292380873,0,-0.01335284694441119,0.3692796638413821,0.3826325107857933,1,0,0,0
weak,8192,125,2,7.366170446613751,1,0.008116861292380761,0,-0.06133760635122343,0.3212949044345698,0.38263251078579325,1,0,0,0
weak,8192,126,2,7.366170446613751,1,0.008116861292380873,0,-0.030348392228393695,0.3522841185573996,0.3826325107857933,1,0,0,0
weak,8192,127,2,7.366170446613751,1,0.008116861292380761,0,0.09963477313197983,0.4822672839177731,0.3826325107857933,1,1,0,0
weak,8192,128,2,7.366170446613751,1,0.008116861292380761,0,0.03917968759344964,0.42181219837924294,0.3826325107857933,1,0,0,0
weak,8192,129,2,7.366170446613751,1,0.008116861292380873,0,0.07329102658480091,0.4559235373705942,0.3826325107857933,1,1,0,0
weak,8192,130,2,7.366170446613751,1,0.008116861292380761,0,-0.1295008387690717,0.25313167201672154,0.38263251078579325,1,0,0,0
weak,8192,131,2,7.366170446613751,1,0.008116861292380873,0,0.06939780905148724,0.45203031983728054,0.3826325107857933,1,1,0,0
weak,8192,132,2,7.366170446613751,1,0.008116861292380873,0,0.03424541621719496,0.41687792700298826,0.3826325107857933,1,0,0,0
weak,8192,133,2,7.366170446613751,1,0.008116861292380873,0,-0.04940565577322442,0.3332268550125688,0.38263251078579325,1,0,0,0
weak,8192,134,2,7.366170446613751,1,0.008116861292380984,0,-0.0024662333400562453,0.380166277445737,0.38263251078579325,1,0,0,0
weak,8192,135,2,7.366170446613751,1,0.008116861292380761,0,0.005696077691866475,0.3883285884776598,0.3826325107857933,1,0,0,0
weak,8192,136,2,7.366170446613751,1,0.008116861292380873,0,0.11378390997001986,0.49641642075581316,0.3826325107857933,1,1,0,0
weak,8192,137,2,7.366170446613751,1,0.008116861292380873,0,0.011400352501859279,0.3940328632876526,0.3826325107857933,1,0,0,0
weak,8192,138,2,7.366170446613751,1,0.008116861292380761,0,0.037182531834469734,0.41981504262026303,0.3826325107857933,1,0,0,0
weak,8192,139,2,7.366170446613751,1,0.008116861292380761,0,0.012401290039824098,0.3950338008256174,0.3826325107857933,1,0,0,0
weak,8192,140,2,7.366170446613751,1,0.008116861292380873,0,-0.10455782999883034,0.2780746807869629,0.38263251078579325,1,0,0,0
weak,8192,141,2,7.366170446613751,1,0.008116861292380761,0,0.05445808593245349,0.4370905967182468,0.3826325107857933,1,1,0,0
weak,8192,142,2,7.366170446613751,1,0.008116861292380761,0,0.09540254711335217,0.47803505789914547,0.3826325107857933,1,1,0,0
weak,8192,143,2,7.366170446613751,0,0.008116861292380761,0,0.18315185221915092,0.5657843630049442,0.38263251078579325,1,1,0,0
weak,8192,144,2,7.366170446613751,1,0.008116861292380984,0,0.0307070340482129,0.4133395448340062,0.3826325107857933,1,0,0,0
weak,8192,145,2,7.366170446613751,1,0.008116861292380873,0,-0.008976371607216982,0.3736561391785763,0.3826325107857933,1,0,0,0
weak,8192,146,2,7.366170446613751,1,0.008116861292380761,0,-0.03522471660033821,0.3474077941854551,0.3826325107857933,1,0,0,0
weak,8192,147,2,7.366170446613751,1,0.008116861292380761,0,-0.026589587503206058,0.3560429232825872,0.38263251078579325,1,0,0,0
weak,8192,148,2,7.366170446613751,1,0.008116861292380984,0,0.07066480067655523,0.45329731146234853,0.3826325107857933,1,1,0,0
weak,8192,149,2,7.366170446613751,1,0.008116861292380984,0,0.021003938722207016,0.4036364495080003,0.3826325107857933,1,0,0,0
weak,8192,150,2,7.366170446613751,0,0.008116861292380761,0,-0.21461693707184215,0.16801557371395115,0.3826325107857933,0,0,0,0
weak,8192,151,2,7.366170446613751,1,0.008116861292380761,0,0.11576401173899509,0.4983965225247884,0.3826325107857933,1,1,0,0
weak,8192,152,2,7.366170446613751,1,0.008116861292380873,0,-0.04040036401191105,0.34223214677388225,0.3826325107857933,1,0,0,0
weak,8192,153,2,7.366170446613751,1,0.008116861292380761,0,0.015487586702362555,0.39812009748815586,0.3826325107857933,1,0,0,0
weak,8192,154,2,7.366170446613751,1,0.008116861292380761,0,-0.02909049713479428,0.353542013650999,0.3826325107857933,1,0,0,0
weak,8192,155,2,7.366170446613751,1,0.008116861292380873,0,0.04945671773632848,0.4320892285221218,0.3826325107857933,1,0,0,0
weak,8192,156,2,7.366170446613751,1,0.008116861292380761,0,-0.14437028085593295,0.2382622299298603,0.38263251078579325,1,0,0,0
weak,8192,157,2,7.366170446613751,1,0.008116861292380873,0,-0.05296225196091231,0.32967025882488094,0.38263251078579325,1,0,0,0
weak,8192,158,2,7.366170446613751,1,0.008116861292380873,0,0.12421190751798294,0.5068444183037762,0.3826325107857933,1,1,0,0
weak,8192,159,2,7.366170446613751,1,0.008116861292380873,0,0.08217136601943154,0.46480387680522484,0.3826325107857933,1,1,0,0
weak,8192,160,2,7.366170446613751,1,0.008116861292380873,0,-0.005398672039696906,0.37723383874609634,0.38263251078579325,1,0,0,0
weak,8192,161,2,7.366170446613751,1,0.008116861292380873,0,-0.08940471767790736,0.29322779310788594,0.3826325107857933,1,0,0,0
weak,8192,162,2,7.366170446613751,1,0.008116861292380761,0,0.010048983061873462,0.39268149384766676,0.3826325107857933,1,0,0,0
weak,8192,163,2,7.366170446613751,1,0.008116861292380761,0,0.029783003403994646,0.41241551418978795,0.3826325107857933,1,0,0,0
weak,8192,164,2,7.366170446613751,1,0.008116861292380984,0,-0.013438925905713162,0.36919358488008014,0.3826325107857933,1,0,0,0
weak,8192,165,2,7.366170446613751,1,0.008116861292380761,0,0.13605237216659416,0.5186848829523875,0.3826325107857933,1,1,0,0
weak,8192,166,2,7.366170446613751,1,0.008116861292380984,0,-0.04584596721299805,0.33678654357279525,0.3826325107857933,1,0,0,0
weak,8192,167,2,7.366170446613751,1,0.008116861292380761,0,-0.1481121784736701,0.23452033231212316,0.38263251078579325,1,0,0,0
weak,8192,168,2,7.366170446613751,1,0.008116861292380873,0,-0.07639603073658752,0.3062364800492058,0.3826325107857933,1,0,0,0
weak,8192,169,2,7.366170446613751,1,0.008116861292380761,0,-0.010268829821416303,0.372363680964377,0.3826325107857933,1,0,0,0
weak,8192,170,2,7.366170446613751,1,0.008116861292380873,0,-0.1306378491953566,0.2519946615904367,0.3826325107857933,1,0,0,0
weak,8192,171,2,7.366170446613751,1,0.008116861292380984,0,0.037779121645167446,0.42041163243096075,0.3826325107857933,1,0,0,0
weak,8192,172,2,7.366170446613751,1,0.008116861292380873,0,-0.07682515395194767,0.30580735683384563,0.3826325107857933,1,0,0,0
weak,8192,173,2,7.366170446613751,1,0.008116861292380761,0,-0.07974460104811942,0.3028879097376738,0.38263251078579325,1,0,0,0
weak,8192,174,2,7.366170446613751,1,0.008116861292380984,0,0.0194918465005387,0.402124357286332,0.3826325107857933,1,0,0,0
weak,8192,175,2,7.366170446613751,0,0.008116861292380873,0,-0.20891236441826244,0.17372014636753086,0.3826325107857933,0,0,0,0
weak,8192,176,2,7.366170446613751,1,0.008116861292380984,0,0.06353649060877847,0.4461690013945718,0.3826325107857933,1,1,0,0
weak,8192,177,2,7.366170446613751,1,0.008116861292380873,0,-0.01835347086265471,0.3642790399231386,0.3826325107857933,1,0,0,0
weak,8192,178,2,7.366170446613751,1,0.008116861292380873,0,0.000983128503185604,0.38361563928897885,0.38263251078579325,1,0,0,0
weak,8192,179,2,7.366170446613751,1,0.008116861292380761,0,0.04047618750182014,0.42310869828761344,0.3826325107857933,1,0,0,0
weak,8192,180,2,7.366170446613751,1,0.008116861292380761,0,-0.051672216042940144,0.3309602947428531,0.38263251078579325,1,0,0,0
weak,8192,181,2,7.366170446613751,1,0.008116861292380761,0,-0.036193418565093394,0.34643909222069985,0.38263251078579325,1,0,0,0
weak,8192,182,2,7.366170446613751,1,0.008116861292380761,0,0.052828029167021895,0.4354605399528152,0.3826325107857933,1,1,0,0
weak,8192,183,2,7.366170446613751,0,0.008116861292380984,0,0.06798849080120811,0.4506210015870014,0.3826325107857933,1,1,0,0
weak,8192,184,2,7.366170446613751,1,0.008116861292380873,0,0.032838870880252,0.4154713816660453,0.3826325107857933,1,0,0,0
weak,8192,185,2,7.366170446613751,1,0.008116861292380761,0,0.04637553350040435,0.42900804428619765,0.3826325107857933,1,0,0,0
weak,8192,186,2,7.366170446613751,1,0.008116861292380761,0,-0.027020583114752084,0.35561192767104116,0.38263251078579325,1,0,0,0
weak,8192,187,2,7.366170446613751,1,0.008116861292380873,0,-0.009230147659760601,0.3734023631260327,0.3826325107857933,1,0,0,0
weak,8192,188,2,7.366170446613751,1,0.008116861292380873,0,-0.03723655431761963,0.3453959564681736,0.38263251078579325,1,0,0,0
weak,8192,189,2,7.366170446613751,1,0.008116861292380984,0,0.07993657912259233,0.46256908990838563,0.3826325107857933,1,1,0,0
weak,8192,190,2,7.366170446613751,0,0.008116861292380761,0,-0.14173253884790538,0.24089997193788792,0.3826325107857933,1,0,0,0
weak,8192,191,2,7.366170446613751,1,0.008116861292380873,0,0.10776318152719594,0.49039569231298924,0.3826325107857933,1,1,0,0
weak,8192,192,2,7.366170446613751,1,0.008116861292380873,0,0.06814308288965787,0.45077559367545117,0.3826325107857933,1,1,0,0
weak,8192,193,2,7.366170446613751,1,0.008116861292380873,0,-0.046172806957567536,0.33645970382822576,0.3826325107857933,1,0,0,0
weak,8192,194,2,7.366170446613751,1,0.008116861292380761,0,-0.02166211846331023,0.36097039232248307,0.3826325107857933,1,0,0,0
weak,8192,195,2,7.366170446613751,1,0.008116861292380873,0,-0.042406041637707115,0.3402264691480862,0.3826325107857933,1,0,0,0
weak,8192,196,2,7.366170446613751,1,0.008116861292380984,0,-0.01383490319174685,0.36879760759404645,0.3826325107857933,1,0,0,0
weak,8192,197,2,7.366170446613751,1,0.008116861292380873,0,0.15206528853237328,0.5346977993181665,0.38263251078579325,1,1,0,0
weak,8192,198,2,7.366170446613751,1,0.008116861292380873,0,0.05897372203486062,0.4416062328206539,0.3826325107857933,1,1,0,0
weak,8192,199,2,7.366170446613751,1,0.008116861292380984,0,0.009973036368271349,0.39260554715406465,0.3826325107857933,1,0,0,0
weak,8192,200,2,7.366170446613751,1,0.008116861292380761,0,0.04071895089962552,0.4233514616854188,0.3826325107857933,1,0,0,0
weak,8192,201,2,7.366170446613751,1,0.008116861292380984,0,-0.019433039946419872,0.36319947083937343,0.3826325107857933,1,0,0,0
weak,8192,202,2,7.366170446613751,1,0.008116861292380873,0,0.031075886825473187,0.4137083976112665,0.3826325107857933,1,0,0,0
weak,8192,203,2,7.366170446613751,1,0.008116861292380761,0,-0.03277579213450421,0.3498567186512891,0.3826325107857933,1,0,0,0
weak,8192,204,2,7.366170446613751,1,0.008116861292380761,0,-0.0252428883732132,0.35738962241258004,0.38263251078579325,1,0,0,0
weak,8192,205,2,7.366170446613751,1,0.008116861292380873,0,0.10011430042819808,0.4827468112139914,0.3826325107857933,1,1,0,0
weak,8192,206,2,7.366170446613751,1,0.008116861292380873,0,0.05365758546530852,0.4362900962511018,0.3826325107857933,1,1,0,0
weak,8192,207,2,7.366170446613751,1,0.008116861292380873,0,-0.007180435748361691,0.3754520750374316,0.3826325107857933,1,0,0,0
weak,8192,208,2,7.366170446613751,1,0.008116861292380873,0,0.10433182009631087,0.48696433088210417,0.3826325107857933,1,1,0,0
weak,8192,209,2,7.366170446613751,1,0.008116861292380761,0,0.0015121118832590041,0.3841446226690523,0.3826325107857933,1,0,0,0
weak,8192,210,2,7.366170446613751,1,0.008116861292380761,0,-0.05482075906136141,0.32781175172443183,0.38263251078579325,1,0,0,0
weak,8192,211,2,7.366170446613751,0,0.008116861292380761,0,-0.17221318679230335,0.21041932399348995,0.3826325107857933,1,0,0,0
weak,8192,212,2,7.366170446613751,1,0.008116861292380761,0,-0.027236131709671763,0.3553963790761215,0.38263251078579325,1,0,0,0
weak,8192,213,2,7.366170446613751,1,0.008116861292380761,0,0.010789687765802525,0.3934221985515958,0.3826325107857933,1,0,0,0
weak,8192,214,2,7.366170446613751,1,0.008116861292380873,0,0.09466806721369897,0.47730057799949227,0.3826325107857933,1,1,0,0
weak,8192,215,2,7.366170446613751,1,0.008116861292380761,0,0.07535106194548724,0.45798357273128054,0.3826325107857933,1,1,0,0
weak,8192,216,2,7.366170446613751,1,0.008116861292380873,0,0.04854744595420629,0.4311799567399996,0.3826325107857933,1,0,0,0
weak,8192,217,2,7.366170446613751,1,0.008116861292380761,0,-0.02765522582404989,0.35497728496174336,0.38263251078579325,1,0,0,0
weak,8192,218,2,7.366170446613751,1,0.008116861292380873,0,0.014375775717573869,0.39700828650336717,0.3826325107857933,1,0,0,0
weak,8192,219,2,7.366170446613751,1,0.008116861292380761,0,-0.007470660422438269,0.37516185036335503,0.3826325107857933,1,0,0,0
weak,8192,220,2,7.366170446613751,1,0.008116861292380873,0,0.050592255753999615,0.4332247665397929,0.3826325107857933,1,1,0,0
weak,8192,221,2,7.366170446613751,1,0.008116861292380873,0,-0.009203972524744475,0.3734285382610488,0.3826325107857933,1,0,0,0
weak,8192,222,2,7.366170446613751,1,0.008116861292380984,0,0.08726678209104993,0.46989929287684323,0.3826325107857933,1,1,0,0
weak,8192,223,2,7.366170446613751,1,0.008116861292380984,0,-0.05001857687458078,0.33261393391121247,0.38263251078579325,1,0,0,0
weak,8192,224,2,7.366170446613751,1,0.008116861292380873,0,0.03204268161094892,0.4146751923967422,0.3826325107857933,1,0,0,0
weak,8192,225,2,7.366170446613751,1,0.008116861292380873,0,0.05216579074101607,0.43479830152680937,0.3826325107857933,1,1,0,0
weak,8192,226,2,7.366170446613751,0,0.008116861292380761,0,0.056711646583565534,0.43934415736935883,0.3826325107857933,1,1,0,0
weak,8192,227,2,7.366170446613751,1,0.008116861292380873,0,0.13416925296474058,0.5168017637505339,0.3826325107857933,1,1,0,0
weak,8192,228,2,7.366170446613751,1,0.008116861292380873,0,0.127630480850485,0.5102629916362783,0.3826325107857933,1,1,0,0
weak,8192,229,2,7.366170446613751,0,0.008116861292380873,0,0.04749987103143516,0.43013238181722846,0.3826325107857933,1,0,0,0
weak,8192,230,2,7.366170446613751,1,0.008116861292380873,0,-0.013316738149220408,0.3693157726365729,0.3826325107857933,1,0,0,0
weak,8192,231,2,7.366170446613751,1,0.008116861292380761,0,-0.06325821234841145,0.31937429843738185,0.3826325107857933,1,0,0,0
weak,8192,232,2,7.366170446613751,1,0.008116861292380761,0,0.050385450892526884,0.4330179616783202,0.3826325107857933,1,1,0,0
weak,8192,233,2,7.366170446613751,1,0.008116861292380984,0,0.1906008926577707,0.573233403443564,0.3826325107857933,1,1,0,0
weak,8192,234,2,7.366170446613751,1,0.008116861292380761,0,-0.006955914850227063,0.37567659593556624,0.3826325107857933,1,0,0,0
weak,8192,235,2,7.366170446613751,1,0.008116861292380984,0,-0.016133957214281902,0.36649855357151134,0.38263251078579325,1,0,0,0
weak,8192,236,2,7.366170446613751,1,0.008116861292380873,0,-0.029072475094850447,0.35356003569094285,0.3826325107857933,1,0,0,0
weak,8192,237,2,7.366170446613751,1,0.008116861292380873,0,0.007627012004876477,0.3902595227906698,0.3826325107857933,1,0,0,0
weak,8192,238,2,7.366170446613751,1,0.008116861292380984,0,-0.09603755096534028,0.28659495982045297,0.38263251078579325,1,0,0,0
weak,8192,239,2,7.366170446613751,1,0.008116861292380984,0,0.059806749894381395,0.4424392606801747,0.3826325107857933,1,1,0,0
weak,8192,240,2,7.366170446613751,1,0.008116861292380761,0,0.016317965300397197,0.3989504760861905,0.3826325107857933,1,0,0,0
weak,8192,241,2,7.366170446613751,1,0.008116861292380761,0,-0.04505822309700569,0.33757428768878756,0.38263251078579325,1,0,0,0
weak,8192,242,2,7.366170446613751,1,0.008116861292380761,0,-0.08371920342159511,0.2989133073641982,0.3826325107857933,1,0,0,0
weak,8192,243,2,7.366170446613751,1,0.008116861292380761,0,0.09452124059835443,0.47715375138414773,0.3826325107857933,1,1,0,0
weak,8192,244,2,7.366170446613751,1,0.008116861292380984,0,-0.058033635165568254,0.32459887562022505,0.3826325107857933,1,0,0,0
weak,8192,245,2,7.366170446613751,1,0.008116861292380984,0,0.1036849231331552,0.4863174339189485,0.3826325107857933,1,1,0,0
weak,8192,246,2,7.366170446613751,1,0.008116861292380984,0,-0.04383815166510485,0.33879435912068845,0.3826325107857933,1,0,0,0
weak,8192,247,2,7.366170446613751,1,0.008116861292380761,0,-0.01940868927000383,0.36322382151578947,0.3826325107857933,1,0,0,0
weak,8192,248,2,7.366170446613751,1,0.008116861292380873,0,-0.013101135607130221,0.369531375178663,0.38263251078579325,1,0,0,0
weak,8192,249,2,7.366170446613751,1,0.008116861292380984,0,-0.0069752227338878425,0.3756572880519054,0.38263251078579325,1,0,0,0
weak,8192,250,2,7.366170446613751,1,0.008116861292380984,0,0.03163641383400473,0.41426892461979803,0.3826325107857933,1,0,0,0
weak,8192,251,2,7.366170446613751,1,0.008116861292380984,0,0.056907523282799466,0.43954003406859277,0.3826325107857933,1,1,0,0
weak,8192,252,2,7.366170446613751,1,0.008116861292380873,0,0.03751318046590696,0.42014569125170026,0.3826325107857933,1,0,0,0
weak,8192,253,2,7.366170446613751,1,0.008116861292380873,0,-0.03928294705932367,0.3433495637264696,0.38263251078579325,1,0,0,0
weak,8192,254,2,7.366170446613751,1,0.008116861292380873,0,-0.019583617172237,0.3630488936135563,0.3826325107857933,1,0,0,0
weak,8192,255,2,7.366170446613751,1,0.008116861292380761,0,0.08719981081205724,0.46983232159785054,0.3826325107857933,1,1,0,0
weak,8192,256,2,7.366170446613751,1,0.008116861292380984,0,-0.08859913086706006,0.29403337991873324,0.3826325107857933,1,0,0,0
weak,8192,257,2,7.366170446613751,1,0.008116861292380761,0,-0.12141237203077848,0.2612201387550148,0.3826325107857933,1,0,0,0
weak,8192,258,2,7.366170446613751,1,0.008116861292380873,0,-0.0878822271228179,0.29475028366297534,0.38263251078579325,1,0,0,0
weak,8192,259,2,7.366170446613751,0,0.008116861292380873,0,-0.18527905586459992,0.19735345492119333,0.38263251078579325,0,0,0,0
weak,8192,260,2,7.366170446613751,1,0.008116861292380873,0,0.1024832742252822,0.4851157850110755,0.3826325107857933,1,1,0,0
weak,8192,261,2,7.366170446613751,1,0.008116861292380984,0,-0.038374559196966196,0.3442579515888271,0.3826325107857933,1,0,0,0
weak,8192,262,2,7.366170446613751,1,0.008116861292380761,0,-0.042088712832577424,0.3405437979532158,0.38263251078579325,1,0,0,0
weak,8192,263,2,7.366170446613751,1,0.008116861292380873,0,0.03748770823341818,0.4201202190192115,0.3826325107857933,1,0,0,0
weak,8192,264,2,7.366170446613751,1,0.008116861292380761,0,0.020149130145394656,0.40278164093118796,0.3826325107857933,1,0,0,0
weak,8192,265,2,7.366170446613751,1,0.008116861292380984,0,0.040184388979964736,0.42281689976575804,0.3826325107857933,1,0,0,0
weak,8192,266,2,7.366170446613751,1,0.008116861292380873,0,0.032537836089060745,0.41517034687485405,0.3826325107857933,1,0,0,0
weak,8192,267,2,7.366170446613751,1,0.008116861292380873,0,-0.08673746274080973,0.29589504804498357,0.3826325107857933,1,0,0,0
weak,8192,268,2,7.366170446613751,1,0.008116861292380873,0,0.013323067056358495,0.3959555778421518,0.3826325107857933,1,0,0,0
weak,8192,269,2,7.366170446613751,1,0.008116861292380873,0,0.0539095582176608,0.4365420690034541,0.3826325107857933,1,1,0,0
weak,8192,270,2,7.366170446613751,1,0.008116861292380873,0,-0.10565868547035573,0.2769738253154375,0.38263251078579325,1,0,0,0
weak,8192,271,2,7.366170446613751,1,0.008116861292380873,0,-0.1383684055463814,0.24426410523941183,0.38263251078579325,1,0,0,0
weak,8192,272,2,7.366170446613751,1,0.008116861292380873,0,0.09460147191727558,0.4772339827030689,0.3826325107857933,1,1,0,0
weak,8192,273,2,7.366170446613751,1,0.008116861292380873,0,-0.06508943998288752,0.3175430708029057,0.38263251078579325,1,0,0,0
weak,8192,274,2,7.366170446613751,1,0.008116861292380984,0,0.05128283056279831,0.4339153413485916,0.3826325107857933,1,1,0,0
weak,8192,275,2,7.366170446613751,1,0.008116861292380873,0,0.08281299345312487,0.4654455042389182,0.3826325107857933,1,1,0,0
weak,8192,276,2,7.366170446613751,1,0.008116861292380761,0,0.01887237542962472,0.401504886215418,0.3826325107857933,1,0,0,0
weak,8192,277,2,7.366170446613751,1,0.008116861292380873,0,0.04984529028382928,0.4324778010696226,0.3826325107857933,1,0,0,0
weak,8192,278,2,7.366170446613751,1,0.008116861292380873,0,0.10700457377292233,0.48963708455871563,0.3826325107857933,1,1,0,0
weak,8192,279,2,7.366170446613751,1,0.008116861292380761,0,-0.059914635963148055,0.3227178748226452,0.38263251078579325,1,0,0,0
weak,8192,280,2,7.366170446613751,1,0.008116861292380873,0,0.023555974643867494,0.4061884854296608,0.3826325107857933,1,0,0,0
weak,8192,281,2,7.366170446613751,0,0.008116861292380984,0,0.02927841748156923,0.41191092826736253,0.3826325107857933,1,0,0,0
weak,8192,282,2,7.366170446613751,1,0.008116861292380873,0,-0.013971172832004997,0.3686613379537883,0.3826325107857933,1,0,0,0
weak,8192,283,2,7.366170446613751,1,0.008116861292380984,0,0.06732468117521401,0.4499571919610073,0.3826325107857933,1,1,0,0
weak,8192,284,2,7.366170446613751,1,0.008116861292380873,0,-0.08667693326641512,0.2959555775193782,0.3826325107857933,1,0,0,0
weak,8192,285,2,7.366170446613751,1,0.008116861292380761,0,0.08080729337720488,0.4634398041629982,0.3826325107857933,1,1,0,0
weak,8192,286,2,7.366170446613751,1,0.008116861292380873,0,0.06846763549800272,0.451100146283796,0.3826325107857933,1,1,0,0
weak,8192,287,2,7.366170446613751,1,0.008116861292380873,0,0.005834414855219128,0.38846692564101243,0.3826325107857933,1,0,0,0
weak,8192,288,2,7.366170446613751,1,0.008116861292380984,0,-0.09313893406577711,0.28949357672001613,0.38263251078579325,1,0,0,0
weak,8192,289,2,7.366170446613751,1,0.008116861292380873,0,-0.08371330160726786,0.2989192091785254,0.38263251078579325,1,0,0,0
weak,8192,290,2,7.366170446613751,1,0.008116861292380761,0,0.050898368291356966,0.43353087907715027,0.3826325107857933,1,1,0,0
weak,8192,291,2,7.366170446613751,1,0.008116861292380873,0,-0.048191810129480706,0.3344407006563126,0.3826325107857933,1,0,0,0
weak,8192,292,2,7.366170446613751,1,0.008116861292380873,0,-0.05572209871076006,0.32691041207503324,0.3826325107857933,1,0,0,0
weak,8192,293,2,7.366170446613751,1,0.008116861292380873,0,-0.12253437257405542,0.26009813821173783,0.38263251078579325,1,0,0,0
weak,8192,294,2,7.366170446613751,1,0.008116861292380984,0,0.058409398653309075,0.4410419094391024,0.3826325107857933,1,1,0,0
weak,8192,295,2,7.366170446613751,1,0.008116861292380761,0,0.10172541829919546,0.48435792908498876,0.3826325107857933,1,1,0,0
weak,8192,296,2,7.366170446613751,1,0.008116861292380873,0,0.13037357743396366,0.5130060882197569,0.38263251078579325,1,1,0,0
weak,8192,297,2,7.366170446613751,1,0.008116861292380873,0,0.03275137111728604,0.41538388190307934,0.3826325107857933,1,0,0,0
weak,8192,298,2,7.366170446613751,1,0.008116861292380873,0,0.02203582947236543,0.40466834025815873,0.3826325107857933,1,0,0,0
weak,8192,299,2,7.366170446613751,1,0.008116861292380873,0,0.00032673032385688305,0.38295924110965013,0.38263251078579325,1,0,0,0
balanced,8,0,2,3.9999999999999996,1,0.36716202460212255,0,-0.06840240086963312,0.4508431139110526,0.5192455147806857,1,0,0,0
balanced,8,1,2,3.9999999999999996,1,0.36716202460212255,0,-0.185252418152276,0.3339930966284098,0.5192455147806858,1,0,0,0
balanced,8,2,2,3.9999999999999996,1,0.36716202460212255,0,-0.1622832469577331,0.3569622678229526,0.5192455147806857,1,0,0,0
balanced,8,3,2,3.9999999999999996,0,0.36716202460212244,0,-0.25433325010022634,0.26491226468045936,0.5192455147806857,1,0,0,0
balanced,8,4,2,3.9999999999999996,1,0.36716202460212255,0,-0.0716843573241992,0.4475611574564866,0.5192455147806858,1,0,0,0
balanced,8,5,2,3.9999999999999996,1,0.36716202460212266,0,-0.20414707988399994,0.3150984348966859,0.5192455147806858,1,0,0,0
balanced,8,6,2,3.9999999999999996,1,0.36716202460212255,0,0.01765314690620562,0.5368986616868914,0.5192455147806858,1,0,0,0
balanced,8,7,2,3.9999999999999996,1,0.36716202460212266,0,-0.10405592231939653,0.4151895924612893,0.5192455147806858,1,0,0,0
balanced,8,8,2,3.9999999999999996,1,0.36716202460212255,0,-0.01834318985513017,0.5009023249255555,0.5192455147806857,1,0,0,0
balanced,8,9,2,3.9999999999999996,1,0.36716202460212277,0,-0.23384956943074053,0.2853959453499453,0.5192455147806858,1,0,0,0
balanced,8,10,2,3.9999999999999996,1,0.36716202460212255,0,-0.21277833869372853,0.3064671760869573,0.5192455147806858,1,0,0,0
balanced,8,11,2,3.9999999999999996,1,0.36716202460212277,0,-0.07170901299665122,0.4475365017840346,0.5192455147806858,1,0,0,0
balanced,8,12,2,3.9999999999999996,1,0.36716202460212255,0,0.04332361462536449,0.5625691294060503,0.5192455147806858,1,0,0,0
balanced,8,13,2,3.9999999999999996,1,0.36716202460212266,0,0.05217110888926457,0.5714166236699504,0.5192455147806858,1,1,0,0
balanced,8,14,2,3.9999999999999996,1,0.36716202460212255,0,-0.04317545879620588,0.4760700559844798,0.5192455147806857,1,0,0,0
balanced,8,15,2,3.9999999999999996,1,0.36716202460212255,0,-0.013576261570550807,0.505669253210135,0.5192455147806858,1,0,0,0
balanced,8,16,2,3.9999999999999996,1,0.36716202460212266,0,0.02061756165998041,0.5398630764406662,0.5192455147806858,1,0,0,0
balanced,8,17,2,3.9999999999999996,1,0.36716202460212266,0,-0.19873423984632843,0.3205112749343574,0.5192455147806858,1,0,0,0
balanced,8,18,2,3.9999999999999996,1,0.36716202460212255,0,0.0898067078738336,0.6090522226545193,0.5192455147806857,1,1,0,0
balanced,8,19,2,3.9999999999999996,1,0.36716202460212266,0,-0.24517568495743203,0.2740698298232538,0.5192455147806858,1,0,0,0
balanced,8,20,2,3.9999999999999996,1,0.36716202460212244,0,0.03730295573766074,0.5565484705183464,0.5192455147806857,1,0,0,0
balanced,8,21,2,3.9999999999999996,1,0.36716202460212244,0,0.15504036100017604,0.6742858757808617,0.5192455147806857,1,1,0,0
balanced,8,22,2,3.9999999999999996,1,0.36716202460212255,0,-0.048910454179510676,0.47033506060117514,0.5192455147806858,1,0,0,0
balanced,8,23,2,3.9999999999999996,1,0.36716202460212266,0,0.03753100345689664,0.5567765182375825,0.5192455147806858,1,0,0,0
balanced,8,24,2,3.9999999999999996,0,0.36716202460212255,0,0.02726225312369457,0.5465077679043803,0.5192455147806857,1,0,0,0
balanced,8,25,2,3.9999999999999996,1,0.36716202460212244,0,-0.09389178662812214,0.42535372815256356,0.5192455147806857,1,0,0,0
balanced,8,26,2,3.9999999999999996,1,0.36716202460212255,0,-0.0921715741036061,0.4270739406770796,0.5192455147806857,1,0,0,0
balanced,8,27,2,3.9999999999999996,1,0.36716202460212255,0,0.19117645431832225,0.710421969099008,0.5192455147806858,1,1,0,0
balanced,8,28,2,3.9999999999999996,1,0.36716202460212255,0,-0.1397651936746026,0.3794803211060832,0.5192455147806858,1,0,0,0
balanced,8,29,2,3.9999999999999996,1,0.36716202460212255,0,-0.08905216964538598,0.4301933451352997,0.5192455147806857,1,0,0,0
balanced,8,30,2,3.9999999999999996,0,0.36716202460212266,0,-0.32242451153647034,0.19682100324421548,0.5192455147806858,0,0,0,0
balanced,8,31,2,3.9999999999999996,1,0.36716202460212255,0,-0.09919103914766814,0.4200544756330177,0.5192455147806858,1,0,0,0
balanced,8,32,2,3.9999999999999996,1,0.3671620246021226,0,0.03198528989253935,0.551230804673225,0.5192455147806857,1,0,0,0
balanced,8,33,2,3.9999999999999996,1,0.36716202460212255,0,0.06997448719395738,0.5892200019746431,0.5192455147806857,1,1,0,0
balanced,8,34,2,3.9999999999999996,1,0.3671620246021226,0,0.11671040270593247,0.6359559174866183,0.5192455147806858,1,1,0,0
balanced,8,35,2,3.9999999999999996,1,0.36716202460212255,0,-0.14918579566201118,0.37005971911867463,0.5192455147806858,1,0,0,0
balanced,8,36,2,3.9999999999999996,1,0.36716202460212266,0,0.017705105253861042,0.5369506200345469,0.5192455147806858,1,0,0,0
balanced,8,37,2,3.9999999999999996,0,0.36716202460212266,0,-0.11083198151337481,0.408413533267311,0.5192455147806858,1,0,0,0
balanced,8,38,2,3.9999999999999996,1,0.36716202460212255,0,-0.09242695111087262,0.4268185636698132,0.5192455147806858,1,0,0,0
balanced,8,39,2,3.9999999999999996,1,0.36716202460212255,0,-0.03752942340624288,0.48171609137444293,0.5192455147806858,1,0,0,0
balanced,8,40,2,3.9999999999999996,1,0.3671620246021225,0,-0.15860495161835886,0.36064056316232684,0.5192455147806857,1,0,0,0
balanced,8,41,2,3.9999999999999996,1,0.36716202460212255,0,0.14244858837288388,0.6616941031535696,0.5192455147806857,1,1,0,0
balanced,8,42,2,3.9999999999999996,1,0.36716202460212266,0,0.06757890735946648,0.5868244221401523,0.5192455147806858,1,1,0,0
balanced,8,43,2,3.9999999999999996,1,0.36716202460212244,0,0.0008738861577212154,0.5201194009384069,0.5192455147806857,1,0,0,0
balanced,8,44,2,3.9999999999999996,1,0.36716202460212255,0,-0.10323543639235866,0.41601007838832715,0.5192455147806858,1,0,0,0
balanced,8,45,2,3.9999999999999996,0,0.36716202460212266,0,-0.30826343636215314,0.21098207841853267,0.5192455147806858,1,0,0,0
balanced,8,46,2,3.9999999999999996,1,0.36716202460212266,0,0.03406302447214227,0.5533085392528281,0.5192455147806858,1,0,0,0
balanced,8,47,2,3.9999999999999996,1,0.36716202460212255,0,-0.1247895349158662,0.3944559798648196,0.5192455147806858,1,0,0,0
balanced,8,48,2,3.9999999999999996,1,0.36716202460212255,0,-0.010805224224379684,0.508440290556306,0.5192455147806857,1,0,0,0
balanced,8,49,2,3.9999999999999996,1,0.3671620246021225,0,0.14545551382369604,0.6647010286043817,0.5192455147806857,1,1,0,0
balanced,8,50,2,3.9999999999999996,1,0.36716202460212255,0,0.17123905511704707,0.6904845698977328,0.5192455147806857,1,1,0,0
balanced,8,51,2,3.9999999999999996,1,0.36716202460212266,0,-0.1597468928319492,0.3594986219487366,0.5192455147806858,1,0,0,0
balanced,8,52,2,3.9999999999999996,1,0.36716202460212255,0,-0.08019858818853354,0.43904692659215216,0.5192455147806857,1,0,0,0
balanced,8,53,2,3.9999999999999996,1,0.36716202460212244,0,-0.08053668943165215,0.43870882534903355,0.5192455147806857,1,0,0,0
balanced,8,54,2,3.9999999999999996,1,0.3671620246021226,0,-0.018430173784302006,0.5008153409963838,0.5192455147806858,1,0,0,0
balanced,8,55,2,3.9999999999999996,1,0.36716202460212266,0,-0.04356262868808136,0.47568288609260445,0.5192455147806858,1,0,0,0
balanced,8,56,2,3.9999999999999996,1,0.3671620246021226,0,0.024075786471902894,0.5433213012525887,0.5192455147806858,1,0,0,0
balanced,8,57,2,3.9999999999999996,1,0.36716202460212255,0,-0.12792867743444247,0.39131683734624334,0.5192455147806858,1,0,0,0
balanced,8,58,2,3.9999999999999996,1,0.3671620246021225,0,-0.17827789197177213,0.3409676228089136,0.5192455147806857,1,0,0,0
balanced,8,59,2,3.9999999999999996,1,0.36716202460212255,0,-0.16943926258407416,0.34980625219661154,0.5192455147806857,1,0,0,0
balanced,8,60,2,3.9999999999999996,1,0.36716202460212255,0,-0.11533662609855466,0.40390888868213115,0.5192455147806858,1,0,0,0
balanced,8,61,2,3.9999999999999996,1,0.36716202460212255,0,-0.11339305102235497,0.40585246375833073,0.5192455147806857,1,0,0,0
balanced,8,62,2,3.9999999999999996,1,0.36716202460212266,0,-0.17685378203898394,0.34239173274170187,0.5192455147806858,1,0,0,0
balanced,8,63,2,3.9999999999999996,1,0.36716202460212255,0,0.05745052611128709,0.5766960408919728,0.5192455147806857,1,1,0,0
balanced,8,64,2,3.9999999999999996,1,0.36716202460212255,0,-0.028619526990633748,0.49062598779005206,0.5192455147806858,1,0,0,0
balanced,8,65,2,3.9999999999999996,1,0.36716202460212255,0,-0.11504091405561778,0.4042046007250679,0.5192455147806857,1,0,0,0
balanced,8,66,2,3.9999999999999996,1,0.36716202460212266,0,-0.016311116148865712,0.5029343986318201,0.5192455147806858,1,0,0,0
balanced,8,67,2,3.9999999999999996,1,0.36716202460212266,0,-0.14182182522334452,0.3774236895573413,0.5192455147806858,1,0,0,0
balanced,8,68,2,3.9999999999999996,1,0.36716202460212266,0,0.07383014956293499,0.5930756643436208,0.5192455147806858,1,1,0,0
balanced,8,69,2,3.9999999999999996,1,0.36716202460212244,0,-0.09257239799479744,0.42667311678588826,0.5192455147806857,1,0,0,0
balanced,8,70,2,3.9999999999999996,1,0.36716202460212266,0,-0.15824763678929443,0.3609978779913914,0.5192455147806858,1,0,0,0
balanced,8,71,2,3.9999999999999996,0,0.36716202460212255,0,0.02835878015402371,0.5476042949347095,0.5192455147806858,1,0,0,0
balanced,8,72,2,3.9999999999999996,1,0.36716202460212255,0,-0.01959704060847034,0.4996484741722155,0.5192455147806858,1,0,0,0
balanced,8,73,2,3.9999999999999996,0,0.36716202460212255,0,-0.31359103916894193,0.20565447561174388,0.5192455147806858,1,0,0,0
balanced,8,74,2,3.9999999999999996,1,0.36716202460212255,0,-0.1676522179162252,0.3515932968644606,0.5192455147806858,1,0,0,0
balanced,8,75,2,3.9999999999999996,1,0.36716202460212255,0,-0.07186486586541407,0.44738064891527163,0.5192455147806857,1,0,0,0
balanced,8,76,2,3.9999999999999996,0,0.36716202460212255,0,0.09155306395866036,0.6107985787393462,0.5192455147806858,1,1,0,0
balanced,8,77,2,3.9999999999999996,1,0.36716202460212255,0,-0.04934141323916741,0.4699041015415183,0.5192455147806857,1,0,0,0
balanced,8,78,2,3.9999999999999996,1,0.36716202460212255,0,-0.19661234580574327,0.32263316897494254,0.5192455147806858,1,0,0,0
balanced,8,79,2,3.9999999999999996,1,0.36716202460212255,0,-0.05116851569294456,0.46807699908774125,0.5192455147806858,1,0,0,0
balanced,8,80,2,3.9999999999999996,1,0.36716202460212255,0,-0.007999493950158199,0.5112460208305276,0.5192455147806858,1,0,0,0
balanced,8,81,2,3.9999999999999996,1,0.36716202460212266,0,-0.0631480959772609,0.4560974188034249,0.5192455147806858,1,0,0,0
balanced,8,82,2,3.9999999999999996,1,0.3671620246021223,0,-0.01890026219553298,0.5003452525851527,0.5192455147806857,1,0,0,0
balanced,8,83,2,3.9999999999999996,1,0.36716202460212255,0,-0.09713407846836508,0.42211143631232073,0.5192455147806858,1,0,0,0
balanced,8,84,2,3.9999999999999996,1,0.36716202460212244,0,-0.095130787830226,0.4241147269504597,0.5192455147806857,1,0,0,0
balanced,8,85,2,3.9999999999999996,1,0.36716202460212255,0,0.049783949803277716,0.5690294645839634,0.5192455147806857,1,0,0,0
balanced,8,86,2,3.9999999999999996,1,0.36716202460212244,0,0.12355956302164495,0.6428050778023306,0.5192455147806857,1,1,0,0
balanced,8,87,2,3.9999999999999996,1,0.36716202460212255,0,-0.03564031447432647,0.48360520030635934,0.5192455147806858,1,0,0,0
balanced,8,88,2,3.9999999999999996,1,0.36716202460212255,0,0.0005429119412574401,0.5197884267219433,0.5192455147806858,1,0,0,0
balanced,8,89,2,3.9999999999999996,1,0.36716202460212244,0,-0.1156818884884403,0.4035636262922454,0.5192455147806857,1,0,0,0
balanced,8,90,2,3.9999999999999996,0,0.3671620246021226,0,0.028298635433069375,0.5475441502137551,0.5192455147806858,1,0,0,0
balanced,8,91,2,3.9999999999999996,1,0.36716202460212255,0,-0.15050768633464928,0.3687378284460364,0.5192455147806857,1,0,0,0
balanced,8,92,2,3.9999999999999996,1,0.36716202460212255,0,0.0323721161085021,0.5516176308891879,0.5192455147806858,1,0,0,0
balanced,8,93,2,3.9999999999999996,1,0.36716202460212255,0,-0.0771306714345833,0.4421148433461024,0.5192455147806857,1,0,0,0
balanced,8,94,2,3.9999999999999996,1,0.36716202460212255,0,-0.09937851354863647,0.41986700123204934,0.5192455147806858,1,0,0,0
balanced,8,95,2,3.9999999999999996,1,0.36716202460212244,0,-0.18101854664823935,0.33822696813244635,0.5192455147806857,1,0,0,0
balanced,8,96,2,3.9999999999999996,1,0.36716202460212255,0,-0.05943391845620705,0.45981159632447877,0.5192455147806858,1,0,0,0
balanced,8,97,2,3.9999999999999996,1,0.36716202460212266,0,-0.07144982506005948,0.44779568972062633,0.5192455147806858,1,0,0,0
balanced,8,98,2,3.9999999999999996,1,0.36716202460212255,0,0.0683336413672736,0.5875791561479594,0.5192455147806858,1,1,0,0
balanced,8,99,2,3.9999999999999996,1,0.36716202460212255,0,-0.07442410935447019,0.4448214054262156,0.5192455147806858,1,0,0,0
balanced,8,100,2,3.9999999999999996,1,0.36716202460212255,0,-0.07843721425899641,0.4408083005216894,0.5192455147806858,1,0,0,0
balanced,8,101,2,3.9999999999999996,1,0.36716202460212255,0,-0.019416561506316987,0.4998289532743687,0.5192455147806857,1,0,0,0
balanced,8,102,2,3.9999999999999996,1,0.36716202460212255,0,-0.03312314013614703,0.4861223746445388,0.5192455147806858,1,0,0,0
balanced,8,103,2,3.9999999999999996,1,0.36716202460212266,0,-0.06323459124132957,0.45601092353935624,0.5192455147806858,1,0,0,0
balanced,8,104,2,3.9999999999999996,1,0.36716202460212244,0,-0.29571928418090754,0.22352623059977805,0.5192455147806856,1,0,0,0
balanced,8,105,2,3.9999999999999996,1,0.36716202460212266,0,-0.12161115626416186,0.39763435851652396,0.5192455147806858,1,0,0,0
balanced,8,106,2,3.9999999999999996,1,0.36716202460212244,0,-0.08642168812556072,0.432823826655125,0.5192455147806857,1,0,0,0
balanced,8,107,2,3.9999999999999996,1,0.36716202460212255,0,-0.03342064426148039,0.4858248705192054,0.5192455147806858,1,0,0,0
balanced,8,108,2,3.9999999999999996,1,0.3671620246021225,0,0.11632364086674873,0.6355691556474345,0.5192455147806858,1,1,0,0
balanced,8,109,2,3.9999999999999996,1,0.36716202460212255,0,-0.12550109910322738,0.39374441567745844,0.5192455147806858,1,0,0,0
balanced,8,110,2,3.9999999999999996,1,0.36716202460212255,0,0.07921400791971978,0.5984595227004056,0.5192455147806858,1,1,0,0
balanced,8,111,2,3.9999999999999996,1,0.36716202460212266,0,-0.15618984032482708,0.36305567445585873,0.5192455147806858,1,0,0,0
balanced,8,112,2,3.9999999999999996,1,0.3671620246021226,0,-0.11775504193945141,0.4014904728412344,0.5192455147806858,1,0,0,0
balanced,8,113,2,3.9999999999999996,1,0.36716202460212266,0,-0.2618220886661262,0.2574234261145596,0.5192455147806858,1,0,0,0
balanced,8,114,2,3.9999999999999996,1,0.36716202460212255,0,-0.06545701006854554,0.4537885047121403,0.5192455147806858,1,0,0,0
balanced,8,115,2,3.9999999999999996,1,0.36716202460212255,0,0.016599482559365275,0.5358449973400511,0.5192455147806858,1,0,0,0
balanced,8,116,2,3.9999999999999996,1,0.36716202460212266,0,0.10058421585136634,0.619829730632052,0.5192455147806857,1,1,0,0
balanced,8,117,2,3.9999999999999996,1,0.36716202460212255,0,-0.06544850073550001,0.4537970140451857,0.5192455147806857,1,0,0,0
balanced,8,118,2,3.9999999999999996,1,0.36716202460212255,0,0.021705148400957053,0.5409506631816428,0.5192455147806857,1,0,0,0
balanced,8,119,2,3.9999999999999996,1,0.36716202460212255,0,0.005687660750452017,0.5249331755311378,0.5192455147806858,1,0,0,0
balanced,8,120,2,3.9999999999999996,1,0.36716202460212255,0,-0.19737169749013372,0.3218738172905521,0.5192455147806858,1,0,0,0
balanced,8,121,2,3.9999999999999996,1,0.36716202460212255,0,-0.0387344660496578,0.4805110487310279,0.5192455147806857,1,0,0,0
balanced,8,122,2,3.9999999999999996,1,0.36716202460212255,0,-0.05720891937589068,0.462036595404795,0.5192455147806857,1,0,0,0
balanced,8,123,2,3.9999999999999996,1,0.36716202460212255,0,-0.06880610359321848,0.4504394111874672,0.5192455147806857,1,0,0,0
balanced,8,124,2,3.9999999999999996,1,0.36716202460212255,0,0.01439582644888493,0.5336413412295706,0.5192455147806857,1,0,0,0
balanced,8,125,2,3.9999999999999996,0,0.36716202460212244,0,0.20278937919135032,0.722034893972036,0.5192455147806857,0,1,0,0
balanced,8,126,2,3.9999999999999996,1,0.36716202460212255,0,-0.05650907188848331,0.4627364428922025,0.5192455147806858,1,0,0,0
balanced,8,127,2,3.9999999999999996,1,0.36716202460212255,0,-0.06663843662726665,0.45260707815341916,0.5192455147806858,1,0,0,0
balanced,8,128,2,3.9999999999999996,1,0.36716202460212255,0,0.03697242312054716,0.556217937901233,0.5192455147806858,1,0,0,0
balanced,8,129,2,3.9999999999999996,1,0.36716202460212255,0,-0.0670477483951375,0.4521977663855482,0.5192455147806857,1,0,0,0
balanced,8,130,2,3.9999999999999996,1,0.36716202460212255,0,-0.1217675561185445,0.3974779586621413,0.5192455147806858,1,0,0,0
balanced,8,131,2,3.9999999999999996,1,0.36716202460212255,0,-0.039018116234677325,0.4802273985460085,0.5192455147806858,1,0,0,0
balanced,8,132,2,3.9999999999999996,1,0.36716202460212266,0,0.11065096492501003,0.6298964797056958,0.5192455147806858,1,1,0,0
balanced,8,133,2,3.9999999999999996,1,0.36716202460212255,0,-0.10396357150258795,0.41528194327809775,0.5192455147806857,1,0,0,0
balanced,8,134,2,3.9999999999999996,1,0.36716202460212255,0,-0.04081139881770768,0.478434115962978,0.5192455147806857,1,0,0,0
balanced,8,135,2,3.9999999999999996,1,0.36716202460212255,0,0.007007550593633893,0.5262530653743197,0.5192455147806858,1,0,0,0
balanced,8,136,2,3.9999999999999996,1,0.36716202460212255,0,-0.03708879842470236,0.48215671635598345,0.5192455147806858,1,0,0,0
balanced,8,137,2,3.9999999999999996,1,0.36716202460212266,0,-0.0017541085926152666,0.5174914061880705,0.5192455147806858,1,0,0,0
balanced,8,138,2,3.9999999999999996,1,0.3671620246021226,0,-0.09752666208788274,0.42171885269280307,0.5192455147806858,1,0,0,0
balanced,8,139,2,3.9999999999999996,1,0.36716202460212244,0,-0.18241354371654617,0.33683197106413953,0.5192455147806857,1,0,0,0
balanced,8,140,2,3.9999999999999996,1,0.36716202460212255,0,-0.0400882609885852,0.4791572537921006,0.5192455147806858,1,0,0,0
balanced,8,141,2,3.9999999999999996,1,0.36716202460212244,0,-0.13876299289304939,0.3804825218876363,0.5192455147806857,1,0,0,0
balanced,8,142,2,3.9999999999999996,1,0.36716202460212255,0,-0.167073987299458,0.3521715274812277,0.5192455147806857,1,0,0,0
balanced,8,143,2,3.9999999999999996,1,0.36716202460212255,0,0.04832000310541318,0.5675655178860989,0.5192455147806857,1,0,0,0
balanced,8,144,2,3.9999999999999996,1,0.36716202460212255,0,-0.11214423513497807,0.40710127964570764,0.5192455147806857,1,0,0,0
balanced,8,145,2,3.9999999999999996,1,0.3671620246021225,0,-0.12391510584707333,0.3953304089336124,0.5192455147806857,1,0,0,0
balanced,8,146,2,3.9999999999999996,1,0.36716202460212255,0,-0.028543676124302753,0.49070183865638306,0.5192455147806858,1,0,0,0
balanced,8,147,2,3.9999999999999996,1,0.36716202460212255,0,-0.2896060194003319,0.22963949538035378,0.5192455147806857,1,0,0,0
balanced,8,148,2,3.9999999999999996,1,0.36716202460212266,0,0.049549389182874104,0.5687949039635599,0.5192455147806858,1,0,0,0
balanced,8,149,2,3.9999999999999996,1,0.36716202460212255,0,0.06731952204533043,0.5865650368260161,0.5192455147806857,1,1,0,0
balanced,8,150,2,3.9999999999999996,1,0.36716202460212244,0,-0.06293872488576913,0.4563067898949166,0.5192455147806857,1,0,0,0
balanced,8,151,2,3.9999999999999996,1,0.36716202460212255,0,-0.21856229593471488,0.30068321884597093,0.5192455147806858,1,0,0,0
balanced,8,152,2,3.9999999999999996,1,0.36716202460212255,0,-0.06915755096617959,0.4500879638145061,0.5192455147806857,1,0,0,0
balanced,8,153,2,3.9999999999999996,1,0.36716202460212255,0,0.027986498924211012,0.5472320137048968,0.5192455147806858,1,0,0,0
balanced,8,154,2,3.9999999999999996,1,0.36716202460212255,0,-0.13713759347538246,0.38210792130530336,0.5192455147806858,1,0,0,0
balanced,8,155,2,3.9999999999999996,1,0.36716202460212255,0,-0.04592718695785758,0.4733183278228281,0.5192455147806857,1,0,0,0
balanced,8,156,2,3.9999999999999996,1,0.36716202460212266,0,0.013814300176367755,0.5330598149570536,0.5192455147806858,1,0,0,0
balanced,8,157,2,3.9999999999999996,0,0.36716202460212255,0,-0.27473008072578387,0.24451543405490184,0.5192455147806857,1,0,0,0
balanced,8,158,2,3.9999999999999996,0,0.36716202460212255,0,-0.20020171627375039,0.3190437985069354,0.5192455147806858,1,0,0,0
balanced,8,159,2,3.9999999999999996,1,0.36716202460212266,0,-0.03533826415921748,0.48390725062146833,0.5192455147806858,1,0,0,0
balanced,8,160,2,3.9999999999999996,1,0.36716202460212255,0,-0.13336118260630103,0.3858843321743848,0.5192455147806858,1,0,0,0
balanced,8,161,2,3.9999999999999996,1,0.36716202460212255,0,-0.1533430784784079,0.3659024363022779,0.5192455147806858,1,0,0,0
balanced,8,162,2,3.9999999999999996,1,0.36716202460212255,0,-0.09627565513154845,0.42296985964913736,0.5192455147806858,1,0,0,0
balanced,8,163,2,3.9999999999999996,1,0.36716202460212266,0,0.1382734462071603,0.6575189609878461,0.5192455147806858,1,1,0,0
balanced,8,164,2,3.9999999999999996,1,0.3671620246021226,0,-0.006420047467894374,0.5128254673127914,0.5192455147806858,1,0,0,0
balanced,8,165,2,3.9999999999999996,1,0.36716202460212266,0,-0.09879147022801138,0.42045404455267443,0.5192455147806858,1,0,0,0
balanced,8,166,2,3.9999999999999996,1,0.36716202460212266,0,-0.02650737713738205,0.49273813764330365,0.5192455147806857,1,0,0,0
balanced,8,167,2,3.9999999999999996,1,0.36716202460212266,0,-0.042302468028055595,0.4769430467526301,0.5192455147806857,1,0,0,0
balanced,8,168,2,3.9999999999999996,1,0.36716202460212255,0,-0.01525078978311778,0.5039947249975679,0.5192455147806857,1,0,0,0
balanced,8,169,2,3.9999999999999996,1,0.36716202460212255,0,-0.1386591673384605,0.3805863474422253,0.5192455147806858,1,0,0,0
balanced,8,170,2,3.9999999999999996,1,0.36716202460212255,0,-0.19617468088092405,0.32307083389976166,0.5192455147806857,1,0,0,0
balanced,8,171,2,3.9999999999999996,1,0.36716202460212255,0,-0.11616826655992796,0.40307724822075786,0.5192455147806858,1,0,0,0
balanced,8,172,2,3.9999999999999996,1,0.36716202460212255,0,-0.14808379995905874,0.3711617148216271,0.5192455147806858,1,0,0,0
balanced,8,173,2,3.9999999999999996,1,0.3671620246021225,0,-0.14027153674559723,0.3789739780350885,0.5192455147806857,1,0,0,0
balanced,8,174,2,3.9999999999999996,1,0.36716202460212266,0,-0.07621179038272463,0.4430337243979612,0.5192455147806858,1,0,0,0
balanced,8,175,2,3.9999999999999996,1,0.36716202460212255,0,-0.13908845661372404,0.38015705816696166,0.5192455147806857,1,0,0,0
balanced,8,176,2,3.9999999999999996,1,0.36716202460212255,0,-0.08134660799711446,0.43789890678357135,0.5192455147806858,1,0,0,0
balanced,8,177,2,3.9999999999999996,1,0.36716202460212255,0,-0.11153776219324396,0.40770775258744185,0.5192455147806858,1,0,0,0
balanced,8,178,2,3.9999999999999996,1,0.36716202460212255,0,-0.049108275351238406,0.4701372394294474,0.5192455147806858,1,0,0,0
balanced,8,179,2,3.9999999999999996,1,0.36716202460212255,0,-0.22688239671944188,0.29236311806124393,0.5192455147806858,1,0,0,0
balanced,8,180,2,3.9999999999999996,1,0.36716202460212277,0,-0.05984496805350914,0.4594005467271767,0.5192455147806858,1,0,0,0
balanced,8,181,2,3.9999999999999996,1,0.36716202460212255,0,-0.20055959564346348,0.3186859191372222,0.5192455147806857,1,0,0,0
balanced,8,182,2,3.9999999999999996,1,0.36716202460212255,0,-0.035426259205721955,0.48381925557496386,0.5192455147806858,1,0,0,0
balanced,8,183,2,3.9999999999999996,1,0.36716202460212255,0,-0.016950944426971648,0.5022945703537142,0.5192455147806858,1,0,0,0
balanced,8,184,2,3.9999999999999996,1,0.36716202460212255,0,-0.14312561767482102,0.3761198971058648,0.5192455147806858,1,0,0,0
balanced,8,185,2,3.9999999999999996,1,0.36716202460212255,0,0.08728661617319033,0.6065321309538761,0.5192455147806858,1,1,0,0
balanced,8,186,2,3.9999999999999996,1,0.36716202460212244,0,-0.07235981232783006,0.44688570245285564,0.5192455147806857,1,0,0,0
balanced,8,187,2,3.9999999999999996,1,0.3671620246021226,0,0.08873060307318348,0.6079761178538692,0.5192455147806857,1,1,0,0
balanced,8,188,2,3.9999999999999996,1,0.36716202460212266,0,-0.226558337564856,0.2926871772158298,0.5192455147806858,1,0,0,0
balanced,8,189,2,3.9999999999999996,0,0.36716202460212255,0,0.12901398366076217,0.6482594984414479,0.5192455147806858,1,1,0,0
balanced,8,190,2,3.9999999999999996,1,0.3671620246021226,0,-0.03534119854264062,0.4839043162380452,0.5192455147806858,1,0,0,0
balanced,8,191,2,3.9999999999999996,1,0.36716202460212255,0,-0.11884238898279642,0.4004031257978894,0.5192455147806858,1,0,0,0
balanced,8,192,2,3.9999999999999996,1,0.36716202460212255,0,-0.11330011155713304,0.40594540322355277,0.5192455147806858,1,0,0,0
balanced,8,193,2,3.9999999999999996,1,0.36716202460212255,0,-0.022288333244403824,0.4969571815362819,0.5192455147806857,1,0,0,0
balanced,8,194,2,3.9999999999999996,1,0.3671620246021226,0,-0.0752819333247382,0.4439635814559476,0.5192455147806858,1,0,0,0
balanced,8,195,2,3.9999999999999996,1,0.36716202460212255,0,-0.01904092193419793,0.5002045928464879,0.5192455147806858,1,0,0,0
balanced,8,196,2,3.9999999999999996,1,0.3671620246021226,0,-0.11891607457891795,0.40032944020176786,0.5192455147806858,1,0,0,0
balanced,8,197,2,3.9999999999999996,1,0.36716202460212255,0,-0.15251322968345926,0.36673228509722655,0.5192455147806858,1,0,0,0
balanced,8,198,2,3.9999999999999996,1,0.36716202460212244,0,-0.043427761617427896,0.4758177531632578,0.5192455147806857,1,0,0,0
balanced,8,199,2,3.9999999999999996,1,0.36716202460212255,0,-0.05370435014455621,0.4655411646361296,0.5192455147806858,1,0,0,0
balanced,8,200,2,3.9999999999999996,1,0.36716202460212255,0,-0.03010844749283348,0.48913706728785233,0.5192455147806858,1,0,0,0
balanced,8,201,2,3.9999999999999996,1,0.36716202460212266,0,-0.08600261222061734,0.4332429025600685,0.5192455147806858,1,0,0,0
balanced,8,202,2,3.9999999999999996,1,0.3671620246021226,0,0.07698468984557738,0.5962302046262632,0.5192455147806858,1,1,0,0
balanced,8,203,2,3.9999999999999996,1,0.36716202460212255,0,-0.1325889765106094,0.3866565382700763,0.5192455147806857,1,0,0,0
balanced,8,204,2,3.9999999999999996,1,0.36716202460212244,0,-0.23382987071957406,0.28541564406111164,0.5192455147806857,1,0,0,0
balanced,8,205,2,3.9999999999999996,1,0.36716202460212255,0,-0.03225799044970379,0.4869875243309819,0.5192455147806857,1,0,0,0
balanced,8,206,2,3.9999999999999996,0,0.36716202460212255,0,-0.16708010719283195,0.35216540758785386,0.5192455147806858,1,0,0,0
balanced,8,207,2,3.9999999999999996,1,0.36716202460212266,0,-0.15487442701330623,0.3643710877673796,0.5192455147806858,1,0,0,0
balanced,8,208,2,3.9999999999999996,1,0.36716202460212255,0,-0.07310264483208617,0.44614286994859964,0.5192455147806858,1,0,0,0
balanced,8,209,2,3.9999999999999996,1,0.36716202460212255,0,0.10320905881545184,0.6224545735961377,0.5192455147806858,1,1,0,0
balanced,8,210,2,3.9999999999999996,1,0.36716202460212255,0,-0.20590626067789175,0.31333925410279395,0.5192455147806857,1,0,0,0
balanced,8,211,2,3.9999999999999996,1,0.36716202460212244,0,-0.02255445169331327,0.49669106308737243,0.5192455147806857,1,0,0,0
balanced,8,212,2,3.9999999999999996,1,0.3671620246021225,0,-0.010476796825581114,0.5087687179551046,0.5192455147806857,1,0,0,0
balanced,8,213,2,3.9999999999999996,1,0.36716202460212255,0,0.0878630220963389,0.6071085368770247,0.5192455147806858,1,1,0,0
balanced,8,214,2,3.9999999999999996,1,0.36716202460212266,0,-0.03087520219375528,0.48837031258693053,0.5192455147806858,1,0,0,0
balanced,8,215,2,3.9999999999999996,1,0.36716202460212255,0,0.01416277479743766,0.5334082895781234,0.5192455147806857,1,0,0,0
balanced,8,216,2,3.9999999999999996,1,0.36716202460212255,0,0.04349654899515443,0.5627420637758402,0.5192455147806858,1,0,0,0
balanced,8,217,2,3.9999999999999996,1,0.36716202460212255,0,0.10717885912966263,0.6264243739103484,0.5192455147806858,1,1,0,0
balanced,8,218,2,3.9999999999999996,1,0.36716202460212255,0,-0.051395176359883665,0.46785033842080215,0.5192455147806858,1,0,0,0
balanced,8,219,2,3.9999999999999996,1,0.36716202460212255,0,0.0028583087084491643,0.522103823489135,0.5192455147806858,1,0,0,0
balanced,8,220,2,3.9999999999999996,1,0.36716202460212255,0,0.059345020120278646,0.5785905349009645,0.5192455147806858,1,1,0,0
balanced,8,221,2,3.9999999999999996,1,0.36716202460212255,0,-0.0952220272077906,0.4240234875728952,0.5192455147806858,1,0,0,0
balanced,8,222,2,3.9999999999999996,1,0.36716202460212255,0,-0.07645557775551948,0.4427899370251662,0.5192455147806857,1,0,0,0
balanced,8,223,2,3.9999999999999996,1,0.36716202460212266,0,-0.02011978118789981,0.4991257335927859,0.5192455147806857,1,0,0,0
balanced,8,224,2,3.9999999999999996,1,0.36716202460212255,0,-0.18497756771269525,0.33426794706799057,0.5192455147806858,1,0,0,0
balanced,8,225,2,3.9999999999999996,1,0.36716202460212266,0,-0.09147812222797935,0.42776739255270646,0.5192455147806858,1,0,0,0
balanced,8,226,2,3.9999999999999996,1,0.3671620246021225,0,0.11157047487471106,0.6308159896553969,0.5192455147806858,1,1,0,0
balanced,8,227,2,3.9999999999999996,1,0.36716202460212244,0,-0.21417724217950518,0.3050682726011805,0.5192455147806857,1,0,0,0
balanced,8,228,2,3.9999999999999996,1,0.36716202460212266,0,0.07834290472226457,0.5975884195029504,0.5192455147806858,1,1,0,0
balanced,8,229,2,3.9999999999999996,1,0.36716202460212255,0,-0.051727546988436846,0.46751796779224897,0.5192455147806858,1,0,0,0
balanced,8,230,2,3.9999999999999996,1,0.36716202460212255,0,-0.06490735804143577,0.45433815673924993,0.5192455147806857,1,0,0,0
balanced,8,231,2,3.9999999999999996,1,0.36716202460212266,0,-0.08827430216233856,0.43097121261834714,0.5192455147806857,1,0,0,0
balanced,8,232,2,3.9999999999999996,1,0.36716202460212266,0,-0.1552802750210811,0.3639652397596047,0.5192455147806858,1,0,0,0
balanced,8,233,2,3.9999999999999996,1,0.36716202460212255,0,-0.12734852503512872,0.3918969897455571,0.5192455147806858,1,0,0,0
balanced,8,234,2,3.9999999999999996,1,0.36716202460212255,0,0.023815681134605637,0.5430611959152913,0.5192455147806857,1,0,0,0
balanced,8,235,2,3.9999999999999996,1,0.36716202460212255,0,-0.024614468572609627,0.4946310462080762,0.5192455147806858,1,0,0,0
balanced,8,236,2,3.9999999999999996,1,0.36716202460212255,0,-0.16995301239969363,0.3492925023809922,0.5192455147806858,1,0,0,0
balanced,8,237,2,3.9999999999999996,1,0.36716202460212255,0,-0.18331769036155032,0.3359278244191355,0.5192455147806858,1,0,0,0
balanced,8,238,2,3.9999999999999996,1,0.36716202460212255,0,-0.1703903260006875,0.3488551887799982,0.5192455147806857,1,0,0,0
balanced,8,239,2,3.9999999999999996,1,0.3671620246021225,0,0.03317217198607747,0.5524176867667633,0.5192455147806858,1,0,0,0
balanced,8,240,2,3.9999999999999996,1,0.36716202460212266,0,-0.22197139934212884,0.297274115438557,0.5192455147806858,1,0,0,0
balanced,8,241,2,3.9999999999999996,1,0.36716202460212255,0,0.019678839347366472,0.5389243541280523,0.5192455147806858,1,0,0,0
balanced,8,242,2,3.9999999999999996,0,0.36716202460212255,0,-0.19904748922222038,0.32019802555846544,0.5192455147806858,1,0,0,0
balanced,8,243,2,3.9999999999999996,1,0.36716202460212255,0,-0.10238869497625536,0.41685681980443046,0.5192455147806858,1,0,0,0
balanced,8,244,2,3.9999999999999996,1,0.36716202460212255,0,0.04071342586452065,0.5599589406452063,0.5192455147806857,1,0,0,0
balanced,8,245,2,3.9999999999999996,1,0.36716202460212255,0,-0.0777488048409467,0.4414967099397391,0.5192455147806858,1,0,0,0
balanced,8,246,2,3.9999999999999996,1,0.36716202460212255,0,0.09230536269303491,0.6115508774737206,0.5192455147806857,1,1,0,0
balanced,8,247,2,3.9999999999999996,1,0.36716202460212244,0,-0.10844903670184969,0.410796478078836,0.5192455147806857,1,0,0,0
balanced,8,248,2,3.9999999999999996,1,0.3671620246021224,0,0.0486676361828241,0.5679131509635098,0.5192455147806857,1,0,0,0
balanced,8,249,2,3.9999999999999996,1,0.36716202460212255,0,-0.001822842347986131,0.5174226724326996,0.5192455147806857,1,0,0,0
balanced,8,250,2,3.9999999999999996,1,0.36716202460212255,0,-0.09430377141363666,0.42494174336704904,0.5192455147806857,1,0,0,0
balanced,8,251,2,3.9999999999999996,1,0.36716202460212266,0,-0.16838995921625144,0.3508555555644344,0.5192455147806858,1,0,0,0
balanced,8,252,2,3.9999999999999996,1,0.36716202460212255,0,0.12206126147895457,0.6413067762596404,0.5192455147806858,1,1,0,0
balanced,8,253,2,3.9999999999999996,1,0.36716202460212255,0,0.023699325581308384,0.5429448403619942,0.5192455147806858,1,0,0,0
balanced,8,254,2,3.9999999999999996,1,0.36716202460212255,0,-0.1687239221966097,0.3505215925840761,0.5192455147806858,1,0,0,0
balanced,8,255,2,3.9999999999999996,1,0.36716202460212244,0,-0.12370570240607326,0.39553981237461244,0.5192455147806857,1,0,0,0
balanced,8,256,2,3.9999999999999996,0,0.36716202460212266,0,-0.13756831466981012,0.3816772001108757,0.5192455147806858,1,0,0,0
balanced,8,257,2,3.9999999999999996,0,0.36716202460212255,0,-0.30448752618977537,0.21475798859091044,0.5192455147806858,1,0,0,0
balanced,8,258,2,3.9999999999999996,1,0.36716202460212266,0,-0.06772650578494765,0.45151900899573816,0.5192455147806858,1,0,0,0
balanced,8,259,2,3.9999999999999996,1,0.36716202460212255,0,-0.17519786178127117,0.34404765299941464,0.5192455147806858,1,0,0,0
balanced,8,260,2,3.9999999999999996,1,0.36716202460212255,0,-0.13814130813995285,0.38110420664073297,0.5192455147806858,1,0,0,0
balanced,8,261,2,3.9999999999999996,1,0.36716202460212244,0,0.11417534349924852,0.6334208582799343,0.5192455147806858,1,1,0,0
balanced,8,262,2,3.9999999999999996,1,0.36716202460212244,0,0.058203605534829395,0.5774491203155151,0.5192455147806857,1,1,0,0
balanced,8,263,2,3.9999999999999996,1,0.36716202460212255,0,-0.005098520117625127,0.5141469946630606,0.5192455147806857,1,0,0,0
balanced,8,264,2,3.9999999999999996,1,0.36716202460212266,0,-0.19047570801176827,0.32876980676891754,0.5192455147806858,1,0,0,0
balanced,8,265,2,3.9999999999999996,1,0.36716202460212255,0,-0.08490317250599622,0.4343423422746895,0.5192455147806857,1,0,0,0
balanced,8,266,2,3.9999999999999996,1,0.36716202460212255,0,-0.2393846505218673,0.2798608642588185,0.5192455147806858,1,0,0,0
balanced,8,267,2,3.9999999999999996,1,0.36716202460212255,0,-0.10097320836139667,0.41827230641928914,0.5192455147806858,1,0,0,0
balanced,8,268,2,3.9999999999999996,1,0.36716202460212255,0,0.11652420761080828,0.6357697223914941,0.5192455147806858,1,1,0,0
balanced,8,269,2,3.9999999999999996,1,0.36716202460212244,0,-0.17026673632974632,0.3489787784509393,0.5192455147806856,1,0,0,0
balanced,8,270,2,3.9999999999999996,1,0.36716202460212255,0,-0.13226235263304575,0.38698316214763995,0.5192455147806857,1,0,0,0
balanced,8,271,2,3.9999999999999996,1,0.36716202460212266,0,-0.11637440365042262,0.4028711111302632,0.5192455147806858,1,0,0,0
balanced,8,272,2,3.9999999999999996,1,0.36716202460212266,0,-0.14158060431656427,0.37766491046412154,0.5192455147806858,1,0,0,0
balanced,8,273,2,3.9999999999999996,1,0.3671620246021225,0,-0.10926958698317624,0.40997592779750947,0.5192455147806857,1,0,0,0
balanced,8,274,2,3.9999999999999996,1,0.36716202460212255,0,0.014806323848844394,0.5340518386295301,0.5192455147806857,1,0,0,0
balanced,8,275,2,3.9999999999999996,1,0.36716202460212244,0,-0.04403183271930344,0.47521368206138226,0.5192455147806857,1,0,0,0
balanced,8,276,2,3.9999999999999996,1,0.36716202460212266,0,-0.07315048626739562,0.4460950285132902,0.5192455147806858,1,0,0,0
balanced,8,277,2,3.9999999999999996,1,0.36716202460212266,0,-0.027622009587102037,0.4916235051935838,0.5192455147806858,1,0,0,0
balanced,8,278,2,3.9999999999999996,1,0.36716202460212244,0,-0.14758322093839538,0.3716622938422903,0.5192455147806857,1,0,0,0
balanced,8,279,2,3.9999999999999996,1,0.36716202460212244,0,0.12088256157309418,0.6401280763537799,0.5192455147806857,1,1,0,0
balanced,8,280,2,3.9999999999999996,1,0.36716202460212255,0,0.09551964791638456,0.6147651626970704,0.5192455147806858,1,1,0,0
balanced,8,281,2,3.9999999999999996,1,0.3671620246021226,0,0.07116086084129558,0.5904063756219814,0.5192455147806858,1,1,0,0
balanced,8,282,2,3.9999999999999996,1,0.3671620246021227,0,-0.11526957392429993,0.4039759408563859,0.5192455147806858,1,0,0,0
balanced,8,283,2,3.9999999999999996,1,0.36716202460212255,0,0.133618673672954,0.6528641884536397,0.5192455147806857,1,1,0,0
balanced,8,284,2,3.9999999999999996,1,0.36716202460212266,0,-0.16301517294550516,0.35623034183518065,0.5192455147806858,1,0,0,0
balanced,8,285,2,3.9999999999999996,1,0.36716202460212255,0,-0.0019635015847031534,0.5172820131959825,0.5192455147806857,1,0,0,0
balanced,8,286,2,3.9999999999999996,1,0.36716202460212255,0,-0.19617998395369818,0.32306553082698763,0.5192455147806858,1,0,0,0
balanced,8,287,2,3.9999999999999996,1,0.36716202460212255,0,-0.08765712127585001,0.4315883935048358,0.5192455147806858,1,0,0,0
balanced,8,288,2,3.9999999999999996,1,0.36716202460212255,0,-0.13730903847469855,0.38193647630598726,0.5192455147806858,1,0,0,0
balanced,8,289,2,3.9999999999999996,1,0.36716202460212277,0,-0.02687245114379866,0.49237306363688715,0.5192455147806858,1,0,0,0
balanced,8,290,2,3.9999999999999996,1,0.36716202460212255,0,-0.10480754284421945,0.41443797193646637,0.5192455147806858,1,0,0,0
balanced,8,291,2,3.9999999999999996,1,0.36716202460212266,0,-0.08113825141135911,0.4381072633693267,0.5192455147806858,1,0,0,0
balanced,8,292,2,3.9999999999999996,1,0.36716202460212255,0,-0.06339928560555586,0.45584622917512985,0.5192455147806857,1,0,0,0
balanced,8,293,2,3.9999999999999996,1,0.36716202460212244,0,0.017612773256255432,0.5368582880369411,0.5192455147806857,1,0,0,0
balanced,8,294,2,3.9999999999999996,1,0.36716202460212255,0,-0.024520380605035585,0.4947251341756501,0.5192455147806857,1,0,0,0
balanced,8,295,2,3.9999999999999996,1,0.36716202460212255,0,0.09148270125193747,0.6107282160326233,0.5192455147806858,1,1,0,0
balanced,8,296,2,3.9999999999999996,1,0.36716202460212255,0,-0.11437621068741988,0.40486930409326594,0.5192455147806858,1,0,0,0
balanced,8,297,2,3.9999999999999996,1,0.36716202460212244,0,-0.13004089290232146,0.38920462187836424,0.5192455147806857,1,0,0,0
balanced,8,298,2,3.9999999999999996,1,0.36716202460212266,0,-0.05019545035047046,0.46905006443021535,0.5192455147806858,1,0,0,0
balanced,8,299,2,3.9999999999999996,1,0.36716202460212244,0,-0.046335466442852136,0.47291004833783357,0.5192455147806857,1,0,0,0
balanced,32,0,2,15.999999999999998,1,0.18358101230106116,0,0.03755840902348051,0.29718116641382325,0.25962275739034274,1,0,0,0
balanced,32,1,2,15.999999999999998,1,0.18358101230106127,0,0.08500626216941148,0.3446290195597543,0.2596227573903428,1,1,0,0
balanced,32,2,2,15.999999999999998,1,0.18358101230106116,0,0.05976098347401748,0.31938374086436033,0.25962275739034285,1,1,0,0
balanced,32,3,2,15.999999999999998,1,0.18358101230106127,0,0.02164779365066083,0.2812705510410036,0.2596227573903428,1,0,0,0
balanced,32,4,2,15.999999999999998,1,0.18358101230106127,0,0.1100257115460383,0.3696484689363811,0.2596227573903428,1,1,0,0
balanced,32,5,2,15.999999999999998,1,0.18358101230106127,0,0.05059058557321683,0.3102133429635596,0.2596227573903428,1,1,0,0
balanced,32,6,2,15.999999999999998,1,0.18358101230106127,0,0.04284754350963016,0.30247030089997295,0.2596227573903428,1,0,0,0
balanced,32,7,2,15.999999999999998,1,0.18358101230106116,0,0.14529306617862736,0.40491582356897016,0.2596227573903428,1,1,0,0
balanced,32,8,2,15.999999999999998,1,0.18358101230106105,0,0.07722078567995933,0.3368435430703021,0.2596227573903428,1,1,0,0
balanced,32,9,2,15.999999999999998,1,0.18358101230106116,0,0.10420627910169061,0.3638290364920334,0.2596227573903428,1,1,0,0
balanced,32,10,2,15.999999999999998,1,0.18358101230106127,0,0.11771957427585272,0.3773423316661955,0.2596227573903428,1,1,0,0
balanced,32,11,2,15.999999999999998,1,0.18358101230106127,0,0.05276736879529553,0.31239012618563833,0.2596227573903428,1,1,0,0
balanced,32,12,2,15.999999999999998,1,0.18358101230106127,0,0.09357104823490642,0.3531938056252492,0.2596227573903428,1,1,0,0
balanced,32,13,2,15.999999999999998,1,0.18358101230106127,0,0.07065088116979723,0.33027363856014,0.2596227573903428,1,1,0,0
balanced,32,14,2,15.999999999999998,1,0.18358101230106127,0,0.12449799591095168,0.38412075330129447,0.2596227573903428,1,1,0,0
balanced,32,15,2,15.999999999999998,1,0.18358101230106127,0,0.1528436696358924,0.4124664270262352,0.2596227573903428,1,1,0,0
balanced,32,16,2,15.999999999999998,1,0.18358101230106127,0,0.12776944809997054,0.38739220549031333,0.2596227573903428,1,1,0,0
balanced,32,17,2,15.999999999999998,1,0.18358101230106116,0,0.12313859569032787,0.38276135308067066,0.2596227573903428,1,1,0,0
balanced,32,18,2,15.999999999999998,1,0.18358101230106116,0,0.10509520720974092,0.3647179646000837,0.2596227573903428,1,1,0,0
balanced,32,19,2,15.999999999999998,1,0.18358101230106127,0,0.15103498357744782,0.4106577409677906,0.2596227573903428,1,1,0,0
balanced,32,20,2,15.999999999999998,1,0.18358101230106105,0,0.14152167450683484,0.40114443189717763,0.2596227573903428,1,1,0,0
balanced,32,21,2,15.999999999999998,1,0.18358101230106127,0,0.0673062870025633,0.3269290443929061,0.2596227573903428,1,1,0,0
balanced,32,22,2,15.999999999999998,1,0.18358101230106116,0,0.11486728342325286,0.37449004081359566,0.2596227573903428,1,1,0,0
balanced,32,23,2,15.999999999999998,1,0.18358101230106127,0,0.08356867553697117,0.34319143292731397,0.2596227573903428,1,1,0,0
balanced,32,24,2,15.999999999999998,1,0.18358101230106127,0,0.1065276170324369,0.3661503744227797,0.2596227573903428,1,1,0,0
balanced,32,25,2,15.999999999999998,1,0.18358101230106116,0,0.051880874567785396,0.3115036319581282,0.2596227573903428,1,1,0,0
balanced,32,26,2,15.999999999999998,1,0.18358101230106116,0,0.11585077380692055,0.37547353119726334,0.2596227573903428,1,1,0,0
balanced,32,27,2,15.999999999999998,0,0.18358101230106127,0,0.19845434130294481,0.4580770986932876,0.2596227573903428,1,1,0,0
balanced,32,28,2,15.999999999999998,1,0.18358101230106116,0,0.04529086755066969,0.3049136249410125,0.2596227573903428,1,0,0,0
balanced,32,29,2,15.999999999999998,1,0.18358101230106127,0,0.008697475699919077,0.2683202330902618,0.25962275739034274,1,0,0,0
balanced,32,30,2,15.999999999999998,1,0.18358101230106127,0,-0.03418124528459271,0.22544151210575009,0.2596227573903428,1,0,0,0
balanced,32,31,2,15.999999999999998,1,0.18358101230106116,0,0.10276571180072058,0.3623884691910634,0.2596227573903428,1,1,0,0
balanced,32,32,2,15.999999999999998,1,0.18358101230106127,0,0.1343753787731199,0.3939981361634627,0.2596227573903428,1,1,0,0
balanced,32,33,2,15.999999999999998,1,0.18358101230106127,0,0.02983823672501934,0.28946099411536214,0.2596227573903428,1,0,0,0
balanced,32,34,2,15.999999999999998,1,0.18358101230106127,0,0.021950594005910595,0.2815733513962534,0.2596227573903428,1,0,0,0
balanced,32,35,2,15.999999999999998,0,0.18358101230106116,0,0.14644683651882556,0.40606959390916836,0.2596227573903428,1,1,0,0
balanced,32,36,2,15.999999999999998,1,0.18358101230106127,0,0.067897815270055,0.32752057266039786,0.25962275739034285,1,1,0,0
balanced,32,37,2,15.999999999999998,1,0.18358101230106105,0,0.02436373527545599,0.2839864926657988,0.2596227573903428,1,0,0,0
balanced,32,38,2,15.999999999999998,1,0.18358101230106116,0,0.04470642598134278,0.3043291833716856,0.2596227573903428,1,0,0,0
balanced,32,39,2,15.999999999999998,1,0.18358101230106116,0,0.01566294523762346,0.2752857026279662,0.25962275739034274,1,0,0,0
balanced,32,40,2,15.999999999999998,1,0.18358101230106127,0,0.09241801327635024,0.35204077066669304,0.2596227573903428,1,1,0,0
balanced,32,41,2,15.999999999999998,1,0.18358101230106127,0,0.07680057251621791,0.3364233299065607,0.2596227573903428,1,1,0,0
balanced,32,42,2,15.999999999999998,1,0.18358101230106127,0,0.06345962884164691,0.32308238623198976,0.25962275739034285,1,1,0,0
balanced,32,43,2,15.999999999999998,1,0.18358101230106127,0,0.13239784551172284,0.39202060290206564,0.2596227573903428,1,1,0,0
balanced,32,44,2,15.999999999999998,0,0.18358101230106127,0,-0.013357910532693862,0.246264846857649,0.25962275739034285,1,0,0,0
balanced,32,45,2,15.999999999999998,1,0.18358101230106127,0,0.05155543073891261,0.3111781881292554,0.2596227573903428,1,1,0,0
balanced,32,46,2,15.999999999999998,1,0.18358101230106127,0,0.04999985104500393,0.3096226084353467,0.2596227573903428,1,0,0,0
balanced,32,47,2,15.999999999999998,1,0.18358101230106116,0,-0.032269656133101454,0.2273531012572414,0.25962275739034285,1,0,0,0
balanced,32,48,2,15.999999999999998,1,0.18358101230106127,0,0.1035475146791236,0.3631702720694664,0.2596227573903428,1,1,0,0
balanced,32,49,2,15.999999999999998,0,0.18358101230106127,0,0.01021211271051059,0.26983487010085333,0.25962275739034274,1,0,0,0
balanced,32,50,2,15.999999999999998,1,0.18358101230106116,0,0.017329289429810713,0.27695204682015356,0.25962275739034285,1,0,0,0
balanced,32,51,2,15.999999999999998,1,0.18358101230106127,0,0.15832743850602327,0.41795019589636606,0.2596227573903428,1,1,0,0
balanced,32,52,2,15.999999999999998,1,0.18358101230106127,0,0.059022551644897,0.31864530903523985,0.25962275739034285,1,1,0,0
balanced,32,53,2,15.999999999999998,1,0.18358101230106116,0,0.12384000705724368,0.3834627644475865,0.2596227573903428,1,1,0,0
balanced,32,54,2,15.999999999999998,1,0.18358101230106127,0,0.069330177685209,0.3289529350755518,0.2596227573903428,1,1,0,0
balanced,32,55,2,15.999999999999998,1,0.18358101230106127,0,0.03655346495640016,0.296176222346743,0.25962275739034285,1,0,0,0
balanced,32,56,2,15.999999999999998,1,0.18358101230106116,0,0.0542026157986768,0.3138253731890196,0.2596227573903428,1,1,0,0
balanced,32,57,2,15.999999999999998,0,0.18358101230106127,0,0.05902187264427794,0.3186446300346208,0.25962275739034285,1,1,0,0
balanced,32,58,2,15.999999999999998,1,0.18358101230106105,0,0.05233074119795478,0.3119534985882976,0.2596227573903428,1,1,0,0
balanced,32,59,2,15.999999999999998,1,0.18358101230106116,0,0.1639841157316448,0.4236068731219876,0.2596227573903428,1,1,0,0
balanced,32,60,2,15.999999999999998,1,0.18358101230106127,0,0.027518703258680333,0.2871414606490231,0.25962275739034274,1,0,0,0
balanced,32,61,2,15.999999999999998,1,0.18358101230106127,0,0.05975508515398337,0.31937784254432616,0.2596227573903428,1,1,0,0
balanced,32,62,2,15.999999999999998,1,0.18358101230106127,0,0.053591630833606685,0.3132143882239495,0.2596227573903428,1,1,0,0
balanced,32,63,2,15.999999999999998,1,0.18358101230106127,0,-0.047882175625281465,0.21174058176506133,0.2596227573903428,1,0,0,0
balanced,32,64,2,15.999999999999998,1,0.18358101230106127,0,0.055603982869939006,0.31522674026028186,0.25962275739034285,1,1,0,0
balanced,32,65,2,15.999999999999998,1,0.18358101230106127,0,0.09451059450635019,0.354133351896693,0.2596227573903428,1,1,0,0
balanced,32,66,2,15.999999999999998,1,0.18358101230106116,0,0.11899134964794889,0.3786141070382917,0.2596227573903428,1,1,0,0
balanced,32,67,2,15.999999999999998,1,0.18358101230106127,0,-0.028718608585880323,0.23090414880446253,0.25962275739034285,1,0,0,0
balanced,32,68,2,15.999999999999998,1,0.18358101230106127,0,0.018734719020389257,0.2783574764107321,0.25962275739034285,1,0,0,0
balanced,32,69,2,15.999999999999998,1,0.18358101230106127,0,0.12246024714894582,0.3820830045392886,0.2596227573903428,1,1,0,0
balanced,32,70,2,15.999999999999998,1,0.18358101230106105,0,0.18368163776590057,0.44330439515624337,0.2596227573903428,1,1,0,0
balanced,32,71,2,15.999999999999998,1,0.18358101230106127,0,0.09343097153018426,0.35305372892052705,0.2596227573903428,1,1,0,0
balanced,32,72,2,15.999999999999998,1,0.18358101230106116,0,0.10373706290890411,0.3633598202992469,0.2596227573903428,1,1,0,0
balanced,32,73,2,15.999999999999998,1,0.18358101230106127,0,-0.00627699968440204,0.2533457577059408,0.25962275739034285,1,0,0,0
balanced,32,74,2,15.999999999999998,1,0.18358101230106127,0,0.0888971931426929,0.3485199505330357,0.2596227573903428,1,1,0,0
balanced,32,75,2,15.999999999999998,1,0.18358101230106116,0,0.1398107204076694,0.3994334777980122,0.2596227573903428,1,1,0,0
balanced,32,76,2,15.999999999999998,1,0.18358101230106127,0,0.06884404914373954,0.3284668065340824,0.25962275739034285,1,1,0,0
balanced,32,77,2,15.999999999999998,1,0.18358101230106127,0,0.061050209286460266,0.32067296667680306,0.2596227573903428,1,1,0,0
balanced,32,78,2,15.999999999999998,0,0.18358101230106127,0,-0.08636797239023847,0.17325478500010433,0.2596227573903428,0,0,0,0
balanced,32,79,2,15.999999999999998,1,0.18358101230106127,0,0.06442736262279275,0.32405012001313555,0.2596227573903428,1,1,0,0
balanced,32,80,2,15.999999999999998,1,0.18358101230106116,0,0.10476639155047279,0.3643891489408156,0.2596227573903428,1,1,0,0
balanced,32,81,2,15.999999999999998,1,0.18358101230106127,0,0.06642095273464144,0.32604371012498423,0.2596227573903428,1,1,0,0
balanced,32,82,2,15.999999999999998,1,0.18358101230106116,0,0.15762880764403703,0.4172515650343798,0.2596227573903428,1,1,0,0
balanced,32,83,2,15.999999999999998,1,0.18358101230106116,0,0.05060748140155574,0.31023023879189854,0.2596227573903428,1,1,0,0
balanced,32,84,2,15.999999999999998,1,0.18358101230106105,0,0.0021574671762008,0.26178022456654354,0.25962275739034274,1,0,0,0
balanced,32,85,2,15.999999999999998,0,0.18358101230106127,0,-0.07951229435834767,0.18011046303199518,0.25962275739034285,0,0,0,0
balanced,32,86,2,15.999999999999998,1,0.18358101230106127,0,0.17476360760558107,0.43438636499592387,0.2596227573903428,1,1,0,0
balanced,32,87,2,15.999999999999998,1,0.18358101230106127,0,-0.028939129541399045,0.2306836278489438,0.25962275739034285,1,0,0,0
balanced,32,88,2,15.999999999999998,1,0.18358101230106116,0,0.01918466309574468,0.27880742048608753,0.25962275739034285,1,0,0,0
balanced,32,89,2,15.999999999999998,1,0.18358101230106116,0,0.10126584170622105,0.36088859909656384,0.2596227573903428,1,1,0,0
balanced,32,90,2,15.999999999999998,1,0.18358101230106116,0,0.05649697026326839,0.3161197276536112,0.2596227573903428,1,1,0,0
balanced,32,91,2,15.999999999999998,1,0.18358101230106127,0,0.07169493567386531,0.3313176930642081,0.2596227573903428,1,1,0,0
balanced,32,92,2,15.999999999999998,1,0.18358101230106127,0,0.06977441902063702,0.3293971764109798,0.2596227573903428,1,1,0,0
balanced,32,93,2,15.999999999999998,1,0.18358101230106105,0,-0.003617583734546903,0.25600517365579584,0.25962275739034274,1,0,0,0
balanced,32,94,2,15.999999999999998,0,0.18358101230106127,0,0.09419155815582714,0.3538143155461699,0.25962275739034274,1,1,0,0
balanced,32,95,2,15.999999999999998,1,0.18358101230106127,0,0.04519300393842268,0.3048157613287655,0.2596227573903428,1,0,0,0
balanced,32,96,2,15.999999999999998,1,0.18358101230106127,0,0.10340192545692106,0.36302468284726386,0.2596227573903428,1,1,0,0
balanced,32,97,2,15.999999999999998,1,0.18358101230106116,0,0.05107819722618928,0.3107009546165321,0.2596227573903428,1,1,0,0
balanced,32,98,2,15.999999999999998,1,0.18358101230106127,0,0.06935117745420927,0.328973934844552,0.25962275739034274,1,1,0,0
balanced,32,99,2,15.999999999999998,1,0.18358101230106116,0,0.07018782537449852,0.3298105827648413,0.2596227573903428,1,1,0,0
balanced,32,100,2,15.999999999999998,1,0.18358101230106127,0,0.020012393383172955,0.2796351507735157,0.25962275739034274,1,0,0,0
balanced,32,101,2,15.999999999999998,1,0.18358101230106127,0,0.10859949166549282,0.3682222490558356,0.2596227573903428,1,1,0,0
balanced,32,102,2,15.999999999999998,1,0.18358101230106127,0,0.11449128488397908,0.37411404227432193,0.25962275739034285,1,1,0,0
balanced,32,103,2,15.999999999999998,1,0.18358101230106116,0,0.12111197023639325,0.38073472762673605,0.2596227573903428,1,1,0,0
balanced,32,104,2,15.999999999999998,1,0.18358101230106116,0,0.15026250447630457,0.40988526186664737,0.2596227573903428,1,1,0,0
balanced,32,105,2,15.999999999999998,1,0.18358101230106127,0,0.17201891580981488,0.43164167320015767,0.2596227573903428,1,1,0,0
balanced,32,106,2,15.999999999999998,1,0.18358101230106127,0,0.0043531107777805,0.26397586816812335,0.25962275739034285,1,0,0,0
balanced,32,107,2,15.999999999999998,0,0.18358101230106116,0,-0.054711704434857955,0.20491105295548478,0.25962275739034274,1,0,0,0
balanced,32,108,2,15.999999999999998,1,0.18358101230106105,0,0.05566837102325306,0.31529112841359586,0.2596227573903428,1,1,0,0
balanced,32,109,2,15.999999999999998,1,0.18358101230106127,0,0.001350083710969785,0.26097284110131264,0.25962275739034285,1,0,0,0
balanced,32,110,2,15.999999999999998,1,0.18358101230106127,0,0.12453197883375894,0.38415473622410173,0.2596227573903428,1,1,0,0
balanced,32,111,2,15.999999999999998,1,0.18358101230106116,0,0.10513538965448138,0.3647581470448242,0.2596227573903428,1,1,0,0
balanced,32,112,2,15.999999999999998,1,0.18358101230106116,0,-0.016876169050780543,0.24274658833956225,0.2596227573903428,1,0,0,0
balanced,32,113,2,15.999999999999998,1,0.18358101230106127,0,0.04023783727063657,0.2998605946609794,0.25962275739034285,1,0,0,0
balanced,32,114,2,15.999999999999998,1,0.18358101230106127,0,0.09039217543253131,0.3500149328228741,0.2596227573903428,1,1,0,0
balanced,32,115,2,15.999999999999998,1,0.18358101230106116,0,0.049620243184110624,0.3092430005744534,0.2596227573903428,1,0,0,0
balanced,32,116,2,15.999999999999998,1,0.18358101230106116,0,0.15991976373798328,0.4195425211283261,0.2596227573903428,1,1,0,0
balanced,32,117,2,15.999999999999998,1,0.18358101230106127,0,0.11532847719558453,0.37495123458592733,0.2596227573903428,1,1,0,0
balanced,32,118,2,15.999999999999998,1,0.18358101230106116,0,0.009768563139217035,0.2693913205295598,0.25962275739034274,1,0,0,0
balanced,32,119,2,15.999999999999998,0,0.18358101230106127,0,-0.10516961433983413,0.15445314305050867,0.2596227573903428,0,0,0,0
balanced,32,120,2,15.999999999999998,1,0.18358101230106127,0,0.04310730048682487,0.30273005787716767,0.2596227573903428,1,0,0,0
balanced,32,121,2,15.999999999999998,1,0.18358101230106127,0,0.05994953735538483,0.3195722947457276,0.2596227573903428,1,1,0,0
balanced,32,122,2,15.999999999999998,0,0.18358101230106127,0,0.03975362982546582,0.29937638721580856,0.25962275739034274,1,0,0,0
balanced,32,123,2,15.999999999999998,1,0.18358101230106127,0,0.07599557265016399,0.3356183300405068,0.2596227573903428,1,1,0,0
balanced,32,124,2,15.999999999999998,0,0.18358101230106127,0,0.1453796898303651,0.4050024472207079,0.2596227573903428,1,1,0,0
balanced,32,125,2,15.999999999999998,1,0.18358101230106127,0,0.062418874656813284,0.32204163204715613,0.25962275739034285,1,1,0,0
balanced,32,126,2,15.999999999999998,1,0.18358101230106127,0,0.06099871630312376,0.32062147369346655,0.2596227573903428,1,1,0,0
balanced,32,127,2,15.999999999999998,1,0.18358101230106116,0,0.07541762637324123,0.33504038376358397,0.25962275739034274,1,1,0,0
balanced,32,128,2,15.999999999999998,1,0.18358101230106127,0,0.045095334277060584,0.30471809166740343,0.25962275739034285,1,0,0,0
balanced,32,129,2,15.999999999999998,1,0.18358101230106116,0,0.08742566364830023,0.34704842103864303,0.2596227573903428,1,1,0,0
balanced,32,130,2,15.999999999999998,1,0.18358101230106127,0,0.013036066658289991,0.27265882404863284,0.25962275739034285,1,0,0,0
balanced,32,131,2,15.999999999999998,1,0.18358101230106116,0,0.05093773693502257,0.31056049432536537,0.2596227573903428,1,1,0,0
balanced,32,132,2,15.999999999999998,1,0.18358101230106116,0,0.10015550042996729,0.3597782578203101,0.2596227573903428,1,1,0,0
balanced,32,133,2,15.999999999999998,1,0.18358101230106127,0,0.01323900027929048,0.2728617576696333,0.2596227573903428,1,0,0,0
balanced,32,134,2,15.999999999999998,1,0.18358101230106116,0,-0.017450052909060598,0.24217270448128225,0.25962275739034285,1,0,0,0
balanced,32,135,2,15.999999999999998,1,0.18358101230106127,0,0.13556153642892887,0.39518429381927167,0.2596227573903428,1,1,0,0
balanced,32,136,2,15.999999999999998,1,0.18358101230106116,0,0.044913896107521056,0.30453665349786385,0.2596227573903428,1,0,0,0
balanced,32,137,2,15.999999999999998,1,0.18358101230106105,0,0.07208326952083266,0.33170602691117546,0.2596227573903428,1,1,0,0
balanced,32,138,2,15.999999999999998,1,0.18358101230106127,0,0.04696133197066543,0.3065840893610083,0.25962275739034285,1,0,0,0
balanced,32,139,2,15.999999999999998,1,0.18358101230106105,0,0.08973054003447539,0.3493532974248182,0.2596227573903428,1,1,0,0
balanced,32,140,2,15.999999999999998,0,0.18358101230106105,0,-0.023612948463327732,0.236009808927015,0.25962275739034274,1,0,0,0
balanced,32,141,2,15.999999999999998,1,0.18358101230106127,0,0.06726927633414426,0.32689203372448705,0.2596227573903428,1,1,0,0
balanced,32,142,2,15.999999999999998,1,0.18358101230106127,0,0.05892481515986869,0.3185475725502115,0.2596227573903428,1,1,0,0
balanced,32,143,2,15.999999999999998,1,0.18358101230106127,0,0.15271251152246407,0.41233526891280686,0.2596227573903428,1,1,0,0
balanced,32,144,2,15.999999999999998,1,0.18358101230106127,0,0.037849499044655954,0.29747225643499875,0.2596227573903428,1,0,0,0
balanced,32,145,2,15.999999999999998,1,0.18358101230106116,0,0.048305445539873704,0.30792820293021655,0.25962275739034285,1,0,0,0
balanced,32,146,2,15.999999999999998,0,0.18358101230106127,0,0.08338475470432438,0.3430075120946671,0.25962275739034274,1,1,0,0
balanced,32,147,2,15.999999999999998,1,0.18358101230106116,0,-0.02514120517517454,0.23448155221516825,0.2596227573903428,1,0,0,0
balanced,32,148,2,15.999999999999998,1,0.18358101230106127,0,0.11222742536315072,0.3718501827534935,0.2596227573903428,1,1,0,0
balanced,32,149,2,15.999999999999998,1,0.18358101230106116,0,0.06852963289247987,0.32815239028282267,0.2596227573903428,1,1,0,0
balanced,32,150,2,15.999999999999998,1,0.18358101230106127,0,-0.0024013558975990446,0.25722140149274375,0.2596227573903428,1,0,0,0
balanced,32,151,2,15.999999999999998,1,0.18358101230106116,0,0.07647575234325754,0.3360985097336003,0.25962275739034274,1,1,0,0
balanced,32,152,2,15.999999999999998,1,0.18358101230106116,0,0.05383235588217161,0.3134551132725144,0.2596227573903428,1,1,0,0
balanced,32,153,2,15.999999999999998,1,0.18358101230106116,0,0.1345063974920382,0.394129154882381,0.2596227573903428,1,1,0,0
balanced,32,154,2,15.999999999999998,1,0.18358101230106127,0,0.014797293868653028,0.2744200512589958,0.2596227573903428,1,0,0,0
balanced,32,155,2,15.999999999999998,1,0.18358101230106127,0,0.08325436770638617,0.34287712509672896,0.2596227573903428,1,1,0,0
balanced,32,156,2,15.999999999999998,1,0.18358101230106116,0,0.04616692727786087,0.30578968466820367,0.2596227573903428,1,0,0,0
balanced,32,157,2,15.999999999999998,0,0.18358101230106127,0,0.07027686227976304,0.3298996196701059,0.25962275739034285,1,1,0,0
balanced,32,158,2,15.999999999999998,1,0.18358101230106116,0,-0.012079953786768849,0.2475428036035739,0.25962275739034274,1,0,0,0
balanced,32,159,2,15.999999999999998,1,0.18358101230106116,0,0.09317802604652892,0.3528007834368717,0.2596227573903428,1,1,0,0
balanced,32,160,2,15.999999999999998,1,0.18358101230106127,0,0.06540843692489673,0.3250311943152395,0.2596227573903428,1,1,0,0
balanced,32,161,2,15.999999999999998,1,0.18358101230106127,0,0.026104510386738444,0.2857272677770813,0.25962275739034285,1,0,0,0
balanced,32,162,2,15.999999999999998,1,0.18358101230106116,0,0.16756374359043524,0.42718650098077804,0.2596227573903428,1,1,0,0
balanced,32,163,2,15.999999999999998,1,0.18358101230106127,0,0.11296416273008453,0.3725869201204273,0.2596227573903428,1,1,0,0
balanced,32,164,2,15.999999999999998,1,0.18358101230106127,0,-0.011659765434929525,0.24796299195541321,0.25962275739034274,1,0,0,0
balanced,32,165,2,15.999999999999998,1,0.18358101230106127,0,0.029709731776973447,0.2893324891673163,0.25962275739034285,1,0,0,0
balanced,32,166,2,15.999999999999998,1,0.18358101230106116,0,-0.003185848635006816,0.256436908755336,0.2596227573903428,1,0,0,0
balanced,32,167,2,15.999999999999998,1,0.18358101230106116,0,0.06100001690239171,0.3206227742927345,0.2596227573903428,1,1,0,0
balanced,32,168,2,15.999999999999998,1,0.18358101230106116,0,0.02086091995077821,0.28048367734112106,0.25962275739034285,1,0,0,0
balanced,32,169,2,15.999999999999998,1,0.18358101230106116,0,0.11552912990715614,0.37515188729749893,0.2596227573903428,1,1,0,0
balanced,32,170,2,15.999999999999998,1,0.18358101230106127,0,0.06138198941074158,0.3210047468010844,0.2596227573903428,1,1,0,0
balanced,32,171,2,15.999999999999998,1,0.18358101230106127,0,0.08641341083634835,0.34603616822669114,0.2596227573903428,1,1,0,0
balanced,32,172,2,15.999999999999998,1,0.18358101230106116,0,0.1494913690157647,0.4091141264061075,0.2596227573903428,1,1,0,0
balanced,32,173,2,15.999999999999998,1,0.18358101230106127,0,0.01047112680838691,0.27009388419872965,0.25962275739034274,1,0,0,0
balanced,32,174,2,15.999999999999998,1,0.18358101230106116,0,0.026572802095656156,0.286195559485999,0.25962275739034285,1,0,0,0
balanced,32,175,2,15.999999999999998,1,0.18358101230106127,0,0.005054914341083183,0.264677671731426,0.2596227573903428,1,0,0,0
balanced,32,176,2,15.999999999999998,1,0.18358101230106127,0,0.08775250905477766,0.34737526644512046,0.2596227573903428,1,1,0,0
balanced,32,177,2,15.999999999999998,1,0.18358101230106116,0,0.09800345210666961,0.3576262094970124,0.2596227573903428,1,1,0,0
balanced,32,178,2,15.999999999999998,1,0.18358101230106127,0,0.1247825143585175,0.3844052717488603,0.2596227573903428,1,1,0,0
balanced,32,179,2,15.999999999999998,1,0.18358101230106127,0,0.09134787821632823,0.350970635606671,0.2596227573903428,1,1,0,0
balanced,32,180,2,15.999999999999998,1,0.18358101230106127,0,0.030306401703110497,0.28992915909345335,0.25962275739034285,1,0,0,0
balanced,32,181,2,15.999999999999998,1,0.18358101230106116,0,0.05653822292439292,0.3161609803147357,0.2596227573903428,1,1,0,0
balanced,32,182,2,15.999999999999998,1,0.18358101230106127,0,0.13864814489822647,0.39827090228856926,0.2596227573903428,1,1,0,0
balanced,32,183,2,15.999999999999998,1,0.18358101230106127,0,0.03252788929366218,0.292150646684005,0.2596227573903428,1,0,0,0
balanced,32,184,2,15.999999999999998,1,0.18358101230106127,0,0.08092668530698188,0.3405494426973247,0.2596227573903428,1,1,0,0
balanced,32,185,2,15.999999999999998,1,0.18358101230106127,0,0.14010244269930056,0.39972520008964335,0.2596227573903428,1,1,0,0
balanced,32,186,2,15.999999999999998,1,0.18358101230106127,0,0.06923463589882561,0.3288573932891684,0.2596227573903428,1,1,0,0
balanced,32,187,2,15.999999999999998,1,0.18358101230106127,0,0.04855282858893939,0.3081755859792822,0.2596227573903428,1,0,0,0
balanced,32,188,2,15.999999999999998,1,0.18358101230106116,0,0.04471537667534786,0.30433813406569066,0.2596227573903428,1,0,0,0
balanced,32,189,2,15.999999999999998,1,0.18358101230106116,0,0.0263737957203376,0.28599655311068045,0.25962275739034285,1,0,0,0
balanced,32,190,2,15.999999999999998,1,0.18358101230106127,0,-0.003779917127395449,0.25584284026294735,0.2596227573903428,1,0,0,0
balanced,32,191,2,15.999999999999998,1,0.18358101230106116,0,0.14316338320516114,0.40278614059550394,0.2596227573903428,1,1,0,0
balanced,32,192,2,15.999999999999998,1,0.18358101230106116,0,0.1027842694537679,0.3624070268441107,0.2596227573903428,1,1,0,0
balanced,32,193,2,15.999999999999998,1,0.18358101230106127,0,0.10846892517953893,0.36809168256988173,0.2596227573903428,1,1,0,0
balanced,32,194,2,15.999999999999998,1,0.18358101230106116,0,0.0675249896255582,0.327147747015901,0.2596227573903428,1,1,0,0
balanced,32,195,2,15.999999999999998,1,0.18358101230106127,0,0.02701355031439512,0.28663630770473786,0.25962275739034274,1,0,0,0
balanced,32,196,2,15.999999999999998,1,0.18358101230106116,0,0.013176933561183435,0.2727996909515262,0.25962275739034274,1,0,0,0
balanced,32,197,2,15.999999999999998,1,0.18358101230106116,0,0.09240142940840573,0.35202418679874853,0.2596227573903428,1,1,0,0
balanced,32,198,2,15.999999999999998,1,0.18358101230106116,0,-0.00674886281356013,0.2528738945767827,0.25962275739034285,1,0,0,0
balanced,32,199,2,15.999999999999998,1,0.18358101230106116,0,-0.007673341235435671,0.2519494161549072,0.25962275739034285,1,0,0,0
balanced,32,200,2,15.999999999999998,1,0.18358101230106116,0,0.14000917608214586,0.39963193347248865,0.2596227573903428,1,1,0,0
balanced,32,201,2,15.999999999999998,1,0.18358101230106127,0,0.07466486344677636,0.33428762083711916,0.2596227573903428,1,1,0,0
balanced,32,202,2,15.999999999999998,1,0.18358101230106127,0,0.09087585589038372,0.35049861328072657,0.25962275739034285,1,1,0,0
balanced,32,203,2,15.999999999999998,1,0.18358101230106116,0,-0.021664059991424234,0.23795869739891862,0.25962275739034285,1,0,0,0
balanced,32,204,2,15.999999999999998,1,0.18358101230106116,0,0.08120550461093523,0.340828262001278,0.2596227573903428,1,1,0,0
balanced,32,205,2,15.999999999999998,1,0.18358101230106116,0,0.09582145645171275,0.35544421384205555,0.2596227573903428,1,1,0,0
balanced,32,206,2,15.999999999999998,1,0.18358101230106116,0,0.07330109020686726,0.33292384759721005,0.2596227573903428,1,1,0,0
balanced,32,207,2,15.999999999999998,1,0.18358101230106116,0,0.14738806376487762,0.4070108211552204,0.2596227573903428,1,1,0,0
balanced,32,208,2,15.999999999999998,1,0.18358101230106127,0,0.06002517034030602,0.3196479277306488,0.2596227573903428,1,1,0,0
balanced,32,209,2,15.999999999999998,1,0.18358101230106116,0,0.0629506006877143,0.32257335807805715,0.25962275739034285,1,1,0,0
balanced,32,210,2,15.999999999999998,1,0.18358101230106127,0,0.06950356618844106,0.32912632357878385,0.2596227573903428,1,1,0,0
balanced,32,211,2,15.999999999999998,1,0.18358101230106127,0,0.018905853168261377,0.2785286105586042,0.2596227573903428,1,0,0,0
balanced,32,212,2,15.999999999999998,1,0.18358101230106127,0,0.013992259974936028,0.2736150173652789,0.25962275739034285,1,0,0,0
balanced,32,213,2,15.999999999999998,1,0.18358101230106127,0,0.08839008220821543,0.3480128395985582,0.2596227573903428,1,1,0,0
balanced,32,214,2,15.999999999999998,1,0.18358101230106127,0,0.05096393627107776,0.31058669366142055,0.2596227573903428,1,1,0,0
balanced,32,215,2,15.999999999999998,1,0.18358101230106127,0,0.1250297017050327,0.3846524590953755,0.2596227573903428,1,1,0,0
balanced,32,216,2,15.999999999999998,0,0.18358101230106127,0,-0.034577417426421286,0.22504533996392145,0.25962275739034274,1,0,0,0
balanced,32,217,2,15.999999999999998,1,0.18358101230106116,0,0.10716712059711586,0.36678987798745866,0.2596227573903428,1,1,0,0
balanced,32,218,2,15.999999999999998,1,0.18358101230106127,0,0.04489722838143079,0.3045199857717736,0.2596227573903428,1,0,0,0
balanced,32,219,2,15.999999999999998,0,0.18358101230106127,0,-0.051028980802262425,0.20859377658808043,0.25962275739034285,1,0,0,0
balanced,32,220,2,15.999999999999998,1,0.18358101230106116,0,0.030563492389889535,0.29018624978023233,0.2596227573903428,1,0,0,0
balanced,32,221,2,15.999999999999998,1,0.18358101230106127,0,0.051873430928512376,0.3114961883188551,0.25962275739034274,1,1,0,0
balanced,32,222,2,15.999999999999998,1,0.18358101230106116,0,0.11829123870493663,0.3779139960952794,0.2596227573903428,1,1,0,0
balanced,32,223,2,15.999999999999998,1,0.18358101230106116,0,0.11652516244648387,0.37614791983682666,0.2596227573903428,1,1,0,0
balanced,32,224,2,15.999999999999998,1,0.18358101230106127,0,0.03266715747260429,0.2922899148629471,0.2596227573903428,1,0,0,0
balanced,32,225,2,15.999999999999998,1,0.18358101230106116,0,0.042372661616913165,0.30199541900725596,0.2596227573903428,1,0,0,0
balanced,32,226,2,15.999999999999998,1,0.18358101230106127,0,0.038259298551333254,0.29788205594167605,0.2596227573903428,1,0,0,0
balanced,32,227,2,15.999999999999998,1,0.18358101230106116,0,0.08929954705647114,0.34892230444681394,0.2596227573903428,1,1,0,0
balanced,32,228,2,15.999999999999998,1,0.18358101230106116,0,0.0711633960793549,0.3307861534696977,0.2596227573903428,1,1,0,0
balanced,32,229,2,15.999999999999998,1,0.18358101230106116,0,0.09796692557493103,0.3575896829652738,0.2596227573903428,1,1,0,0
balanced,32,230,2,15.999999999999998,1,0.18358101230106127,0,0.08364843119026788,0.3432711885806107,0.2596227573903428,1,1,0,0
balanced,32,231,2,15.999999999999998,1,0.18358101230106127,0,-0.015674230147136203,0.24394852724320665,0.25962275739034285,1,0,0,0
balanced,32,232,2,15.999999999999998,1,0.18358101230106127,0,0.09008699931642516,0.34970975670676796,0.2596227573903428,1,1,0,0
balanced,32,233,2,15.999999999999998,1,0.18358101230106127,0,0.047013205282904647,0.30663596267324744,0.2596227573903428,1,0,0,0
balanced,32,234,2,15.999999999999998,1,0.18358101230106127,0,-0.02790594713569522,0.23171681025464763,0.25962275739034285,1,0,0,0
balanced,32,235,2,15.999999999999998,1,0.18358101230106127,0,0.10746656010131062,0.3670893174916534,0.2596227573903428,1,1,0,0
balanced,32,236,2,15.999999999999998,1,0.18358101230106116,0,0.09654078576692621,0.356163543157269,0.2596227573903428,1,1,0,0
balanced,32,237,2,15.999999999999998,1,0.18358101230106116,0,0.076931275117685,0.3365540325080278,0.2596227573903428,1,1,0,0
balanced,32,238,2,15.999999999999998,1,0.18358101230106116,0,-0.019046699300064418,0.24057605809027832,0.25962275739034274,1,0,0,0
balanced,32,239,2,15.999999999999998,0,0.18358101230106127,0,0.12086866828898035,0.3804914256793232,0.25962275739034285,1,1,0,0
balanced,32,240,2,15.999999999999998,1,0.18358101230106127,0,0.14306408932065484,0.40268684671099764,0.2596227573903428,1,1,0,0
balanced,32,241,2,15.999999999999998,1,0.18358101230106127,0,-0.04504944404062822,0.21457331334971458,0.2596227573903428,1,0,0,0
balanced,32,242,2,15.999999999999998,1,0.18358101230106127,0,0.03169407603840346,0.2913168334287462,0.25962275739034274,1,0,0,0
balanced,32,243,2,15.999999999999998,1,0.18358101230106127,0,-0.03829155022070313,0.22133120716963972,0.25962275739034285,1,0,0,0
balanced,32,244,2,15.999999999999998,0,0.18358101230106127,0,0.21496714914032206,0.47458990653066485,0.2596227573903428,0,1,0,0
balanced,32,245,2,15.999999999999998,1,0.18358101230106116,0,0.0702326211026234,0.3298553784929662,0.2596227573903428,1,1,0,0
balanced,32,246,2,15.999999999999998,1,0.18358101230106127,0,0.06773554017205108,0.3273582975623938,0.25962275739034274,1,1,0,0
balanced,32,247,2,15.999999999999998,1,0.18358101230106127,0,0.04370973256209354,0.3033324899524364,0.25962275739034285,1,0,0,0
balanced,32,248,2,15.999999999999998,1,0.18358101230106127,0,0.002156986284413409,0.2617797436747562,0.2596227573903428,1,0,0,0
balanced,32,249,2,15.999999999999998,1,0.18358101230106116,0,0.042611759811815586,0.3022345172021584,0.2596227573903428,1,0,0,0
balanced,32,250,2,15.999999999999998,1,0.18358101230106116,0,0.19016184833017402,0.4497846057205168,0.2596227573903428,1,1,0,0
balanced,32,251,2,15.999999999999998,1,0.18358101230106116,0,0.06230145319835051,0.3219242105886933,0.2596227573903428,1,1,0,0
balanced,32,252,2,15.999999999999998,1,0.18358101230106116,0,0.03749884336198328,0.2971216007523261,0.2596227573903428,1,0,0,0
balanced,32,253,2,15.999999999999998,1,0.18358101230106116,0,0.10538744190703897,0.36501019929738177,0.2596227573903428,1,1,0,0
balanced,32,254,2,15.999999999999998,1,0.18358101230106127,0,0.014237911175260243,0.27386066856560304,0.2596227573903428,1,0,0,0
balanced,32,255,2,15.999999999999998,1,0.18358101230106127,0,0.03753039646313583,0.2971531538534786,0.2596227573903428,1,0,0,0
balanced,32,256,2,15.999999999999998,1,0.18358101230106127,0,0.07850842689667614,0.33813118428701894,0.2596227573903428,1,1,0,0
balanced,32,257,2,15.999999999999998,1,0.18358101230106127,0,0.15526913205355147,0.41489188944389427,0.2596227573903428,1,1,0,0
balanced,32,258,2,15.999999999999998,1,0.18358101230106139,0,0.09360985114495446,0.3532326085352973,0.25962275739034285,1,1,0,0
balanced,32,259,2,15.999999999999998,1,0.18358101230106116,0,0.09428162611365243,0.3539043835039952,0.2596227573903428,1,1,0,0
balanced,32,260,2,15.999999999999998,1,0.18358101230106116,0,0.07754313364780663,0.3371658910381494,0.2596227573903428,1,1,0,0
balanced,32,261,2,15.999999999999998,1,0.18358101230106127,0,0.042176742774454046,0.30179950016479684,0.2596227573903428,1,0,0,0
balanced,32,262,2,15.999999999999998,1,0.18358101230106127,0,0.045276932760015154,0.30489969015035795,0.2596227573903428,1,0,0,0
balanced,32,263,2,15.999999999999998,1,0.18358101230106127,0,0.10160366870964982,0.3612264260999926,0.2596227573903428,1,1,0,0
balanced,32,264,2,15.999999999999998,1,0.18358101230106116,0,0.08442048168475413,0.34404323907509693,0.2596227573903428,1,1,0,0
balanced,32,265,2,15.999999999999998,1,0.18358101230106116,0,0.030277743443361316,0.2899005008337041,0.2596227573903428,1,0,0,0
balanced,32,266,2,15.999999999999998,1,0.18358101230106127,0,0.06975250445712355,0.3293752618474663,0.25962275739034274,1,1,0,0
balanced,32,267,2,15.999999999999998,1,0.18358101230106127,0,0.1729233053219691,0.4325460627123119,0.2596227573903428,1,1,0,0
balanced,32,268,2,15.999999999999998,1,0.18358101230106127,0,0.07346373975528309,0.3330864971456259,0.2596227573903428,1,1,0,0
balanced,32,269,2,15.999999999999998,1,0.18358101230106116,0,0.07431685396696552,0.3339396113573083,0.2596227573903428,1,1,0,0
balanced,32,270,2,15.999999999999998,1,0.18358101230106116,0,0.032005075649838455,0.2916278330401812,0.25962275739034274,1,0,0,0
balanced,32,271,2,15.999999999999998,1,0.18358101230106127,0,0.1533125173938697,0.4129352747842125,0.2596227573903428,1,1,0,0
balanced,32,272,2,15.999999999999998,0,0.18358101230106127,0,0.023898110119020433,0.2835208675093632,0.25962275739034274,1,0,0,0
balanced,32,273,2,15.999999999999998,1,0.18358101230106116,0,0.03802870154198751,0.2976514589323303,0.2596227573903428,1,0,0,0
balanced,32,274,2,15.999999999999998,1,0.18358101230106127,0,0.15044714026308154,0.41006989765342433,0.2596227573903428,1,1,0,0
balanced,32,275,2,15.999999999999998,1,0.18358101230106127,0,0.07950946485148169,0.3391322222418245,0.2596227573903428,1,1,0,0
balanced,32,276,2,15.999999999999998,1,0.18358101230106127,0,0.08883582195033646,0.34845857934067925,0.2596227573903428,1,1,0,0
balanced,32,277,2,15.999999999999998,1,0.18358101230106127,0,0.05493262229184237,0.3145553796821852,0.25962275739034285,1,1,0,0
balanced,32,278,2,15.999999999999998,1,0.18358101230106116,0,0.1123499627296165,0.3719727201199593,0.2596227573903428,1,1,0,0
balanced,32,279,2,15.999999999999998,1,0.18358101230106116,0,0.06367216368227602,0.3232949210726188,0.2596227573903428,1,1,0,0
balanced,32,280,2,15.999999999999998,1,0.18358101230106105,0,0.015329759149054656,0.2749525165393974,0.25962275739034274,1,0,0,0
balanced,32,281,2,15.999999999999998,1,0.18358101230106116,0,0.10297470426995103,0.36259746166029383,0.2596227573903428,1,1,0,0
balanced,32,282,2,15.999999999999998,1,0.18358101230106116,0,0.016336033096682245,0.27595879048702504,0.2596227573903428,1,0,0,0
balanced,32,283,2,15.999999999999998,1,0.18358101230106116,0,0.07093129667878362,0.3305540540691264,0.2596227573903428,1,1,0,0
balanced,32,284,2,15.999999999999998,1,0.18358101230106116,0,0.1542002655959535,0.4138230229862963,0.2596227573903428,1,1,0,0
balanced,32,285,2,15.999999999999998,0,0.18358101230106127,0,-0.03895880670619295,0.2206639506841499,0.25962275739034285,1,0,0,0
balanced,32,286,2,15.999999999999998,1,0.18358101230106116,0,0.040195424829703064,0.29981818222004586,0.2596227573903428,1,0,0,0
balanced,32,287,2,15.999999999999998,1,0.18358101230106116,0,0.065369004798904,0.3249917621892468,0.2596227573903428,1,1,0,0
balanced,32,288,2,15.999999999999998,1,0.18358101230106127,0,0.15330760457727682,0.4129303619676196,0.2596227573903428,1,1,0,0
balanced,32,289,2,15.999999999999998,1,0.18358101230106127,0,0.04827585933293127,0.30789861672327407,0.2596227573903428,1,0,0,0
balanced,32,290,2,15.999999999999998,1,0.18358101230106116,0,0.17256858837306183,0.4321913457634046,0.2596227573903428,1,1,0,0
balanced,32,291,2,15.999999999999998,1,0.18358101230106127,0,0.11453039993229369,0.3741531573226365,0.2596227573903428,1,1,0,0
balanced,32,292,2,15.999999999999998,1,0.18358101230106116,0,-0.013269169825124383,0.24635358756521836,0.25962275739034274,1,0,0,0
balanced,32,293,2,15.999999999999998,1,0.18358101230106127,0,-0.002941439759754916,0.2566813176305878,0.25962275739034274,1,0,0,0
balanced,32,294,2,15.999999999999998,1,0.18358101230106116,0,0.030080553855483028,0.2897033112458258,0.2596227573903428,1,0,0,0
balanced,32,295,2,15.999999999999998,1,0.18358101230106116,0,0.05093917155628325,0.31056192894662604,0.2596227573903428,1,1,0,0
balanced,32,296,2,15.999999999999998,1,0.18358101230106127,0,0.1466891232927553,0.4063118806830981,0.2596227573903428,1,1,0,0
balanced,32,297,2,15.999999999999998,1,0.18358101230106127,0,0.005078198963575309,0.2647009563539181,0.2596227573903428,1,0,0,0
balanced,32,298,2,15.999999999999998,1,0.18358101230106116,0,0.018932970412815386,0.2785557278031582,0.2596227573903428,1,0,0,0
balanced,32,299,2,15.999999999999998,1,0.18358101230106127,0,0.15656481603767763,0.41618757342802043,0.2596227573903428,1,1,0,0
balanced,128,0,2,63.99999999999999,1,0.09179050615053053,0,0.15178854984305912,0.28159992853823046,0.12981137869517134,1,1,0,0
balanced,128,1,2,63.99999999999999,1,0.09179050615053053,0,0.128176368438851,0.25798774713402234,0.12981137869517134,1,1,0,0
balanced,128,2,2,63.99999999999999,1,0.09179050615053053,0,0.15054334259580976,0.2803547212909811,0.12981137869517134,1,1,0,0
balanced,128,3,2,63.99999999999999,1,0.09179050615053064,0,0.13186145116112657,0.2616728298562979,0.12981137869517134,1,1,0,0
balanced,128,4,2,63.99999999999999,1,0.09179050615053053,0,0.12976604324486268,0.259577421940034,0.12981137869517134,1,1,0,0
balanced,128,5,2,63.99999999999999,1,0.09179050615053064,0,0.1650027474366481,0.29481412613181945,0.12981137869517134,1,1,0,0
balanced,128,6,2,63.99999999999999,1,0.09179050615053042,0,0.09538765017120004,0.2251990288663714,0.12981137869517134,1,1,0,0
balanced,128,7,2,63.99999999999999,1,0.09179050615053064,0,0.14063672821939838,0.2704481069145697,0.12981137869517134,1,1,0,0
balanced,128,8,2,63.99999999999999,1,0.09179050615053053,0,0.15043264770029008,0.2802440263954614,0.12981137869517134,1,1,0,0
balanced,128,9,2,63.99999999999999,1,0.09179050615053053,0,0.13688435874241645,0.2666957374375878,0.12981137869517134,1,1,0,0
balanced,128,10,2,63.99999999999999,1,0.09179050615053053,0,0.09913838555413101,0.22894976424930236,0.12981137869517134,1,1,0,0
balanced,128,11,2,63.99999999999999,1,0.09179050615053064,0,0.10156386623152325,0.2313752449266946,0.12981137869517134,1,1,0,0
balanced,128,12,2,63.99999999999999,1,0.09179050615053064,0,0.11345471288056219,0.24326609157573353,0.12981137869517134,1,1,0,0
balanced,128,13,2,63.99999999999999,1,0.09179050615053053,0,0.1356692189947561,0.26548059768992743,0.12981137869517134,1,1,0,0
balanced,128,14,2,63.99999999999999,1,0.09179050615053064,0,0.14338362267967686,0.2731950013748482,0.12981137869517134,1,1,0,0
balanced,128,15,2,63.99999999999999,1,0.09179050615053064,0,0.07621009544232982,0.20602147413750116,0.12981137869517134,1,1,0,0
balanced,128,16,2,63.99999999999999,1,0.09179050615053064,0,0.14098159956533018,0.2707929782605015,0.12981137869517134,1,1,0,0
balanced,128,17,2,63.99999999999999,1,0.09179050615053053,0,0.11383283010914519,0.24364420880431653,0.12981137869517134,1,1,0,0
balanced,128,18,2,63.99999999999999,1,0.09179050615053064,0,0.18618452679722303,0.31599590549239437,0.12981137869517134,1,1,0,0
balanced,128,19,2,63.99999999999999,1,0.09179050615053064,0,0.11490912491815686,0.2447205036133282,0.12981137869517134,1,1,0,0
balanced,128,20,2,63.99999999999999,0,0.09179050615053053,0,0.20463611092234557,0.3344474896175169,0.12981137869517134,0,1,0,0
balanced,128,21,2,63.99999999999999,1,0.09179050615053053,0,0.1331113357004416,0.26292271439561293,0.12981137869517134,1,1,0,0
balanced,128,22,2,63.99999999999999,1,0.09179050615053064,0,0.12807382867411493,0.2578852073692863,0.12981137869517134,1,1,0,0
balanced,128,23,2,63.99999999999999,1,0.09179050615053042,0,0.1319262231284381,0.26173760182360944,0.12981137869517134,1,1,0,0
balanced,128,24,2,63.99999999999999,1,0.09179050615053042,0,0.07813053972539336,0.2079419184205647,0.12981137869517134,1,1,0,0
balanced,128,25,2,63.99999999999999,1,0.09179050615053053,0,0.1484953125827596,0.27830669127793095,0.12981137869517134,1,1,0,0
balanced,128,26,2,63.99999999999999,1,0.09179050615053053,0,0.10743398037433405,0.2372453590695054,0.12981137869517134,1,1,0,0
balanced,128,27,2,63.99999999999999,1,0.09179050615053064,0,0.10981792979240734,0.23962930848757868,0.12981137869517134,1,1,0,0
balanced,128,28,2,63.99999999999999,1,0.09179050615053064,0,0.15247690590194596,0.2822882845971173,0.12981137869517134,1,1,0,0
balanced,128,29,2,63.99999999999999,1,0.09179050615053064,0,0.1271993531789543,0.25701073187412565,0.12981137869517134,1,1,0,0
balanced,128,30,2,63.99999999999999,1,0.09179050615053053,0,0.1579432113423309,0.28775459003750226,0.12981137869517134,1,1,0,0
balanced,128,31,2,63.99999999999999,1,0.09179050615053064,0,0.12284607644031065,0.252657455135482,0.12981137869517134,1,1,0,0
balanced,128,32,2,63.99999999999999,1,0.09179050615053042,0,0.16976211776876293,0.2995734964639343,0.12981137869517134,1,1,0,0
balanced,128,33,2,63.99999999999999,1,0.09179050615053053,0,0.16328311573452226,0.2930944944296936,0.12981137869517134,1,1,0,0
balanced,128,34,2,63.99999999999999,1,0.09179050615053042,0,0.10424774102420287,0.2340591197193742,0.12981137869517134,1,1,0,0
balanced,128,35,2,63.99999999999999,1,0.09179050615053064,0,0.12944899018944322,0.25926036888461457,0.12981137869517134,1,1,0,0
balanced,128,36,2,63.99999999999999,1,0.09179050615053053,0,0.16314681399989417,0.2929581926950655,0.12981137869517134,1,1,0,0
balanced,128,37,2,63.99999999999999,1,0.09179050615053064,0,0.15804817190510934,0.2878595506002807,0.12981137869517134,1,1,0,0
balanced,128,38,2,63.99999999999999,1,0.09179050615053064,0,0.09718231947438016,0.2269936981695515,0.12981137869517134,1,1,0,0
balanced,128,39,2,63.99999999999999,1,0.09179050615053053,0,0.17683370235095108,0.3066450810461224,0.12981137869517134,1,1,0,0
balanced,128,40,2,63.99999999999999,1,0.09179050615053064,0,0.15652377193395095,0.2863351506291223,0.12981137869517134,1,1,0,0
balanced,128,41,2,63.99999999999999,1,0.09179050615053053,0,0.12074328762785397,0.2505546663230253,0.12981137869517134,1,1,0,0
balanced,128,42,2,63.99999999999999,1,0.09179050615053064,0,0.08001000647091139,0.20982138516608273,0.12981137869517134,1,1,0,0
balanced,128,43,2,63.99999999999999,1,0.09179050615053053,0,0.13419188287774358,0.2640032615729149,0.12981137869517134,1,1,0,0
balanced,128,44,2,63.99999999999999,1,0.09179050615053064,0,0.16032430802543296,0.2901356867206043,0.12981137869517134,1,1,0,0
balanced,128,45,2,63.99999999999999,1,0.09179050615053064,0,0.10822346576536379,0.23803484446053513,0.12981137869517134,1,1,0,0
balanced,128,46,2,63.99999999999999,1,0.09179050615053053,0,0.1575678397895997,0.28737921848477105,0.12981137869517134,1,1,0,0
balanced,128,47,2,63.99999999999999,1,0.09179050615053053,0,0.12116328342054283,0.2509746621157142,0.12981137869517134,1,1,0,0
balanced,128,48,2,63.99999999999999,1,0.09179050615053064,0,0.11806724958164372,0.24787862827681506,0.12981137869517134,1,1,0,0
balanced,128,49,2,63.99999999999999,1,0.09179050615053053,0,0.14016024501505892,0.26997162371023026,0.12981137869517134,1,1,0,0
balanced,128,50,2,63.99999999999999,1,0.09179050615053053,0,0.15443706558678222,0.28424844428195356,0.12981137869517134,1,1,0,0
balanced,128,51,2,63.99999999999999,1,0.09179050615053053,0,0.1300621285747514,0.25987350726992275,0.12981137869517134,1,1,0,0
balanced,128,52,2,63.99999999999999,1,0.09179050615053053,0,0.12831099548888253,0.25812237418405387,0.12981137869517134,1,1,0,0
balanced,128,53,2,63.99999999999999,1,0.09179050615053053,0,0.14762367605214016,0.2774350547473115,0.12981137869517134,1,1,0,0
balanced,128,54,2,63.99999999999999,1,0.09179050615053064,0,0.155830434872463,0.28564181356763435,0.12981137869517134,1,1,0,0
balanced,128,55,2,63.99999999999999,1,0.09179050615053053,0,0.12252677478801172,0.25233815348318306,0.12981137869517134,1,1,0,0
balanced,128,56,2,63.99999999999999,1,0.09179050615053053,0,0.1309362636629824,0.26074764235815373,0.12981137869517134,1,1,0,0
balanced,128,57,2,63.99999999999999,1,0.09179050615053064,0,0.1042587084551655,0.23407008715033684,0.12981137869517134,1,1,0,0
balanced,128,58,2,63.99999999999999,1,0.09179050615053064,0,0.11812718530923078,0.24793856400440212,0.12981137869517134,1,1,0,0
balanced,128,59,2,63.99999999999999,1,0.09179050615053064,0,0.1384816019192152,0.26829298061438656,0.12981137869517134,1,1,0,0
balanced,128,60,2,63.99999999999999,1,0.09179050615053053,0,0.12795143399543124,0.2577628126906026,0.12981137869517134,1,1,0,0
balanced,128,61,2,63.99999999999999,1,0.09179050615053064,0,0.1152543166629813,0.24506569535815265,0.12981137869517134,1,1,0,0
balanced,128,62,2,63.99999999999999,1,0.09179050615053064,0,0.10335399824476887,0.23316537693994022,0.12981137869517134,1,1,0,0
balanced,128,63,2,63.99999999999999,1,0.09179050615053042,0,0.12340926991787665,0.253220648613048,0.12981137869517134,1,1,0,0
balanced,128,64,2,63.99999999999999,1,0.09179050615053053,0,0.13995649625110496,0.2697678749462763,0.12981137869517134,1,1,0,0
balanced,128,65,2,63.99999999999999,1,0.09179050615053064,0,0.1673815760550631,0.29719295475023444,0.12981137869517134,1,1,0,0
balanced,128,66,2,63.99999999999999,1,0.09179050615053064,0,0.10473836424914018,0.23454974294431152,0.12981137869517134,1,1,0,0
balanced,128,67,2,63.99999999999999,0,0.09179050615053064,0,0.06973483077748738,0.19954620947265872,0.12981137869517134,0,1,0,0
balanced,128,68,2,63.99999999999999,1,0.09179050615053064,0,0.1363737962375442,0.26618517493271554,0.12981137869517134,1,1,0,0
balanced,128,69,2,63.99999999999999,1,0.09179050615053053,0,0.10402603508515984,0.23383741378033118,0.12981137869517134,1,1,0,0
balanced,128,70,2,63.99999999999999,1,0.09179050615053064,0,0.15416672320978125,0.2839781019049526,0.12981137869517134,1,1,0,0
balanced,128,71,2,63.99999999999999,1,0.09179050615053064,0,0.13097136165614542,0.26078274035131677,0.12981137869517134,1,1,0,0
balanced,128,72,2,63.99999999999999,1,0.09179050615053064,0,0.1410185770561132,0.27082995575128455,0.12981137869517134,1,1,0,0
balanced,128,73,2,63.99999999999999,1,0.09179050615053053,0,0.15779352099240002,0.28760489968757136,0.12981137869517134,1,1,0,0
balanced,128,74,2,63.99999999999999,1,0.09179050615053053,0,0.16953070744192883,0.29934208613710017,0.12981137869517134,1,1,0,0
balanced,128,75,2,63.99999999999999,1,0.09179050615053064,0,0.1229612790280894,0.25277265772326074,0.12981137869517134,1,1,0,0
balanced,128,76,2,63.99999999999999,1,0.09179050615053064,0,0.15455585015710283,0.28436722885227417,0.12981137869517134,1,1,0,0
balanced,128,77,2,63.99999999999999,1,0.09179050615053053,0,0.1128054208271897,0.24261679952236104,0.12981137869517134,1,1,0,0
balanced,128,78,2,63.99999999999999,1,0.09179050615053053,0,0.12439216282684912,0.25420354152202046,0.12981137869517134,1,1,0,0
balanced,128,79,2,63.99999999999999,1,0.09179050615053053,0,0.1747571306028376,0.30456850929800894,0.12981137869517134,1,1,0,0
balanced,128,80,2,63.99999999999999,1,0.09179050615053053,0,0.13406587243292145,0.2638772511280928,0.12981137869517134,1,1,0,0
balanced,128,81,2,63.99999999999999,1,0.09179050615053053,0,0.09238043760509218,0.22219181630026352,0.12981137869517134,1,1,0,0
balanced,128,82,2,63.99999999999999,1,0.09179050615053064,0,0.16944348462991687,0.2992548633250882,0.12981137869517134,1,1,0,0
balanced,128,83,2,63.99999999999999,1,0.09179050615053053,0,0.17318253724779725,0.3029939159429686,0.12981137869517134,1,1,0,0
balanced,128,84,2,63.99999999999999,1,0.09179050615053053,0,0.12448632044830521,0.25429769914347655,0.12981137869517134,1,1,0,0
balanced,128,85,2,63.99999999999999,0,0.09179050615053053,0,0.11350046365835503,0.24331184235352638,0.12981137869517134,1,1,0,0
balanced,128,86,2,63.99999999999999,1,0.09179050615053064,0,0.12304501864028372,0.25285639733545506,0.12981137869517134,1,1,0,0
balanced,128,87,2,63.99999999999999,1,0.09179050615053064,0,0.13981242328542487,0.2696238019805962,0.12981137869517134,1,1,0,0
balanced,128,88,2,63.99999999999999,1,0.09179050615053064,0,0.15837954484903455,0.2881909235442059,0.12981137869517134,1,1,0,0
balanced,128,89,2,63.99999999999999,1,0.09179050615053053,0,0.15203696587299292,0.28184834456816427,0.12981137869517134,1,1,0,0
balanced,128,90,2,63.99999999999999,1,0.09179050615053064,0,0.1487602564958571,0.27857163519102845,0.12981137869517134,1,1,0,0
balanced,128,91,2,63.99999999999999,1,0.09179050615053053,0,0.1362351456865416,0.26604652438171295,0.12981137869517134,1,1,0,0
balanced,128,92,2,63.99999999999999,1,0.09179050615053053,0,0.1369174903932388,0.26672886908841015,0.12981137869517134,1,1,0,0
balanced,128,93,2,63.99999999999999,0,0.09179050615053064,0,0.07124516134061137,0.20105654003578272,0.12981137869517134,1,1,0,0
balanced,128,94,2,63.99999999999999,1,0.09179050615053064,0,0.15978358944475085,0.2895949681399222,0.12981137869517134,1,1,0,0
balanced,128,95,2,63.99999999999999,1,0.09179050615053053,0,0.14607725937711835,0.2758886380722897,0.12981137869517134,1,1,0,0
balanced,128,96,2,63.99999999999999,1,0.09179050615053053,0,0.13270818665635536,0.2625195653515267,0.12981137869517134,1,1,0,0
balanced,128,97,2,63.99999999999999,1,0.09179050615053053,0,0.1341395171667809,0.26395089586195225,0.12981137869517134,1,1,0,0
balanced,128,98,2,63.99999999999999,0,0.09179050615053053,0,0.13848321784252604,0.2682945965376974,0.12981137869517134,1,1,0,0
balanced,128,99,2,63.99999999999999,1,0.09179050615053064,0,0.1048022160843704,0.23461359477954175,0.12981137869517134,1,1,0,0
balanced,128,100,2,63.99999999999999,1,0.09179050615053053,0,0.11719171887540575,0.2470030975705771,0.12981137869517134,1,1,0,0
balanced,128,101,2,63.99999999999999,1,0.09179050615053053,0,0.11278178545511675,0.2425931641502881,0.12981137869517134,1,1,0,0
balanced,128,102,2,63.99999999999999,1,0.09179050615053053,0,0.15567569848093288,0.2854870771761042,0.12981137869517134,1,1,0,0
balanced,128,103,2,63.99999999999999,1,0.09179050615053053,0,0.14478895851591295,0.2746003372110843,0.12981137869517134,1,1,0,0
balanced,128,104,2,63.99999999999999,0,0.09179050615053042,0,0.09164755908104494,0.22145893777621628,0.12981137869517134,1,1,0,0
balanced,128,105,2,63.99999999999999,1,0.09179050615053064,0,0.15890479300562083,0.28871617170079217,0.12981137869517134,1,1,0,0
balanced,128,106,2,63.99999999999999,1,0.09179050615053064,0,0.13484922273413408,0.2646606014293054,0.12981137869517134,1,1,0,0
balanced,128,107,2,63.99999999999999,1,0.09179050615053064,0,0.14478828364052115,0.2745996623356925,0.12981137869517134,1,1,0,0
balanced,128,108,2,63.99999999999999,1,0.09179050615053064,0,0.16336175939655162,0.29317313809172296,0.12981137869517134,1,1,0,0
balanced,128,109,2,63.99999999999999,1,0.09179050615053053,0,0.14012094947860276,0.2699323281737741,0.12981137869517134,1,1,0,0
balanced,128,110,2,63.99999999999999,1,0.09179050615053064,0,0.13117426080365718,0.2609856394988285,0.12981137869517134,1,1,0,0
balanced,128,111,2,63.99999999999999,1,0.09179050615053064,0,0.14868756189681503,0.2784989405919864,0.12981137869517134,1,1,0,0
balanced,128,112,2,63.99999999999999,0,0.09179050615053053,0,0.15488263585664663,0.284694014551818,0.12981137869517134,1,1,0,0
balanced,128,113,2,63.99999999999999,1,0.09179050615053042,0,0.1388421834760626,0.26865356217123393,0.12981137869517134,1,1,0,0
balanced,128,114,2,63.99999999999999,1,0.09179050615053064,0,0.11038524707567066,0.240196625770842,0.12981137869517134,1,1,0,0
balanced,128,115,2,63.99999999999999,1,0.09179050615053064,0,0.12646193433743474,0.2562733130326061,0.12981137869517134,1,1,0,0
balanced,128,116,2,63.99999999999999,1,0.09179050615053053,0,0.1547891786488504,0.28460055734402173,0.12981137869517134,1,1,0,0
balanced,128,117,2,63.99999999999999,1,0.09179050615053053,0,0.16917986134245971,0.29899124003763106,0.12981137869517134,1,1,0,0
balanced,128,118,2,63.99999999999999,1,0.09179050615053053,0,0.12630159551092357,0.2561129742060949,0.12981137869517134,1,1,0,0
balanced,128,119,2,63.99999999999999,1,0.09179050615053053,0,0.16794887291636917,0.2977602516115405,0.12981137869517134,1,1,0,0
balanced,128,120,2,63.99999999999999,1,0.09179050615053064,0,0.11992519230655885,0.2497365710017302,0.12981137869517134,1,1,0,0
balanced,128,121,2,63.99999999999999,1,0.09179050615053064,0,0.11558955490218448,0.24540093359735582,0.12981137869517134,1,1,0,0
balanced,128,122,2,63.99999999999999,1,0.09179050615053064,0,0.1548123268861618,0.28462370558133315,0.12981137869517134,1,1,0,0
balanced,128,123,2,63.99999999999999,1,0.09179050615053053,0,0.16903139926258703,0.2988427779577584,0.12981137869517134,1,1,0,0
balanced,128,124,2,63.99999999999999,1,0.09179050615053053,0,0.11276167425128275,0.2425730529464541,0.12981137869517134,1,1,0,0
balanced,128,125,2,63.99999999999999,0,0.09179050615053064,0,0.1418584910077783,0.27166986970294965,0.12981137869517134,1,1,0,0
balanced,128,126,2,63.99999999999999,1,0.09179050615053064,0,0.13369335379130443,0.26350473248647577,0.12981137869517134,1,1,0,0
balanced,128,127,2,63.99999999999999,1,0.09179050615053064,0,0.08663581844565343,0.21644719714082478,0.12981137869517134,1,1,0,0
balanced,128,128,2,63.99999999999999,1,0.09179050615053053,0,0.17320000884356895,0.3030113875387403,0.12981137869517134,1,1,0,0
balanced,128,129,2,63.99999999999999,1,0.09179050615053064,0,0.1254285462141363,0.25523992490930764,0.12981137869517134,1,1,0,0
balanced,128,130,2,63.99999999999999,1,0.09179050615053042,0,0.13632659153301452,0.26613797022818586,0.12981137869517134,1,1,0,0
balanced,128,131,2,63.99999999999999,1,0.09179050615053064,0,0.14925893738149287,0.2790703160766642,0.12981137869517134,1,1,0,0
balanced,128,132,2,63.99999999999999,1,0.09179050615053064,0,0.1056245039653334,0.23543588266050475,0.12981137869517134,1,1,0,0
balanced,128,133,2,63.99999999999999,1,0.09179050615053053,0,0.1198852844599193,0.24969666315509065,0.12981137869517134,1,1,0,0
balanced,128,134,2,63.99999999999999,1,0.09179050615053064,0,0.17202983797501115,0.3018412166701825,0.12981137869517134,1,1,0,0
balanced,128,135,2,63.99999999999999,1,0.09179050615053064,0,0.1361749974506034,0.26598637614577475,0.12981137869517134,1,1,0,0
balanced,128,136,2,63.99999999999999,1,0.09179050615053053,0,0.1007468375972927,0.23055821629246404,0.12981137869517134,1,1,0,0
balanced,128,137,2,63.99999999999999,1,0.09179050615053042,0,0.10282882349932981,0.23264020219450116,0.12981137869517134,1,1,0,0
balanced,128,138,2,63.99999999999999,1,0.09179050615053064,0,0.15033534363636641,0.28014672233153776,0.12981137869517134,1,1,0,0
balanced,128,139,2,63.99999999999999,1,0.09179050615053053,0,0.12717686649946924,0.2569882451946406,0.12981137869517134,1,1,0,0
balanced,128,140,2,63.99999999999999,1,0.09179050615053064,0,0.10174117999814308,0.23155255869331443,0.12981137869517134,1,1,0,0
balanced,128,141,2,63.99999999999999,1,0.09179050615053053,0,0.09461642630731554,0.22442780500248688,0.12981137869517134,1,1,0,0
balanced,128,142,2,63.99999999999999,1,0.09179050615053064,0,0.12233980552227569,0.25215118421744703,0.12981137869517134,1,1,0,0
balanced,128,143,2,63.99999999999999,1,0.09179050615053053,0,0.1498673110307927,0.27967868972596405,0.12981137869517134,1,1,0,0
balanced,128,144,2,63.99999999999999,1,0.09179050615053064,0,0.15487640575867562,0.28468778445384696,0.12981137869517134,1,1,0,0
balanced,128,145,2,63.99999999999999,1,0.09179050615053053,0,0.14018022773219646,0.2699916064273678,0.12981137869517134,1,1,0,0
balanced,128,146,2,63.99999999999999,1,0.09179050615053053,0,0.13428433951228808,0.2640957182074594,0.12981137869517134,1,1,0,0
balanced,128,147,2,63.99999999999999,1,0.09179050615053064,0,0.12916582240129,0.25897720109646133,0.12981137869517134,1,1,0,0
balanced,128,148,2,63.99999999999999,0,0.09179050615053064,0,0.058000615674394074,0.18781199436956542,0.12981137869517134,0,1,0,0
balanced,128,149,2,63.99999999999999,1,0.09179050615053064,0,0.12794616185247576,0.2577575405476471,0.12981137869517134,1,1,0,0
balanced,128,150,2,63.99999999999999,1,0.09179050615053042,0,0.1709282872994976,0.30073966599466895,0.12981137869517134,1,1,0,0
balanced,128,151,2,63.99999999999999,1,0.09179050615053053,0,0.1295821106870811,0.25939348938225243,0.12981137869517134,1,1,0,0
balanced,128,152,2,63.99999999999999,1,0.09179050615053064,0,0.13310854975493497,0.2629199284501063,0.12981137869517134,1,1,0,0
balanced,128,153,2,63.99999999999999,1,0.09179050615053053,0,0.11750055035930279,0.24731192905447413,0.12981137869517134,1,1,0,0
balanced,128,154,2,63.99999999999999,1,0.09179050615053053,0,0.1552877748290648,0.28509915352423615,0.12981137869517134,1,1,0,0
balanced,128,155,2,63.99999999999999,1,0.09179050615053064,0,0.12532053095751,0.25513190965268134,0.12981137869517134,1,1,0,0
balanced,128,156,2,63.99999999999999,1,0.09179050615053064,0,0.13745747930710078,0.2672688580022721,0.12981137869517134,1,1,0,0
balanced,128,157,2,63.99999999999999,1,0.09179050615053064,0,0.07790314252274849,0.20771452121791983,0.12981137869517134,1,1,0,0
balanced,128,158,2,63.99999999999999,1,0.09179050615053053,0,0.15332507925633515,0.2831364579515065,0.12981137869517134,1,1,0,0
balanced,128,159,2,63.99999999999999,1,0.09179050615053053,0,0.13768885157885774,0.2675002302740291,0.12981137869517134,1,1,0,0
balanced,128,160,2,63.99999999999999,1,0.09179050615053053,0,0.13652938254461655,0.2663407612397879,0.12981137869517134,1,1,0,0
balanced,128,161,2,63.99999999999999,1,0.09179050615053064,0,0.09418214009221537,0.22399351878738671,0.12981137869517134,1,1,0,0
balanced,128,162,2,63.99999999999999,1,0.09179050615053064,0,0.14583050246957602,0.27564188116474736,0.12981137869517134,1,1,0,0
balanced,128,163,2,63.99999999999999,1,0.09179050615053064,0,0.12809475558332778,0.2579061342784991,0.12981137869517134,1,1,0,0
balanced,128,164,2,63.99999999999999,1,0.09179050615053053,0,0.13122141598542947,0.2610327946806008,0.12981137869517134,1,1,0,0
balanced,128,165,2,63.99999999999999,1,0.09179050615053053,0,0.12171791895725281,0.25152929765242416,0.12981137869517134,1,1,0,0
balanced,128,166,2,63.99999999999999,1,0.09179050615053064,0,0.10275912717674163,0.23257050587191297,0.12981137869517134,1,1,0,0
balanced,128,167,2,63.99999999999999,1,0.09179050615053053,0,0.12549278477385245,0.2553041634690238,0.12981137869517134,1,1,0,0
balanced,128,168,2,63.99999999999999,1,0.09179050615053064,0,0.15019429441134485,0.2800056731065162,0.12981137869517134,1,1,0,0
balanced,128,169,2,63.99999999999999,1,0.09179050615053042,0,0.1123956736032718,0.24220705229844314,0.12981137869517134,1,1,0,0
balanced,128,170,2,63.99999999999999,1,0.09179050615053064,0,0.1479734152809309,0.27778479397610223,0.12981137869517134,1,1,0,0
balanced,128,171,2,63.99999999999999,1,0.09179050615053064,0,0.1354402025213532,0.26525158121652453,0.12981137869517134,1,1,0,0
balanced,128,172,2,63.99999999999999,1,0.09179050615053064,0,0.14650647360836483,0.27631785230353617,0.12981137869517134,1,1,0,0
balanced,128,173,2,63.99999999999999,1,0.09179050615053064,0,0.1002779745439894,0.23008935323916074,0.12981137869517134,1,1,0,0
balanced,128,174,2,63.99999999999999,1,0.09179050615053064,0,0.11445550282987166,0.244266881525043,0.12981137869517134,1,1,0,0
balanced,128,175,2,63.99999999999999,1,0.09179050615053042,0,0.14818983586006662,0.27800121455523796,0.12981137869517134,1,1,0,0
balanced,128,176,2,63.99999999999999,1,0.09179050615053053,0,0.1487941479251964,0.27860552662036775,0.12981137869517134,1,1,0,0
balanced,128,177,2,63.99999999999999,1,0.09179050615053053,0,0.11579280258050728,0.24560418127567862,0.12981137869517134,1,1,0,0
balanced,128,178,2,63.99999999999999,1,0.09179050615053064,0,0.16189980246330232,0.29171118115847366,0.12981137869517134,1,1,0,0
balanced,128,179,2,63.99999999999999,1,0.09179050615053053,0,0.12332791012210759,0.25313928881727893,0.12981137869517134,1,1,0,0
balanced,128,180,2,63.99999999999999,1,0.09179050615053064,0,0.1325405774040559,0.26235195609922723,0.12981137869517134,1,1,0,0
balanced,128,181,2,63.99999999999999,1,0.09179050615053042,0,0.15967790431236034,0.2894892830075317,0.12981137869517134,1,1,0,0
balanced,128,182,2,63.99999999999999,1,0.09179050615053064,0,0.15206288712981375,0.2818742658249851,0.12981137869517134,1,1,0,0
balanced,128,183,2,63.99999999999999,1,0.09179050615053064,0,0.15815090067643722,0.28796227937160856,0.12981137869517134,1,1,0,0
balanced,128,184,2,63.99999999999999,1,0.09179050615053064,0,0.13609384709063826,0.2659052257858096,0.12981137869517134,1,1,0,0
balanced,128,185,2,63.99999999999999,1,0.09179050615053064,0,0.10788610729277914,0.23769748598795049,0.12981137869517134,1,1,0,0
balanced,128,186,2,63.99999999999999,1,0.09179050615053064,0,0.12439968968906157,0.2542110683842329,0.12981137869517134,1,1,0,0
balanced,128,187,2,63.99999999999999,1,0.09179050615053053,0,0.08989607820525025,0.2197074569004216,0.12981137869517134,1,1,0,0
balanced,128,188,2,63.99999999999999,1,0.09179050615053064,0,0.16379048710517613,0.2936018658003475,0.12981137869517134,1,1,0,0
balanced,128,189,2,63.99999999999999,1,0.09179050615053042,0,0.14756268918579163,0.27737406788096297,0.12981137869517134,1,1,0,0
balanced,128,190,2,63.99999999999999,1,0.09179050615053053,0,0.08861625929781869,0.21842763799299003,0.12981137869517134,1,1,0,0
balanced,128,191,2,63.99999999999999,1,0.09179050615053053,0,0.15584056729520995,0.2856519459903813,0.12981137869517134,1,1,0,0
balanced,128,192,2,63.99999999999999,1,0.09179050615053053,0,0.13760370526629273,0.2674150839614641,0.12981137869517134,1,1,0,0
balanced,128,193,2,63.99999999999999,1,0.09179050615053064,0,0.1198647259095868,0.24967610460475814,0.12981137869517134,1,1,0,0
balanced,128,194,2,63.99999999999999,0,0.09179050615053064,0,0.09848022401614737,0.2282916027113187,0.12981137869517134,1,1,0,0
balanced,128,195,2,63.99999999999999,1,0.09179050615053053,0,0.07857902922711779,0.20839040792228913,0.12981137869517134,1,1,0,0
balanced,128,196,2,63.99999999999999,1,0.09179050615053042,0,0.1488400154366279,0.27865139413179923,0.12981137869517134,1,1,0,0
balanced,128,197,2,63.99999999999999,1,0.09179050615053064,0,0.11711986013783021,0.24693123883300155,0.12981137869517134,1,1,0,0
balanced,128,198,2,63.99999999999999,1,0.09179050615053053,0,0.12464474699803924,0.2544561256932106,0.12981137869517134,1,1,0,0
balanced,128,199,2,63.99999999999999,1,0.09179050615053064,0,0.09120054977629899,0.22101192847147033,0.12981137869517134,1,1,0,0
balanced,128,200,2,63.99999999999999,1,0.09179050615053064,0,0.14327427023062755,0.2730856489257989,0.12981137869517134,1,1,0,0
balanced,128,201,2,63.99999999999999,1,0.09179050615053053,0,0.16196655781375463,0.291777936508926,0.12981137869517134,1,1,0,0
balanced,128,202,2,63.99999999999999,1,0.09179050615053053,0,0.1177439747490725,0.24755535344424384,0.12981137869517134,1,1,0,0
balanced,128,203,2,63.99999999999999,1,0.09179050615053053,0,0.11113211174032711,0.24094349043549845,0.12981137869517134,1,1,0,0
balanced,128,204,2,63.99999999999999,1,0.09179050615053053,0,0.1653528327752284,0.29516421147039973,0.12981137869517134,1,1,0,0
balanced,128,205,2,63.99999999999999,1,0.09179050615053053,0,0.15848168673259222,0.28829306542776356,0.12981137869517134,1,1,0,0
balanced,128,206,2,63.99999999999999,1,0.09179050615053053,0,0.14557040607698107,0.2753817847721524,0.12981137869517134,1,1,0,0
balanced,128,207,2,63.99999999999999,1,0.09179050615053064,0,0.12252567589468494,0.2523370545898563,0.12981137869517134,1,1,0,0
balanced,128,208,2,63.99999999999999,1,0.09179050615053053,0,0.1212704649513297,0.25108184364650105,0.12981137869517134,1,1,0,0
balanced,128,209,2,63.99999999999999,1,0.09179050615053053,0,0.1942681645276626,0.32407954322283394,0.12981137869517134,1,1,0,0
balanced,128,210,2,63.99999999999999,1,0.09179050615053064,0,0.1071190734900408,0.23693045218521214,0.12981137869517134,1,1,0,0
balanced,128,211,2,63.99999999999999,1,0.09179050615053053,0,0.13065550957522087,0.2604668882703922,0.12981137869517134,1,1,0,0
balanced,128,212,2,63.99999999999999,1,0.09179050615053053,0,0.17266875482673488,0.3024801335219062,0.12981137869517134,1,1,0,0
balanced,128,213,2,63.99999999999999,1,0.09179050615053064,0,0.08535487428834815,0.2151662529835195,0.12981137869517134,1,1,0,0
balanced,128,214,2,63.99999999999999,1,0.09179050615053053,0,0.14724400262515014,0.2770553813203215,0.12981137869517134,1,1,0,0
balanced,128,215,2,63.99999999999999,1,0.09179050615053053,0,0.16128909350064868,0.29110047219582,0.12981137869517134,1,1,0,0
balanced,128,216,2,63.99999999999999,1,0.09179050615053064,0,0.14861941364855885,0.2784307923437302,0.12981137869517134,1,1,0,0
balanced,128,217,2,63.99999999999999,1,0.09179050615053064,0,0.15347780927309346,0.2832891879682648,0.12981137869517134,1,1,0,0
balanced,128,218,2,63.99999999999999,1,0.09179050615053053,0,0.13197791763037647,0.2617892963255478,0.12981137869517134,1,1,0,0
balanced,128,219,2,63.99999999999999,1,0.09179050615053064,0,0.09792878044429543,0.22774015913946677,0.12981137869517134,1,1,0,0
balanced,128,220,2,63.99999999999999,1,0.09179050615053064,0,0.15675621782926225,0.2865675965244336,0.12981137869517134,1,1,0,0
balanced,128,221,2,63.99999999999999,1,0.09179050615053064,0,0.08805972983013227,0.21787110852530361,0.12981137869517134,1,1,0,0
balanced,128,222,2,63.99999999999999,1,0.09179050615053053,0,0.11379183339744792,0.24360321209261926,0.12981137869517134,1,1,0,0
balanced,128,223,2,63.99999999999999,1,0.09179050615053042,0,0.15100811880415982,0.28081949749933116,0.12981137869517134,1,1,0,0
balanced,128,224,2,63.99999999999999,1,0.09179050615053042,0,0.12328731829960177,0.2530986969947731,0.12981137869517134,1,1,0,0
balanced,128,225,2,63.99999999999999,1,0.09179050615053053,0,0.14956165290551388,0.2793730316006852,0.12981137869517134,1,1,0,0
balanced,128,226,2,63.99999999999999,1,0.09179050615053053,0,0.14161231408852737,0.2714236927836987,0.12981137869517134,1,1,0,0
balanced,128,227,2,63.99999999999999,1,0.09179050615053053,0,0.17346251187197553,0.3032738905671469,0.12981137869517134,1,1,0,0
balanced,128,228,2,63.99999999999999,1,0.09179050615053042,0,0.1128746985278033,0.24268607722297464,0.12981137869517134,1,1,0,0
balanced,128,229,2,63.99999999999999,1,0.09179050615053064,0,0.11654669511135485,0.2463580738065262,0.12981137869517134,1,1,0,0
balanced,128,230,2,63.99999999999999,1,0.09179050615053042,0,0.13071788581071558,0.2605292645058869,0.12981137869517134,1,1,0,0
balanced,128,231,2,63.99999999999999,1,0.09179050615053064,0,0.14285105383792895,0.2726624325331003,0.12981137869517134,1,1,0,0
balanced,128,232,2,63.99999999999999,1,0.09179050615053053,0,0.09869353981962459,0.22850491851479593,0.12981137869517134,1,1,0,0
balanced,128,233,2,63.99999999999999,1,0.09179050615053064,0,0.15921577748697113,0.2890271561821425,0.12981137869517134,1,1,0,0
balanced,128,234,2,63.99999999999999,1,0.09179050615053064,0,0.14865400206658197,0.2784653807617533,0.12981137869517134,1,1,0,0
balanced,128,235,2,63.99999999999999,1,0.09179050615053064,0,0.10460484683213583,0.23441622552730718,0.12981137869517134,1,1,0,0
balanced,128,236,2,63.99999999999999,1,0.09179050615053064,0,0.09697675207024747,0.22678813076541882,0.12981137869517134,1,1,0,0
balanced,128,237,2,63.99999999999999,1,0.09179050615053053,0,0.10881772893412617,0.2386291076292975,0.12981137869517134,1,1,0,0
balanced,128,238,2,63.99999999999999,1,0.09179050615053053,0,0.132513672392501,0.26232505108767235,0.12981137869517134,1,1,0,0
balanced,128,239,2,63.99999999999999,1,0.09179050615053053,0,0.11400268521212131,0.24381406390729266,0.12981137869517134,1,1,0,0
balanced,128,240,2,63.99999999999999,1,0.09179050615053064,0,0.12147149890399045,0.2512828775991618,0.12981137869517134,1,1,0,0
balanced,128,241,2,63.99999999999999,1,0.09179050615053053,0,0.14020798739269863,0.27001936608786997,0.12981137869517134,1,1,0,0
balanced,128,242,2,63.99999999999999,1,0.09179050615053064,0,0.10498255735747897,0.2347939360526503,0.12981137869517134,1,1,0,0
balanced,128,243,2,63.99999999999999,1,0.09179050615053064,0,0.13428486580281063,0.26409624449798197,0.12981137869517134,1,1,0,0
balanced,128,244,2,63.99999999999999,1,0.09179050615053064,0,0.10411564546840951,0.23392702416358085,0.12981137869517134,1,1,0,0
balanced,128,245,2,63.99999999999999,1,0.09179050615053042,0,0.13460113952129155,0.2644125182164629,0.12981137869517134,1,1,0,0
balanced,128,246,2,63.99999999999999,1,0.09179050615053053,0,0.1348739952939591,0.26468537398913045,0.12981137869517134,1,1,0,0
balanced,128,247,2,63.99999999999999,1,0.09179050615053042,0,0.12756532258342035,0.2573767012785917,0.12981137869517134,1,1,0,0
balanced,128,248,2,63.99999999999999,1,0.09179050615053053,0,0.13409661550101315,0.2639079941961845,0.12981137869517134,1,1,0,0
balanced,128,249,2,63.99999999999999,1,0.09179050615053064,0,0.18121771143995274,0.3110290901351241,0.12981137869517134,1,1,0,0
balanced,128,250,2,63.99999999999999,1,0.09179050615053064,0,0.16801044772578955,0.2978218264209609,0.12981137869517134,1,1,0,0
balanced,128,251,2,63.99999999999999,1,0.09179050615053053,0,0.16062190554077133,0.29043328423594267,0.12981137869517134,1,1,0,0
balanced,128,252,2,63.99999999999999,1,0.09179050615053053,0,0.15044987065548254,0.2802612493506539,0.12981137869517134,1,1,0,0
balanced,128,253,2,63.99999999999999,0,0.09179050615053064,0,0.10240637760918164,0.23221775630435298,0.12981137869517134,1,1,0,0
balanced,128,254,2,63.99999999999999,1,0.09179050615053053,0,0.12675545621695106,0.2565668349121224,0.12981137869517134,1,1,0,0
balanced,128,255,2,63.99999999999999,1,0.09179050615053053,0,0.09839249668270705,0.2282038753778784,0.12981137869517134,1,1,0,0
balanced,128,256,2,63.99999999999999,1,0.09179050615053064,0,0.1288877787090591,0.25869915740423044,0.12981137869517134,1,1,0,0
balanced,128,257,2,63.99999999999999,1,0.09179050615053064,0,0.15437873104775335,0.2841901097429247,0.12981137869517134,1,1,0,0
balanced,128,258,2,63.99999999999999,1,0.09179050615053053,0,0.12191394979900033,0.2517253284941717,0.12981137869517134,1,1,0,0
balanced,128,259,2,63.99999999999999,1,0.09179050615053053,0,0.1425572608571637,0.27236863955233503,0.12981137869517134,1,1,0,0
balanced,128,260,2,63.99999999999999,1,0.09179050615053053,0,0.12790313690406035,0.2577145155992317,0.12981137869517134,1,1,0,0
balanced,128,261,2,63.99999999999999,1,0.09179050615053053,0,0.14600273827351629,0.27581411696868763,0.12981137869517134,1,1,0,0
balanced,128,262,2,63.99999999999999,1,0.09179050615053053,0,0.14358236114163597,0.2733937398368073,0.12981137869517134,1,1,0,0
balanced,128,263,2,63.99999999999999,1,0.09179050615053053,0,0.17054285727956592,0.30035423597473726,0.12981137869517134,1,1,0,0
balanced,128,264,2,63.99999999999999,1,0.09179050615053053,0,0.11068422535828232,0.24049560405345366,0.12981137869517134,1,1,0,0
balanced,128,265,2,63.99999999999999,1,0.09179050615053064,0,0.09941027076744052,0.22922164946261187,0.12981137869517134,1,1,0,0
balanced,128,266,2,63.99999999999999,1,0.09179050615053053,0,0.16478407244787052,0.29459545114304186,0.12981137869517134,1,1,0,0
balanced,128,267,2,63.99999999999999,1,0.09179050615053053,0,0.16931392406225537,0.2991253027574267,0.12981137869517134,1,1,0,0
balanced,128,268,2,63.99999999999999,0,0.09179050615053053,0,0.08824128906216633,0.21805266775733767,0.12981137869517134,1,1,0,0
balanced,128,269,2,63.99999999999999,1,0.09179050615053064,0,0.09954993176640209,0.22936131046157343,0.12981137869517134,1,1,0,0
balanced,128,270,2,63.99999999999999,1,0.09179050615053053,0,0.1381155949281615,0.26792697362333284,0.12981137869517134,1,1,0,0
balanced,128,271,2,63.99999999999999,1,0.09179050615053064,0,0.14636951778005403,0.27618089647522537,0.12981137869517134,1,1,0,0
balanced,128,272,2,63.99999999999999,1,0.09179050615053064,0,0.13608552627704884,0.2658969049722202,0.12981137869517134,1,1,0,0
balanced,128,273,2,63.99999999999999,1,0.09179050615053053,0,0.1809526285960371,0.31076400729120846,0.12981137869517134,1,1,0,0
balanced,128,274,2,63.99999999999999,1,0.09179050615053053,0,0.15882091380767643,0.2886322925028478,0.12981137869517134,1,1,0,0
balanced,128,275,2,63.99999999999999,1,0.09179050615053064,0,0.16696996541559217,0.2967813441107635,0.12981137869517134,1,1,0,0
balanced,128,276,2,63.99999999999999,1,0.09179050615053053,0,0.1685523974544197,0.29836377614959103,0.12981137869517134,1,1,0,0
balanced,128,277,2,63.99999999999999,1,0.09179050615053053,0,0.10889236035526956,0.2387037390504409,0.12981137869517134,1,1,0,0
balanced,128,278,2,63.99999999999999,1,0.09179050615053053,0,0.15178834433104177,0.2815997230262131,0.12981137869517134,1,1,0,0
balanced,128,279,2,63.99999999999999,1,0.09179050615053053,0,0.15178723759285312,0.28159861628802446,0.12981137869517134,1,1,0,0
balanced,128,280,2,63.99999999999999,1,0.09179050615053053,0,0.1167684880033179,0.24657986669848925,0.12981137869517134,1,1,0,0
balanced,128,281,2,63.99999999999999,1,0.09179050615053053,0,0.1315818302175643,0.26139320891273565,0.12981137869517134,1,1,0,0
balanced,128,282,2,63.99999999999999,1,0.09179050615053042,0,0.10159920725681276,0.2314105859519841,0.12981137869517134,1,1,0,0
balanced,128,283,2,63.99999999999999,1,0.09179050615053064,0,0.16051849693553244,0.2903298756307038,0.12981137869517134,1,1,0,0
balanced,128,284,2,63.99999999999999,1,0.09179050615053064,0,0.10213587554798148,0.23194725424315282,0.12981137869517134,1,1,0,0
balanced,128,285,2,63.99999999999999,1,0.09179050615053053,0,0.08996763646507039,0.21977901516024173,0.12981137869517134,1,1,0,0
balanced,128,286,2,63.99999999999999,1,0.09179050615053064,0,0.15555672887538474,0.2853681075705561,0.12981137869517134,1,1,0,0
balanced,128,287,2,63.99999999999999,1,0.09179050615053064,0,0.14516365585933033,0.2749750345545017,0.12981137869517134,1,1,0,0
balanced,128,288,2,63.99999999999999,0,0.09179050615053053,0,0.16797857642887165,0.297789955124043,0.12981137869517134,1,1,0,0
balanced,128,289,2,63.99999999999999,1,0.09179050615053064,0,0.10421108018095826,0.2340224588761296,0.12981137869517134,1,1,0,0
balanced,128,290,2,63.99999999999999,1,0.09179050615053053,0,0.17435235523054288,0.3041637339257142,0.12981137869517134,1,1,0,0
balanced,128,291,2,63.99999999999999,1,0.09179050615053053,0,0.1287963274212503,0.25860770611642164,0.12981137869517134,1,1,0,0
balanced,128,292,2,63.99999999999999,1,0.09179050615053064,0,0.13362620242607498,0.2634375811212463,0.12981137869517134,1,1,0,0
balanced,128,293,2,63.99999999999999,1,0.09179050615053064,0,0.1373567737945417,0.26716815248971304,0.12981137869517134,1,1,0,0
balanced,128,294,2,63.99999999999999,1,0.09179050615053064,0,0.11764765178236025,0.2474590304775316,0.12981137869517134,1,1,0,0
balanced,128,295,2,63.99999999999999,1,0.09179050615053053,0,0.16764543308653956,0.2974568117817109,0.12981137869517134,1,1,0,0
balanced,128,296,2,63.99999999999999,1,0.09179050615053053,0,0.1318639360206152,0.26167531471578653,0.12981137869517134,1,1,0,0
balanced,128,297,2,63.99999999999999,1,0.09179050615053053,0,0.11668678963233581,0.24649816832750715,0.12981137869517134,1,1,0,0
balanced,128,298,2,63.99999999999999,1,0.09179050615053064,0,0.14296539053343948,0.2727767692286108,0.12981137869517134,1,1,0,0
balanced,128,299,2,63.99999999999999,1,0.09179050615053053,0,0.1366330677761477,0.26644444647131904,0.12981137869517134,1,1,0,0
balanced,512,0,2,255.99999999999997,1,0.04589525307526532,0,0.16185931328571695,0.22676500263330263,0.06490568934758567,1,1,0,0
balanced,512,1,2,255.99999999999997,1,0.04589525307526521,0,0.1748073038535748,0.23971299320116046,0.06490568934758567,1,1,0,0
balanced,512,2,2,255.99999999999997,1,0.04589525307526521,0,0.1692983036711871,0.23420399301877276,0.06490568934758567,1,1,0,0
balanced,512,3,2,255.99999999999997,1,0.04589525307526532,0,0.16959290751089662,0.2344985968584823,0.06490568934758567,1,1,0,0
balanced,512,4,2,255.99999999999997,1,0.04589525307526532,0,0.15200269518971504,0.2169083845373007,0.06490568934758567,1,1,0,0
balanced,512,5,2,255.99999999999997,1,0.04589525307526521,0,0.15392599306304894,0.2188316824106346,0.06490568934758567,1,1,0,0
balanced,512,6,2,255.99999999999997,1,0.04589525307526532,0,0.17791110535055082,0.2428167946981365,0.06490568934758567,1,1,0,0
balanced,512,7,2,255.99999999999997,1,0.04589525307526532,0,0.1669637932453084,0.23186948259289408,0.06490568934758567,1,1,0,0
balanced,512,8,2,255.99999999999997,0,0.04589525307526543,0,0.18072614465752385,0.24563183400510952,0.06490568934758567,1,1,0,0
balanced,512,9,2,255.99999999999997,1,0.04589525307526532,0,0.17860014743523372,0.2435058367828194,0.06490568934758567,1,1,0,0
balanced,512,10,2,255.99999999999997,1,0.04589525307526532,0,0.16538817866851968,0.23029386801610535,0.06490568934758567,1,1,0,0
balanced,512,11,2,255.99999999999997,0,0.04589525307526521,0,0.1362985494241239,0.20120423877170956,0.06490568934758567,1,1,0,0
balanced,512,12,2,255.99999999999997,0,0.04589525307526532,0,0.1820011886906704,0.24690687803825606,0.06490568934758567,1,1,0,0
balanced,512,13,2,255.99999999999997,1,0.04589525307526532,0,0.19030131337587325,0.2552070027234589,0.06490568934758567,1,1,0,0
balanced,512,14,2,255.99999999999997,0,0.04589525307526521,0,0.17311857298219357,0.23802426232977925,0.06490568934758567,1,1,0,0
balanced,512,15,2,255.99999999999997,1,0.04589525307526532,0,0.152784481174629,0.21769017052221468,0.06490568934758567,1,1,0,0
balanced,512,16,2,255.99999999999997,0,0.04589525307526521,0,0.14467198422748617,0.20957767357507184,0.06490568934758567,1,1,0,0
balanced,512,17,2,255.99999999999997,1,0.04589525307526521,0,0.18731175455678373,0.2522174439043694,0.06490568934758567,1,1,0,0
balanced,512,18,2,255.99999999999997,1,0.04589525307526521,0,0.18098525766233653,0.2458909470099222,0.06490568934758567,1,1,0,0
balanced,512,19,2,255.99999999999997,1,0.04589525307526532,0,0.16619227093676314,0.2310979602843488,0.06490568934758567,1,1,0,0
balanced,512,20,2,255.99999999999997,1,0.04589525307526543,0,0.1763299324157574,0.24123562176334307,0.06490568934758567,1,1,0,0
balanced,512,21,2,255.99999999999997,1,0.04589525307526521,0,0.1636668618859924,0.22857255123357806,0.06490568934758567,1,1,0,0
balanced,512,22,2,255.99999999999997,1,0.04589525307526543,0,0.16692964743437055,0.23183533678195622,0.06490568934758567,1,1,0,0
balanced,512,23,2,255.99999999999997,1,0.04589525307526521,0,0.17376439976192537,0.23867008910951104,0.06490568934758567,1,1,0,0
balanced,512,24,2,255.99999999999997,1,0.04589525307526532,0,0.16154216985257402,0.2264478592001597,0.06490568934758567,1,1,0,0
balanced,512,25,2,255.99999999999997,0,0.04589525307526521,0,0.1328749432381534,0.19778063258573908,0.06490568934758567,0,1,0,0
balanced,512,26,2,255.99999999999997,1,0.04589525307526532,0,0.16120391341310597,0.22610960276069164,0.06490568934758567,1,1,0,0
balanced,512,27,2,255.99999999999997,1,0.04589525307526532,0,0.15320112869537034,0.218106818042956,0.06490568934758567,1,1,0,0
balanced,512,28,2,255.99999999999997,1,0.04589525307526521,0,0.18274936344173853,0.2476550527893242,0.06490568934758567,1,1,0,0
balanced,512,29,2,255.99999999999997,1,0.04589525307526532,0,0.17111294018107148,0.23601862952865715,0.06490568934758567,1,1,0,0
balanced,512,30,2,255.99999999999997,1,0.04589525307526521,0,0.1957885925246024,0.26069428187218807,0.06490568934758567,1,1,0,0
balanced,512,31,2,255.99999999999997,1,0.04589525307526532,0,0.16386989513831302,0.2287755844858987,0.06490568934758567,1,1,0,0
balanced,512,32,2,255.99999999999997,1,0.04589525307526543,0,0.1920497015051028,0.2569553908526885,0.06490568934758567,1,1,0,0
balanced,512,33,2,255.99999999999997,1,0.04589525307526532,0,0.1677680164214574,0.23267370576904306,0.06490568934758567,1,1,0,0
balanced,512,34,2,255.99999999999997,1,0.04589525307526543,0,0.17304312338797284,0.2379488127355585,0.06490568934758567,1,1,0,0
balanced,512,35,2,255.99999999999997,1,0.04589525307526532,0,0.15756368084185135,0.22246937018943702,0.06490568934758567,1,1,0,0
balanced,512,36,2,255.99999999999997,1,0.04589525307526521,0,0.18290278759987605,0.24780847694746172,0.06490568934758567,1,1,0,0
balanced,512,37,2,255.99999999999997,1,0.04589525307526521,0,0.1677270023934168,0.23263269174100248,0.06490568934758567,1,1,0,0
balanced,512,38,2,255.99999999999997,1,0.04589525307526532,0,0.17107740775498936,0.23598309710257503,0.06490568934758567,1,1,0,0
balanced,512,39,2,255.99999999999997,1,0.04589525307526521,0,0.17895443721559978,0.24386012656318545,0.06490568934758567,1,1,0,0
balanced,512,40,2,255.99999999999997,1,0.04589525307526532,0,0.17094841231620483,0.2358541016637905,0.06490568934758567,1,1,0,0
balanced,512,41,2,255.99999999999997,1,0.04589525307526521,0,0.14774946328382682,0.2126551526314125,0.06490568934758567,1,1,0,0
balanced,512,42,2,255.99999999999997,1,0.04589525307526532,0,0.1873151030474834,0.25222079239506906,0.06490568934758567,1,1,0,0
balanced,512,43,2,255.99999999999997,1,0.04589525307526521,0,0.1686015932217833,0.23350728256936898,0.06490568934758567,1,1,0,0
balanced,512,44,2,255.99999999999997,1,0.04589525307526521,0,0.16725161281735867,0.23215730216494435,0.06490568934758567,1,1,0,0
balanced,512,45,2,255.99999999999997,1,0.04589525307526521,0,0.1678337288292302,0.23273941817681587,0.06490568934758567,1,1,0,0
balanced,512,46,2,255.99999999999997,1,0.04589525307526543,0,0.14693359548570256,0.21183928483328823,0.06490568934758567,1,1,0,0
balanced,512,47,2,255.99999999999997,1,0.04589525307526532,0,0.14586288763166622,0.2107685769792519,0.06490568934758567,1,1,0,0
balanced,512,48,2,255.99999999999997,1,0.04589525307526521,0,0.17604034706752525,0.24094603641511092,0.06490568934758567,1,1,0,0
balanced,512,49,2,255.99999999999997,1,0.04589525307526521,0,0.14258344580273957,0.20748913515032524,0.06490568934758567,1,1,0,0
balanced,512,50,2,255.99999999999997,1,0.04589525307526532,0,0.1882706123780944,0.25317630172568006,0.06490568934758567,1,1,0,0
balanced,512,51,2,255.99999999999997,1,0.04589525307526521,0,0.1637605401454454,0.22866622949303106,0.06490568934758567,1,1,0,0
balanced,512,52,2,255.99999999999997,1,0.04589525307526521,0,0.16753008654911494,0.2324357758967006,0.06490568934758567,1,1,0,0
balanced,512,53,2,255.99999999999997,1,0.04589525307526521,0,0.17614462184785556,0.24105031119544124,0.06490568934758567,1,1,0,0
balanced,512,54,2,255.99999999999997,1,0.04589525307526543,0,0.17156159699841528,0.23646728634600095,0.06490568934758567,1,1,0,0
balanced,512,55,2,255.99999999999997,0,0.04589525307526521,0,0.1729722572503204,0.23787794659790606,0.06490568934758567,1,1,0,0
balanced,512,56,2,255.99999999999997,1,0.04589525307526532,0,0.15442321747918364,0.2193289068267693,0.06490568934758567,1,1,0,0
balanced,512,57,2,255.99999999999997,1,0.04589525307526521,0,0.1760143180798689,0.24092000742745456,0.06490568934758567,1,1,0,0
balanced,512,58,2,255.99999999999997,1,0.04589525307526521,0,0.17281001337095464,0.2377157027185403,0.06490568934758567,1,1,0,0
balanced,512,59,2,255.99999999999997,1,0.04589525307526532,0,0.16915473909726014,0.23406042844484581,0.06490568934758567,1,1,0,0
balanced,512,60,2,255.99999999999997,1,0.04589525307526521,0,0.17157390204170125,0.23647959138928693,0.06490568934758567,1,1,0,0
balanced,512,61,2,255.99999999999997,1,0.04589525307526532,0,0.1560606267540034,0.22096631610158907,0.06490568934758567,1,1,0,0
balanced,512,62,2,255.99999999999997,1,0.04589525307526521,0,0.19011241553633362,0.2550181048839193,0.06490568934758567,1,1,0,0
balanced,512,63,2,255.99999999999997,1,0.04589525307526521,0,0.17407065949074568,0.23897634883833135,0.06490568934758567,1,1,0,0
balanced,512,64,2,255.99999999999997,1,0.04589525307526532,0,0.17491762201361838,0.23982331136120405,0.06490568934758567,1,1,0,0
balanced,512,65,2,255.99999999999997,1,0.04589525307526532,0,0.15990844749575828,0.22481413684334395,0.06490568934758567,1,1,0,0
balanced,512,66,2,255.99999999999997,1,0.04589525307526521,0,0.1631585814409367,0.22806427078852237,0.06490568934758567,1,1,0,0
balanced,512,67,2,255.99999999999997,1,0.04589525307526532,0,0.16337124531612024,0.2282769346637059,0.06490568934758567,1,1,0,0
balanced,512,68,2,255.99999999999997,0,0.04589525307526532,0,0.13722588063253838,0.20213156998012405,0.06490568934758567,1,1,0,0
balanced,512,69,2,255.99999999999997,1,0.04589525307526532,0,0.17352794942442107,0.23843363877200674,0.06490568934758567,1,1,0,0
balanced,512,70,2,255.99999999999997,1,0.04589525307526521,0,0.15920182291521873,0.2241075122628044,0.06490568934758567,1,1,0,0
balanced,512,71,2,255.99999999999997,1,0.04589525307526543,0,0.1412749478102785,0.20618063715786417,0.06490568934758567,1,1,0,0
balanced,512,72,2,255.99999999999997,1,0.04589525307526543,0,0.17370715159636985,0.23861284094395552,0.06490568934758567,1,1,0,0
balanced,512,73,2,255.99999999999997,1,0.04589525307526521,0,0.15815973371465591,0.22306542306224159,0.06490568934758567,1,1,0,0
balanced,512,74,2,255.99999999999997,1,0.04589525307526521,0,0.18833813040278113,0.2532438197503668,0.06490568934758567,1,1,0,0
balanced,512,75,2,255.99999999999997,1,0.04589525307526543,0,0.16987455665871382,0.2347802460062995,0.06490568934758567,1,1,0,0
balanced,512,76,2,255.99999999999997,1,0.04589525307526521,0,0.17171483567549672,0.2366205250230824,0.06490568934758567,1,1,0,0
balanced,512,77,2,255.99999999999997,1,0.04589525307526521,0,0.18962792611018214,0.2545336154577678,0.06490568934758567,1,1,0,0
balanced,512,78,2,255.99999999999997,1,0.04589525307526521,0,0.15646727123061027,0.22137296057819594,0.06490568934758567,1,1,0,0
balanced,512,79,2,255.99999999999997,1,0.04589525307526543,0,0.18567589192928957,0.25058158127687524,0.06490568934758567,1,1,0,0
balanced,512,80,2,255.99999999999997,1,0.04589525307526532,0,0.18186204652435412,0.2467677358719398,0.06490568934758567,1,1,0,0
balanced,512,81,2,255.99999999999997,1,0.04589525307526532,0,0.1551298643115782,0.22003555365916388,0.06490568934758567,1,1,0,0
balanced,512,82,2,255.99999999999997,1,0.04589525307526532,0,0.16767001846583768,0.23257570781342335,0.06490568934758567,1,1,0,0
balanced,512,83,2,255.99999999999997,1,0.04589525307526543,0,0.18260800384833192,0.2475136931959176,0.06490568934758567,1,1,0,0
balanced,512,84,2,255.99999999999997,1,0.04589525307526521,0,0.16182342856379056,0.22672911791137623,0.06490568934758567,1,1,0,0
balanced,512,85,2,255.99999999999997,1,0.04589525307526532,0,0.18082683107363634,0.245732520421222,0.06490568934758567,1,1,0,0
balanced,512,86,2,255.99999999999997,1,0.04589525307526521,0,0.18316336839057873,0.2480690577381644,0.06490568934758567,1,1,0,0
balanced,512,87,2,255.99999999999997,1,0.04589525307526532,0,0.17282811878616128,0.23773380813374695,0.06490568934758567,1,1,0,0
balanced,512,88,2,255.99999999999997,1,0.04589525307526532,0,0.15386030784457294,0.2187659971921586,0.06490568934758567,1,1,0,0
balanced,512,89,2,255.99999999999997,1,0.04589525307526521,0,0.1544592226937152,0.21936491204130087,0.06490568934758567,1,1,0,0
balanced,512,90,2,255.99999999999997,1,0.04589525307526543,0,0.16286910368385615,0.22777479303144182,0.06490568934758567,1,1,0,0
balanced,512,91,2,255.99999999999997,1,0.04589525307526532,0,0.1580322609545412,0.22293795030212687,0.06490568934758567,1,1,0,0
balanced,512,92,2,255.99999999999997,1,0.04589525307526532,0,0.16728484921674613,0.2321905385643318,0.06490568934758567,1,1,0,0
balanced,512,93,2,255.99999999999997,1,0.04589525307526532,0,0.16457760454474085,0.22948329389232652,0.06490568934758567,1,1,0,0
balanced,512,94,2,255.99999999999997,1,0.04589525307526521,0,0.17485476528324406,0.23976045463082973,0.06490568934758567,1,1,0,0
balanced,512,95,2,255.99999999999997,1,0.04589525307526532,0,0.15143759659469297,0.21634328594227864,0.06490568934758567,1,1,0,0
balanced,512,96,2,255.99999999999997,1,0.04589525307526532,0,0.18480253207020414,0.2497082214177898,0.06490568934758567,1,1,0,0
balanced,512,97,2,255.99999999999997,1,0.04589525307526532,0,0.16228619130060956,0.22719188064819523,0.06490568934758567,1,1,0,0
balanced,512,98,2,255.99999999999997,1,0.04589525307526532,0,0.16632310050810567,0.23122878985569134,0.06490568934758567,1,1,0,0
balanced,512,99,2,255.99999999999997,1,0.04589525307526532,0,0.16956788782448284,0.23447357717206851,0.06490568934758567,1,1,0,0
balanced,512,100,2,255.99999999999997,1,0.04589525307526543,0,0.16170288982907538,0.22660857917666105,0.06490568934758567,1,1,0,0
balanced,512,101,2,255.99999999999997,1,0.04589525307526543,0,0.1608073399961934,0.22571302934377907,0.06490568934758567,1,1,0,0
balanced,512,102,2,255.99999999999997,1,0.04589525307526532,0,0.1615065614977399,0.22641225084532557,0.06490568934758567,1,1,0,0
balanced,512,103,2,255.99999999999997,1,0.04589525307526532,0,0.16696246748524296,0.23186815683282863,0.06490568934758567,1,1,0,0
balanced,512,104,2,255.99999999999997,1,0.04589525307526521,0,0.16044836194735496,0.22535405129494063,0.06490568934758567,1,1,0,0
balanced,512,105,2,255.99999999999997,1,0.04589525307526521,0,0.17824943164071722,0.2431551209883029,0.06490568934758567,1,1,0,0
balanced,512,106,2,255.99999999999997,1,0.04589525307526532,0,0.15877392843811206,0.22367961778569773,0.06490568934758567,1,1,0,0
balanced,512,107,2,255.99999999999997,1,0.04589525307526521,0,0.19434907930240608,0.25925476864999175,0.06490568934758567,1,1,0,0
balanced,512,108,2,255.99999999999997,1,0.04589525307526532,0,0.15366304111432005,0.21856873046190572,0.06490568934758567,1,1,0,0
balanced,512,109,2,255.99999999999997,1,0.04589525307526521,0,0.1856595068728737,0.25056519622045936,0.06490568934758567,1,1,0,0
balanced,512,110,2,255.99999999999997,1,0.04589525307526532,0,0.1884203535574322,0.25332604290501787,0.06490568934758567,1,1,0,0
balanced,512,111,2,255.99999999999997,1,0.04589525307526532,0,0.19073673809724817,0.25564242744483384,0.06490568934758567,1,1,0,0
balanced,512,112,2,255.99999999999997,1,0.04589525307526543,0,0.14879581276891224,0.2137015021164979,0.06490568934758567,1,1,0,0
balanced,512,113,2,255.99999999999997,1,0.04589525307526532,0,0.14588769554641806,0.21079338489400373,0.06490568934758567,1,1,0,0
balanced,512,114,2,255.99999999999997,1,0.04589525307526532,0,0.1479554475564715,0.21286113690405717,0.06490568934758567,1,1,0,0
balanced,512,115,2,255.99999999999997,1,0.04589525307526543,0,0.16038577014201444,0.2252914594896001,0.06490568934758567,1,1,0,0
balanced,512,116,2,255.99999999999997,0,0.04589525307526521,0,0.13753917451883657,0.20244486386642224,0.06490568934758567,1,1,0,0
balanced,512,117,2,255.99999999999997,1,0.04589525307526521,0,0.16435820970588394,0.2292638990534696,0.06490568934758567,1,1,0,0
balanced,512,118,2,255.99999999999997,0,0.04589525307526532,0,0.17968910738966615,0.24459479673725182,0.06490568934758567,1,1,0,0
balanced,512,119,2,255.99999999999997,1,0.04589525307526532,0,0.17105025900323517,0.23595594835082084,0.06490568934758567,1,1,0,0
balanced,512,120,2,255.99999999999997,1,0.04589525307526532,0,0.1817849732719416,0.24669066261952727,0.06490568934758567,1,1,0,0
balanced,512,121,2,255.99999999999997,1,0.04589525307526543,0,0.14657448265486334,0.211480172002449,0.06490568934758567,1,1,0,0
balanced,512,122,2,255.99999999999997,1,0.04589525307526532,0,0.1746204963821817,0.23952618572976736,0.06490568934758567,1,1,0,0
balanced,512,123,2,255.99999999999997,1,0.04589525307526521,0,0.1657633829047937,0.23066907225237937,0.06490568934758567,1,1,0,0
balanced,512,124,2,255.99999999999997,1,0.04589525307526543,0,0.17740966607585795,0.24231535542344362,0.06490568934758567,1,1,0,0
balanced,512,125,2,255.99999999999997,1,0.04589525307526532,0,0.14957560444150925,0.21448129378909492,0.06490568934758567,1,1,0,0
balanced,512,126,2,255.99999999999997,1,0.04589525307526532,0,0.16537908545230734,0.230284774799893,0.06490568934758567,1,1,0,0
balanced,512,127,2,255.99999999999997,1,0.04589525307526532,0,0.15152633344190247,0.21643202278948814,0.06490568934758567,1,1,0,0
balanced,512,128,2,255.99999999999997,1,0.04589525307526532,0,0.1721233259701525,0.23702901531773818,0.06490568934758567,1,1,0,0
balanced,512,129,2,255.99999999999997,1,0.04589525307526532,0,0.16425110479353133,0.229156794141117,0.06490568934758567,1,1,0,0
balanced,512,130,2,255.99999999999997,1,0.04589525307526532,0,0.1805517182513413,0.24545740759892698,0.06490568934758567,1,1,0,0
balanced,512,131,2,255.99999999999997,0,0.04589525307526521,0,0.1356538389578405,0.20055952830542617,0.06490568934758567,1,1,0,0
balanced,512,132,2,255.99999999999997,1,0.04589525307526521,0,0.17427439836694525,0.23918008771453092,0.06490568934758567,1,1,0,0
balanced,512,133,2,255.99999999999997,1,0.04589525307526532,0,0.17278575837833787,0.23769144772592354,0.06490568934758567,1,1,0,0
balanced,512,134,2,255.99999999999997,0,0.04589525307526532,0,0.20352741358631415,0.2684331029338998,0.06490568934758567,0,1,0,0
balanced,512,135,2,255.99999999999997,1,0.04589525307526532,0,0.18580056519648286,0.25070625454406853,0.06490568934758567,1,1,0,0
balanced,512,136,2,255.99999999999997,1,0.04589525307526521,0,0.16807626992470187,0.23298195927228754,0.06490568934758567,1,1,0,0
balanced,512,137,2,255.99999999999997,1,0.04589525307526521,0,0.17862234125474408,0.24352803060232975,0.06490568934758567,1,1,0,0
balanced,512,138,2,255.99999999999997,1,0.04589525307526532,0,0.16350464040824403,0.2284103297558297,0.06490568934758567,1,1,0,0
balanced,512,139,2,255.99999999999997,1,0.04589525307526521,0,0.1510093238065106,0.21591501315409628,0.06490568934758567,1,1,0,0
balanced,512,140,2,255.99999999999997,1,0.04589525307526521,0,0.19121663972060388,0.25612232906818955,0.06490568934758567,1,1,0,0
balanced,512,141,2,255.99999999999997,1,0.04589525307526521,0,0.14244401790486322,0.2073497072524489,0.06490568934758567,1,1,0,0
balanced,512,142,2,255.99999999999997,1,0.04589525307526532,0,0.1673753050204177,0.23228099436800337,0.06490568934758567,1,1,0,0
balanced,512,143,2,255.99999999999997,1,0.04589525307526532,0,0.15466357444515383,0.2195692637927395,0.06490568934758567,1,1,0,0
balanced,512,144,2,255.99999999999997,1,0.04589525307526532,0,0.15320794681948774,0.2181136361670734,0.06490568934758567,1,1,0,0
balanced,512,145,2,255.99999999999997,1,0.04589525307526532,0,0.16558544383572016,0.23049113318330583,0.06490568934758567,1,1,0,0
balanced,512,146,2,255.99999999999997,1,0.04589525307526521,0,0.16155206285229334,0.22645775219987901,0.06490568934758567,1,1,0,0
balanced,512,147,2,255.99999999999997,1,0.04589525307526532,0,0.16557958749158258,0.23048527683916825,0.06490568934758567,1,1,0,0
balanced,512,148,2,255.99999999999997,1,0.04589525307526543,0,0.1463196978818851,0.21122538722947076,0.06490568934758567,1,1,0,0
balanced,512,149,2,255.99999999999997,1,0.04589525307526532,0,0.19489223927525107,0.25979792862283674,0.06490568934758567,1,1,0,0
balanced,512,150,2,255.99999999999997,1,0.04589525307526521,0,0.18151659636676587,0.24642228571435154,0.06490568934758567,1,1,0,0
balanced,512,151,2,255.99999999999997,1,0.04589525307526532,0,0.16774701718645874,0.2326527065340444,0.06490568934758567,1,1,0,0
balanced,512,152,2,255.99999999999997,1,0.04589525307526532,0,0.16356554796124884,0.2284712373088345,0.06490568934758567,1,1,0,0
balanced,512,153,2,255.99999999999997,1,0.04589525307526521,0,0.17503326645024442,0.2399389557978301,0.06490568934758567,1,1,0,0
balanced,512,154,2,255.99999999999997,0,0.04589525307526532,0,0.15740225162110572,0.2223079409686914,0.06490568934758567,1,1,0,0
balanced,512,155,2,255.99999999999997,1,0.04589525307526532,0,0.16280296164992575,0.22770865099751142,0.06490568934758567,1,1,0,0
balanced,512,156,2,255.99999999999997,1,0.04589525307526521,0,0.15430611561394575,0.21921180496153142,0.06490568934758567,1,1,0,0
balanced,512,157,2,255.99999999999997,1,0.04589525307526543,0,0.17606289334510317,0.24096858269268884,0.06490568934758567,1,1,0,0
balanced,512,158,2,255.99999999999997,1,0.04589525307526521,0,0.1670799219293237,0.23198561127690936,0.06490568934758567,1,1,0,0
balanced,512,159,2,255.99999999999997,0,0.04589525307526532,0,0.197460616967793,0.26236630631537866,0.06490568934758567,1,1,0,0
balanced,512,160,2,255.99999999999997,1,0.04589525307526532,0,0.17279188954927838,0.23769757889686405,0.06490568934758567,1,1,0,0
balanced,512,161,2,255.99999999999997,1,0.04589525307526543,0,0.18070875720832597,0.24561444655591164,0.06490568934758567,1,1,0,0
balanced,512,162,2,255.99999999999997,1,0.04589525307526521,0,0.18191073038189776,0.24681641972948343,0.06490568934758567,1,1,0,0
balanced,512,163,2,255.99999999999997,1,0.04589525307526532,0,0.18005161167762457,0.24495730102521024,0.06490568934758567,1,1,0,0
balanced,512,164,2,255.99999999999997,1,0.04589525307526532,0,0.17179578961203212,0.2367014789596178,0.06490568934758567,1,1,0,0
balanced,512,165,2,255.99999999999997,1,0.04589525307526521,0,0.1683672205310499,0.23327290987863558,0.06490568934758567,1,1,0,0
balanced,512,166,2,255.99999999999997,1,0.04589525307526532,0,0.17398550136124252,0.2388911907088282,0.06490568934758567,1,1,0,0
balanced,512,167,2,255.99999999999997,1,0.04589525307526521,0,0.17142652617441606,0.23633221552200173,0.06490568934758567,1,1,0,0
balanced,512,168,2,255.99999999999997,1,0.04589525307526543,0,0.16864188839541777,0.23354757774300344,0.06490568934758567,1,1,0,0
balanced,512,169,2,255.99999999999997,1,0.04589525307526521,0,0.18020204413873792,0.2451077334863236,0.06490568934758567,1,1,0,0
balanced,512,170,2,255.99999999999997,1,0.04589525307526521,0,0.17083519408944087,0.23574088343702654,0.06490568934758567,1,1,0,0
balanced,512,171,2,255.99999999999997,1,0.04589525307526532,0,0.14647384293740429,0.21137953228498996,0.06490568934758567,1,1,0,0
balanced,512,172,2,255.99999999999997,1,0.04589525307526532,0,0.1751726941797735,0.24007838352735916,0.06490568934758567,1,1,0,0
balanced,512,173,2,255.99999999999997,0,0.04589525307526532,0,0.1756974436641563,0.24060313301174197,0.06490568934758567,1,1,0,0
balanced,512,174,2,255.99999999999997,1,0.04589525307526532,0,0.17967996360366822,0.2445856529512539,0.06490568934758567,1,1,0,0
balanced,512,175,2,255.99999999999997,1,0.04589525307526521,0,0.13828418110890578,0.20318987045649145,0.06490568934758567,1,1,0,0
balanced,512,176,2,255.99999999999997,1,0.04589525307526521,0,0.16793416738466727,0.23283985673225294,0.06490568934758567,1,1,0,0
balanced,512,177,2,255.99999999999997,1,0.04589525307526521,0,0.16951789008856494,0.2344235794361506,0.06490568934758567,1,1,0,0
balanced,512,178,2,255.99999999999997,1,0.04589525307526521,0,0.1503526366592522,0.21525832600683786,0.06490568934758567,1,1,0,0
balanced,512,179,2,255.99999999999997,1,0.04589525307526521,0,0.17446168624349834,0.239367375591084,0.06490568934758567,1,1,0,0
balanced,512,180,2,255.99999999999997,1,0.04589525307526521,0,0.151222758991168,0.21612844833875366,0.06490568934758567,1,1,0,0
balanced,512,181,2,255.99999999999997,1,0.04589525307526532,0,0.17388848046957595,0.23879416981716162,0.06490568934758567,1,1,0,0
balanced,512,182,2,255.99999999999997,1,0.04589525307526532,0,0.16605940103244388,0.23096509038002955,0.06490568934758567,1,1,0,0
balanced,512,183,2,255.99999999999997,1,0.04589525307526521,0,0.1577729902323975,0.22267867957998316,0.06490568934758567,1,1,0,0
balanced,512,184,2,255.99999999999997,1,0.04589525307526532,0,0.15636792788455595,0.22127361723214162,0.06490568934758567,1,1,0,0
balanced,512,185,2,255.99999999999997,1,0.04589525307526532,0,0.1708095446333675,0.23571523398095318,0.06490568934758567,1,1,0,0
balanced,512,186,2,255.99999999999997,1,0.04589525307526532,0,0.16085570302362323,0.2257613923712089,0.06490568934758567,1,1,0,0
balanced,512,187,2,255.99999999999997,1,0.04589525307526521,0,0.16337405778450098,0.22827974713208665,0.06490568934758567,1,1,0,0
balanced,512,188,2,255.99999999999997,1,0.04589525307526521,0,0.1541755978983223,0.21908128724590797,0.06490568934758567,1,1,0,0
balanced,512,189,2,255.99999999999997,1,0.04589525307526532,0,0.19086649678065426,0.25577218612823993,0.06490568934758567,1,1,0,0
balanced,512,190,2,255.99999999999997,1,0.04589525307526543,0,0.16050400006634202,0.2254096894139277,0.06490568934758567,1,1,0,0
balanced,512,191,2,255.99999999999997,1,0.04589525307526532,0,0.17605977570962894,0.2409654650572146,0.06490568934758567,1,1,0,0
balanced,512,192,2,255.99999999999997,1,0.04589525307526521,0,0.16604664472512048,0.23095233407270616,0.06490568934758567,1,1,0,0
balanced,512,193,2,255.99999999999997,1,0.04589525307526521,0,0.16364401348965152,0.2285497028372372,0.06490568934758567,1,1,0,0
balanced,512,194,2,255.99999999999997,1,0.04589525307526532,0,0.14924370119510239,0.21414939054268806,0.06490568934758567,1,1,0,0
balanced,512,195,2,255.99999999999997,1,0.04589525307526532,0,0.1838099039171096,0.24871559326469528,0.06490568934758567,1,1,0,0
balanced,512,196,2,255.99999999999997,1,0.04589525307526521,0,0.17344596612895696,0.23835165547654263,0.06490568934758567,1,1,0,0
balanced,512,197,2,255.99999999999997,1,0.04589525307526532,0,0.19923975599539456,0.26414544534298023,0.06490568934758567,1,1,0,0
balanced,512,198,2,255.99999999999997,1,0.04589525307526532,0,0.16723479272412617,0.23214048207171184,0.06490568934758567,1,1,0,0
balanced,512,199,2,255.99999999999997,1,0.04589525307526532,0,0.15651476896691152,0.2214204583144972,0.06490568934758567,1,1,0,0
balanced,512,200,2,255.99999999999997,1,0.04589525307526543,0,0.15911982370858574,0.2240255130561714,0.06490568934758567,1,1,0,0
balanced,512,201,2,255.99999999999997,1,0.04589525307526532,0,0.15335036056575901,0.21825604991334469,0.06490568934758567,1,1,0,0
balanced,512,202,2,255.99999999999997,1,0.04589525307526532,0,0.15281688663521836,0.21772257598280403,0.06490568934758567,1,1,0,0
balanced,512,203,2,255.99999999999997,1,0.04589525307526521,0,0.18155879510062428,0.24646448444820995,0.06490568934758567,1,1,0,0
balanced,512,204,2,255.99999999999997,1,0.04589525307526543,0,0.15998470768641654,0.2248903970340022,0.06490568934758567,1,1,0,0
balanced,512,205,2,255.99999999999997,1,0.04589525307526521,0,0.17235012929864174,0.2372558186462274,0.06490568934758567,1,1,0,0
balanced,512,206,2,255.99999999999997,1,0.04589525307526521,0,0.16689612771641005,0.23180181706399572,0.06490568934758567,1,1,0,0
balanced,512,207,2,255.99999999999997,1,0.04589525307526532,0,0.16381083063490143,0.2287165199824871,0.06490568934758567,1,1,0,0
balanced,512,208,2,255.99999999999997,1,0.04589525307526532,0,0.17972033142949806,0.24462602077708373,0.06490568934758567,1,1,0,0
balanced,512,209,2,255.99999999999997,1,0.04589525307526521,0,0.1642209038456406,0.22912659319322626,0.06490568934758567,1,1,0,0
balanced,512,210,2,255.99999999999997,1,0.04589525307526532,0,0.18098392930637514,0.2458896186539608,0.06490568934758567,1,1,0,0
balanced,512,211,2,255.99999999999997,1,0.04589525307526532,0,0.1576634727036486,0.22256916205123428,0.06490568934758567,1,1,0,0
balanced,512,212,2,255.99999999999997,1,0.04589525307526543,0,0.18180926356140403,0.2467149529089897,0.06490568934758567,1,1,0,0
balanced,512,213,2,255.99999999999997,1,0.04589525307526532,0,0.16679856208968308,0.23170425143726875,0.06490568934758567,1,1,0,0
balanced,512,214,2,255.99999999999997,1,0.04589525307526521,0,0.1717979898960008,0.23670367924358648,0.06490568934758567,1,1,0,0
balanced,512,215,2,255.99999999999997,1,0.04589525307526532,0,0.1544584926753349,0.21936418202292057,0.06490568934758567,1,1,0,0
balanced,512,216,2,255.99999999999997,1,0.04589525307526521,0,0.1750872142198791,0.23999290356746478,0.06490568934758567,1,1,0,0
balanced,512,217,2,255.99999999999997,1,0.04589525307526532,0,0.16239175213064133,0.227297441478227,0.06490568934758567,1,1,0,0
balanced,512,218,2,255.99999999999997,1,0.04589525307526521,0,0.17261809957201818,0.23752378891960385,0.06490568934758567,1,1,0,0
balanced,512,219,2,255.99999999999997,1,0.04589525307526521,0,0.1646070327562446,0.22951272210383028,0.06490568934758567,1,1,0,0
balanced,512,220,2,255.99999999999997,1,0.04589525307526543,0,0.1793423776312446,0.24424806697883028,0.06490568934758567,1,1,0,0
balanced,512,221,2,255.99999999999997,1,0.04589525307526532,0,0.17852498138442058,0.24343067073200625,0.06490568934758567,1,1,0,0
balanced,512,222,2,255.99999999999997,1,0.04589525307526532,0,0.1889640801732273,0.25386976952081297,0.06490568934758567,1,1,0,0
balanced,512,223,2,255.99999999999997,1,0.04589525307526532,0,0.1661407559990249,0.23104644534661056,0.06490568934758567,1,1,0,0
balanced,512,224,2,255.99999999999997,1,0.04589525307526521,0,0.17566130241253242,0.2405669917601181,0.06490568934758567,1,1,0,0
balanced,512,225,2,255.99999999999997,1,0.04589525307526521,0,0.16516487180869044,0.2300705611562761,0.06490568934758567,1,1,0,0
balanced,512,226,2,255.99999999999997,1,0.04589525307526543,0,0.16707444539672867,0.23198013474431434,0.06490568934758567,1,1,0,0
balanced,512,227,2,255.99999999999997,1,0.04589525307526521,0,0.15512237980426058,0.22002806915184625,0.06490568934758567,1,1,0,0
balanced,512,228,2,255.99999999999997,1,0.04589525307526543,0,0.16386506620623226,0.22877075555381793,0.06490568934758567,1,1,0,0
balanced,512,229,2,255.99999999999997,1,0.04589525307526521,0,0.168058509375564,0.23296419872314966,0.06490568934758567,1,1,0,0
balanced,512,230,2,255.99999999999997,1,0.04589525307526532,0,0.17443786000334338,0.23934354935092905,0.06490568934758567,1,1,0,0
balanced,512,231,2,255.99999999999997,1,0.04589525307526532,0,0.18284458812564153,0.2477502774732272,0.06490568934758567,1,1,0,0
balanced,512,232,2,255.99999999999997,1,0.04589525307526521,0,0.16413467590592956,0.22904036525351523,0.06490568934758567,1,1,0,0
balanced,512,233,2,255.99999999999997,1,0.04589525307526532,0,0.17922515518978538,0.24413084453737105,0.06490568934758567,1,1,0,0
balanced,512,234,2,255.99999999999997,1,0.04589525307526532,0,0.16497460780026402,0.2298802971478497,0.06490568934758567,1,1,0,0
balanced,512,235,2,255.99999999999997,1,0.04589525307526521,0,0.15187825760998636,0.21678394695757203,0.06490568934758567,1,1,0,0
balanced,512,236,2,255.99999999999997,1,0.04589525307526532,0,0.15490060349118911,0.21980629283877479,0.06490568934758567,1,1,0,0
balanced,512,237,2,255.99999999999997,1,0.04589525307526532,0,0.16223673407795547,0.22714242342554114,0.06490568934758567,1,1,0,0
balanced,512,238,2,255.99999999999997,1,0.04589525307526532,0,0.16199718749161518,0.22690287683920085,0.06490568934758567,1,1,0,0
balanced,512,239,2,255.99999999999997,1,0.04589525307526543,0,0.15243243691687175,0.21733812626445742,0.06490568934758567,1,1,0,0
balanced,512,240,2,255.99999999999997,1,0.04589525307526543,0,0.1551001882977227,0.22000587764530838,0.06490568934758567,1,1,0,0
balanced,512,241,2,255.99999999999997,1,0.04589525307526532,0,0.15188912846128194,0.2167948178088676,0.06490568934758567,1,1,0,0
balanced,512,242,2,255.99999999999997,1,0.04589525307526543,0,0.14383443199394458,0.20874012134153025,0.06490568934758567,1,1,0,0
balanced,512,243,2,255.99999999999997,0,0.04589525307526532,0,0.13293457345829562,0.1978402628058813,0.06490568934758567,0,1,0,0
balanced,512,244,2,255.99999999999997,1,0.04589525307526532,0,0.1719987170400576,0.23690440638764326,0.06490568934758567,1,1,0,0
balanced,512,245,2,255.99999999999997,1,0.04589525307526532,0,0.17807782426451801,0.24298351361210369,0.06490568934758567,1,1,0,0
balanced,512,246,2,255.99999999999997,1,0.04589525307526521,0,0.17475618549511107,0.23966187484269674,0.06490568934758567,1,1,0,0
balanced,512,247,2,255.99999999999997,1,0.04589525307526521,0,0.1611242922613933,0.22602998160897897,0.06490568934758567,1,1,0,0
balanced,512,248,2,255.99999999999997,1,0.04589525307526521,0,0.17720612950335712,0.2421118188509428,0.06490568934758567,1,1,0,0
balanced,512,249,2,255.99999999999997,0,0.04589525307526543,0,0.13620518178550578,0.20111087113309145,0.06490568934758567,1,1,0,0
balanced,512,250,2,255.99999999999997,1,0.04589525307526532,0,0.17196575876534465,0.23687144811293032,0.06490568934758567,1,1,0,0
balanced,512,251,2,255.99999999999997,1,0.04589525307526532,0,0.16221195192076943,0.2271176412683551,0.06490568934758567,1,1,0,0
balanced,512,252,2,255.99999999999997,1,0.04589525307526521,0,0.17202646756516682,0.2369321569127525,0.06490568934758567,1,1,0,0
balanced,512,253,2,255.99999999999997,1,0.04589525307526543,0,0.16445758820276707,0.22936327755035274,0.06490568934758567,1,1,0,0
balanced,512,254,2,255.99999999999997,1,0.04589525307526532,0,0.17833441247101778,0.24324010181860345,0.06490568934758567,1,1,0,0
balanced,512,255,2,255.99999999999997,1,0.04589525307526543,0,0.16459753954722983,0.2295032288948155,0.06490568934758567,1,1,0,0
balanced,512,256,2,255.99999999999997,1,0.04589525307526532,0,0.1942370365279799,0.2591427258755656,0.06490568934758567,1,1,0,0
balanced,512,257,2,255.99999999999997,1,0.04589525307526543,0,0.16197460638132322,0.2268802957289089,0.06490568934758567,1,1,0,0
balanced,512,258,2,255.99999999999997,1,0.04589525307526532,0,0.14097302260075983,0.2058787119483455,0.06490568934758567,1,1,0,0
balanced,512,259,2,255.99999999999997,1,0.04589525307526521,0,0.15900727569243334,0.223912965040019,0.06490568934758567,1,1,0,0
balanced,512,260,2,255.99999999999997,1,0.04589525307526532,0,0.18136457335536765,0.24627026270295332,0.06490568934758567,1,1,0,0
balanced,512,261,2,255.99999999999997,1,0.04589525307526532,0,0.16309543272978527,0.22800112207737094,0.06490568934758567,1,1,0,0
balanced,512,262,2,255.99999999999997,1,0.04589525307526521,0,0.1773563077439097,0.24226199709149537,0.06490568934758567,1,1,0,0
balanced,512,263,2,255.99999999999997,1,0.04589525307526521,0,0.16970566641104562,0.2346113557586313,0.06490568934758567,1,1,0,0
balanced,512,264,2,255.99999999999997,1,0.04589525307526532,0,0.17632824897908794,0.2412339383266736,0.06490568934758567,1,1,0,0
balanced,512,265,2,255.99999999999997,1,0.04589525307526532,0,0.1599454188276288,0.22485110817521448,0.06490568934758567,1,1,0,0
balanced,512,266,2,255.99999999999997,1,0.04589525307526521,0,0.1674275378917759,0.23233322723936156,0.06490568934758567,1,1,0,0
balanced,512,267,2,255.99999999999997,1,0.04589525307526521,0,0.1558469412105331,0.22075263055811878,0.06490568934758567,1,1,0,0
balanced,512,268,2,255.99999999999997,1,0.04589525307526532,0,0.18237921891226633,0.247284908259852,0.06490568934758567,1,1,0,0
balanced,512,269,2,255.99999999999997,1,0.04589525307526521,0,0.17343447858036493,0.2383401679279506,0.06490568934758567,1,1,0,0
balanced,512,270,2,255.99999999999997,1,0.04589525307526532,0,0.1724956123666056,0.23740130171419127,0.06490568934758567,1,1,0,0
balanced,512,271,2,255.99999999999997,1,0.04589525307526532,0,0.17173995063316372,0.2366456399807494,0.06490568934758567,1,1,0,0
balanced,512,272,2,255.99999999999997,1,0.04589525307526543,0,0.15918733887578845,0.22409302822337412,0.06490568934758567,1,1,0,0
balanced,512,273,2,255.99999999999997,1,0.04589525307526532,0,0.15656919669561342,0.2214748860431991,0.06490568934758567,1,1,0,0
balanced,512,274,2,255.99999999999997,0,0.04589525307526521,0,0.15663094608683964,0.2215366354344253,0.06490568934758567,1,1,0,0
balanced,512,275,2,255.99999999999997,0,0.04589525307526521,0,0.14624894248791037,0.21115463183549604,0.06490568934758567,1,1,0,0
balanced,512,276,2,255.99999999999997,1,0.04589525307526521,0,0.18179447688409534,0.246700166231681,0.06490568934758567,1,1,0,0
balanced,512,277,2,255.99999999999997,1,0.04589525307526521,0,0.16786811052237766,0.23277379986996333,0.06490568934758567,1,1,0,0
balanced,512,278,2,255.99999999999997,0,0.04589525307526532,0,0.20811806945500116,0.27302375880258684,0.06490568934758567,0,1,0,0
balanced,512,279,2,255.99999999999997,1,0.04589525307526532,0,0.170327209974112,0.23523289932169766,0.06490568934758567,1,1,0,0
balanced,512,280,2,255.99999999999997,1,0.04589525307526532,0,0.1607924404074605,0.22569812975504616,0.06490568934758567,1,1,0,0
balanced,512,281,2,255.99999999999997,1,0.04589525307526521,0,0.18491723862069726,0.24982292796828293,0.06490568934758567,1,1,0,0
balanced,512,282,2,255.99999999999997,1,0.04589525307526543,0,0.16147638635688344,0.2263820757044691,0.06490568934758567,1,1,0,0
balanced,512,283,2,255.99999999999997,1,0.04589525307526543,0,0.1459993209082424,0.21090501025582808,0.06490568934758567,1,1,0,0
balanced,512,284,2,255.99999999999997,1,0.04589525307526521,0,0.19096207936672788,0.25586776871431355,0.06490568934758567,1,1,0,0
balanced,512,285,2,255.99999999999997,1,0.04589525307526521,0,0.15601572250867418,0.22092141185625985,0.06490568934758567,1,1,0,0
balanced,512,286,2,255.99999999999997,1,0.04589525307526532,0,0.17635016017424293,0.2412558495218286,0.06490568934758567,1,1,0,0
balanced,512,287,2,255.99999999999997,1,0.04589525307526521,0,0.17511370255334058,0.24001939190092625,0.06490568934758567,1,1,0,0
balanced,512,288,2,255.99999999999997,1,0.04589525307526532,0,0.15781098532610854,0.22271667467369421,0.06490568934758567,1,1,0,0
balanced,512,289,2,255.99999999999997,1,0.04589525307526521,0,0.18232861740881584,0.2472343067564015,0.06490568934758567,1,1,0,0
balanced,512,290,2,255.99999999999997,1,0.04589525307526532,0,0.14648666027539214,0.21139234962297782,0.06490568934758567,1,1,0,0
balanced,512,291,2,255.99999999999997,1,0.04589525307526532,0,0.14503136525136406,0.20993705459894973,0.06490568934758567,1,1,0,0
balanced,512,292,2,255.99999999999997,1,0.04589525307526532,0,0.1686017157501195,0.23350740509770518,0.06490568934758567,1,1,0,0
balanced,512,293,2,255.99999999999997,0,0.04589525307526532,0,0.15938644604008373,0.2242921353876694,0.06490568934758567,1,1,0,0
balanced,512,294,2,255.99999999999997,1,0.04589525307526521,0,0.16246999378275978,0.22737568313034545,0.06490568934758567,1,1,0,0
balanced,512,295,2,255.99999999999997,1,0.04589525307526521,0,0.1423639413353478,0.20726963068293347,0.06490568934758567,1,1,0,0
balanced,512,296,2,255.99999999999997,1,0.04589525307526532,0,0.16977678007859187,0.23468246942617754,0.06490568934758567,1,1,0,0
balanced,512,297,2,255.99999999999997,1,0.04589525307526521,0,0.15657190395579385,0.22147759330337952,0.06490568934758567,1,1,0,0
balanced,512,298,2,255.99999999999997,1,0.04589525307526532,0,0.16832616929272265,0.23323185864030832,0.06490568934758567,1,1,0,0
balanced,512,299,2,255.99999999999997,1,0.04589525307526532,0,0.15945638421513786,0.22436207356272353,0.06490568934758567,1,1,0,0
balanced,2048,0,2,1023.9999999999999,1,0.022947626537632493,0,0.18323112183162926,0.2156839665054221,0.032452844673792836,1,1,0,0
balanced,2048,1,2,1023.9999999999999,1,0.022947626537632604,0,0.17809613961271697,0.2105489842865098,0.032452844673792836,1,1,0,0
balanced,2048,2,2,1023.9999999999999,1,0.022947626537632715,0,0.19028145606810803,0.22273430074190087,0.032452844673792836,1,1,0,0
balanced,2048,3,2,1023.9999999999999,1,0.022947626537632604,0,0.18215879594690498,0.21461164062069782,0.032452844673792836,1,1,0,0
balanced,2048,4,2,1023.9999999999999,1,0.022947626537632715,0,0.18252629798061948,0.21497914265441231,0.032452844673792836,1,1,0,0
balanced,2048,5,2,1023.9999999999999,1,0.022947626537632604,0,0.18630347329912572,0.21875631797291856,0.032452844673792836,1,1,0,0
balanced,2048,6,2,1023.9999999999999,1,0.022947626537632715,0,0.19428557577751476,0.2267384204513076,0.032452844673792836,1,1,0,0
balanced,2048,7,2,1023.9999999999999,1,0.022947626537632493,0,0.18316524656480804,0.21561809123860087,0.032452844673792836,1,1,0,0
balanced,2048,8,2,1023.9999999999999,1,0.022947626537632715,0,0.19397358126683212,0.22642642594062495,0.032452844673792836,1,1,0,0
balanced,2048,9,2,1023.9999999999999,1,0.022947626537632604,0,0.19005565695777354,0.22250850163156638,0.032452844673792836,1,1,0,0
balanced,2048,10,2,1023.9999999999999,1,0.022947626537632604,0,0.19368613840244187,0.2261389830762347,0.032452844673792836,1,1,0,0
balanced,2048,11,2,1023.9999999999999,1,0.022947626537632715,0,0.18347633399814334,0.21592917867193617,0.032452844673792836,1,1,0,0
balanced,2048,12,2,1023.9999999999999,1,0.022947626537632715,0,0.19178674363411785,0.2242395883079107,0.032452844673792836,1,1,0,0
balanced,2048,13,2,1023.9999999999999,1,0.022947626537632604,0,0.18968187029391115,0.22213471496770398,0.032452844673792836,1,1,0,0
balanced,2048,14,2,1023.9999999999999,1,0.022947626537632715,0,0.17096562921565145,0.20341847388944428,0.032452844673792836,1,1,0,0
balanced,2048,15,2,1023.9999999999999,1,0.022947626537632493,0,0.17700105963911889,0.20945390431291172,0.032452844673792836,1,1,0,0
balanced,2048,16,2,1023.9999999999999,1,0.022947626537632493,0,0.19050448266198833,0.22295732733578116,0.032452844673792836,1,1,0,0
balanced,2048,17,2,1023.9999999999999,1,0.022947626537632715,0,0.17416259881844842,0.20661544349224126,0.032452844673792836,1,1,0,0
balanced,2048,18,2,1023.9999999999999,1,0.022947626537632715,0,0.19669598389590565,0.22914882856969848,0.032452844673792836,1,1,0,0
balanced,2048,19,2,1023.9999999999999,1,0.022947626537632604,0,0.1753387929635597,0.20779163763735253,0.032452844673792836,1,1,0,0
balanced,2048,20,2,1023.9999999999999,1,0.022947626537632604,0,0.18896512152945216,0.221417966203245,0.032452844673792836,1,1,0,0
balanced,2048,21,2,1023.9999999999999,1,0.022947626537632604,0,0.18706825671656774,0.21952110139036057,0.032452844673792836,1,1,0,0
balanced,2048,22,2,1023.9999999999999,0,0.022947626537632715,0,0.19209770342762955,0.2245505481014224,0.032452844673792836,1,1,0,0
balanced,2048,23,2,1023.9999999999999,0,0.022947626537632604,0,0.1869712170238188,0.21942406169761164,0.032452844673792836,1,1,0,0
balanced,2048,24,2,1023.9999999999999,0,0.022947626537632715,0,0.18237760940221975,0.2148304540760126,0.032452844673792836,1,1,0,0
balanced,2048,25,2,1023.9999999999999,1,0.022947626537632715,0,0.1839875349802263,0.21644037965401913,0.032452844673792836,1,1,0,0
balanced,2048,26,2,1023.9999999999999,1,0.022947626537632604,0,0.1760440577523696,0.20849690242616242,0.032452844673792836,1,1,0,0
balanced,2048,27,2,1023.9999999999999,1,0.022947626537632715,0,0.18064083726836305,0.2130936819421559,0.032452844673792836,1,1,0,0
balanced,2048,28,2,1023.9999999999999,1,0.022947626537632493,0,0.19793889357758343,0.23039173825137627,0.032452844673792836,1,1,0,0
balanced,2048,29,2,1023.9999999999999,1,0.022947626537632493,0,0.18218247445674518,0.21463531913053802,0.032452844673792836,1,1,0,0
balanced,2048,30,2,1023.9999999999999,1,0.022947626537632604,0,0.1762104282302278,0.20866327290402065,0.032452844673792836,1,1,0,0
balanced,2048,31,2,1023.9999999999999,1,0.022947626537632604,0,0.1853641240514569,0.21781696872524975,0.032452844673792836,1,1,0,0
balanced,2048,32,2,1023.9999999999999,1,0.022947626537632604,0,0.19348123994308336,0.2259340846168762,0.032452844673792836,1,1,0,0
balanced,2048,33,2,1023.9999999999999,1,0.022947626537632604,0,0.18852894437633338,0.22098178905012622,0.032452844673792836,1,1,0,0
balanced,2048,34,2,1023.9999999999999,1,0.022947626537632604,0,0.19514228239887338,0.22759512707266621,0.032452844673792836,1,1,0,0
balanced,2048,35,2,1023.9999999999999,1,0.022947626537632715,0,0.1935328640310922,0.22598570870488505,0.032452844673792836,1,1,0,0
balanced,2048,36,2,1023.9999999999999,1,0.022947626537632604,0,0.18800172400896042,0.22045456868275326,0.032452844673792836,1,1,0,0
balanced,2048,37,2,1023.9999999999999,1,0.022947626537632715,0,0.1805327538408094,0.21298559851460225,0.032452844673792836,1,1,0,0
balanced,2048,38,2,1023.9999999999999,1,0.022947626537632604,0,0.1848379244466395,0.21729076912043233,0.032452844673792836,1,1,0,0
balanced,2048,39,2,1023.9999999999999,1,0.022947626537632604,0,0.18853050497469553,0.22098334964848837,0.032452844673792836,1,1,0,0
balanced,2048,40,2,1023.9999999999999,1,0.022947626537632715,0,0.186279998212517,0.21873284288630984,0.032452844673792836,1,1,0,0
balanced,2048,41,2,1023.9999999999999,1,0.022947626537632715,0,0.18742986410359852,0.21988270877739136,0.032452844673792836,1,1,0,0
balanced,2048,42,2,1023.9999999999999,0,0.022947626537632715,0,0.1929250401695029,0.22537788484329574,0.032452844673792836,1,1,0,0
balanced,2048,43,2,1023.9999999999999,1,0.022947626537632715,0,0.19154551494546568,0.2239983596192585,0.032452844673792836,1,1,0,0
balanced,2048,44,2,1023.9999999999999,1,0.022947626537632715,0,0.18560361852272522,0.21805646319651806,0.032452844673792836,1,1,0,0
balanced,2048,45,2,1023.9999999999999,1,0.022947626537632715,0,0.1877692799223093,0.22022212459610213,0.032452844673792836,1,1,0,0
balanced,2048,46,2,1023.9999999999999,1,0.022947626537632715,0,0.16960507321157753,0.20205791788537036,0.032452844673792836,1,1,0,0
balanced,2048,47,2,1023.9999999999999,1,0.022947626537632493,0,0.1773795066947021,0.20983235136849493,0.032452844673792836,1,1,0,0
balanced,2048,48,2,1023.9999999999999,1,0.022947626537632715,0,0.18335590551559372,0.21580875018938656,0.032452844673792836,1,1,0,0
balanced,2048,49,2,1023.9999999999999,1,0.022947626537632715,0,0.178518949712188,0.21097179438598085,0.032452844673792836,1,1,0,0
balanced,2048,50,2,1023.9999999999999,1,0.022947626537632715,0,0.18970027755414265,0.22215312222793548,0.032452844673792836,1,1,0,0
balanced,2048,51,2,1023.9999999999999,1,0.022947626537632493,0,0.18683561488851425,0.21928845956230708,0.032452844673792836,1,1,0,0
balanced,2048,52,2,1023.9999999999999,1,0.022947626537632715,0,0.19199954164257926,0.2244523863163721,0.032452844673792836,1,1,0,0
balanced,2048,53,2,1023.9999999999999,1,0.022947626537632715,0,0.18058310199594513,0.21303594666973796,0.032452844673792836,1,1,0,0
balanced,2048,54,2,1023.9999999999999,0,0.022947626537632604,0,0.17081283329637376,0.2032656779701666,0.032452844673792836,1,1,0,0
balanced,2048,55,2,1023.9999999999999,1,0.022947626537632604,0,0.17302962178642195,0.20548246646021479,0.032452844673792836,1,1,0,0
balanced,2048,56,2,1023.9999999999999,1,0.022947626537632715,0,0.17924862764819177,0.2117014723219846,0.032452844673792836,1,1,0,0
balanced,2048,57,2,1023.9999999999999,1,0.022947626537632715,0,0.17200432946773597,0.2044571741415288,0.032452844673792836,1,1,0,0
balanced,2048,58,2,1023.9999999999999,1,0.022947626537632715,0,0.18214920759215647,0.2146020522659493,0.032452844673792836,1,1,0,0
balanced,2048,59,2,1023.9999999999999,1,0.022947626537632604,0,0.17670329685061908,0.20915614152441192,0.032452844673792836,1,1,0,0
balanced,2048,60,2,1023.9999999999999,1,0.022947626537632493,0,0.1865640439708015,0.21901688864459434,0.032452844673792836,1,1,0,0
balanced,2048,61,2,1023.9999999999999,1,0.022947626537632715,0,0.1909976646314671,0.22345050930525995,0.032452844673792836,1,1,0,0
balanced,2048,62,2,1023.9999999999999,1,0.022947626537632604,0,0.1930513448961837,0.22550418956997653,0.032452844673792836,1,1,0,0
balanced,2048,63,2,1023.9999999999999,1,0.022947626537632604,0,0.1829522000223066,0.21540504469609945,0.032452844673792836,1,1,0,0
balanced,2048,64,2,1023.9999999999999,1,0.022947626537632604,0,0.18215220406231836,0.2146050487361112,0.032452844673792836,1,1,0,0
balanced,2048,65,2,1023.9999999999999,1,0.022947626537632715,0,0.1806068604669011,0.21305970514069394,0.032452844673792836,1,1,0,0
balanced,2048,66,2,1023.9999999999999,1,0.022947626537632715,0,0.1934248282905494,0.22587767296434225,0.032452844673792836,1,1,0,0
balanced,2048,67,2,1023.9999999999999,1,0.022947626537632715,0,0.18288251876058165,0.21533536343437448,0.032452844673792836,1,1,0,0
balanced,2048,68,2,1023.9999999999999,1,0.022947626537632604,0,0.18401202954492363,0.21646487421871646,0.032452844673792836,1,1,0,0
balanced,2048,69,2,1023.9999999999999,1,0.022947626537632715,0,0.17765021915162155,0.21010306382541438,0.032452844673792836,1,1,0,0
balanced,2048,70,2,1023.9999999999999,1,0.022947626537632715,0,0.1835158428389918,0.21596868751278464,0.032452844673792836,1,1,0,0
balanced,2048,71,2,1023.9999999999999,1,0.022947626537632715,0,0.18286225796069422,0.21531510263448705,0.032452844673792836,1,1,0,0
balanced,2048,72,2,1023.9999999999999,1,0.022947626537632604,0,0.19209402311710644,0.22454686779089927,0.032452844673792836,1,1,0,0
balanced,2048,73,2,1023.9999999999999,1,0.022947626537632715,0,0.18519105092113614,0.21764389559492897,0.032452844673792836,1,1,0,0
balanced,2048,74,2,1023.9999999999999,0,0.022947626537632604,0,0.1966120566883544,0.22906490136214724,0.032452844673792836,1,1,0,0
balanced,2048,75,2,1023.9999999999999,1,0.022947626537632493,0,0.18471214927936153,0.21716499395315436,0.032452844673792836,1,1,0,0
balanced,2048,76,2,1023.9999999999999,1,0.022947626537632715,0,0.17815551292009363,0.21060835759388646,0.032452844673792836,1,1,0,0
balanced,2048,77,2,1023.9999999999999,1,0.022947626537632715,0,0.17501614281224143,0.20746898748603426,0.032452844673792836,1,1,0,0
balanced,2048,78,2,1023.9999999999999,1,0.022947626537632604,0,0.18498805675895852,0.21744090143275135,0.032452844673792836,1,1,0,0
balanced,2048,79,2,1023.9999999999999,1,0.022947626537632715,0,0.17285087712257163,0.20530372179636447,0.032452844673792836,1,1,0,0
balanced,2048,80,2,1023.9999999999999,1,0.022947626537632493,0,0.17956176920024386,0.2120146138740367,0.032452844673792836,1,1,0,0
balanced,2048,81,2,1023.9999999999999,1,0.022947626537632715,0,0.17394055501114142,0.20639339968493425,0.032452844673792836,1,1,0,0
balanced,2048,82,2,1023.9999999999999,1,0.022947626537632715,0,0.1885004986922067,0.22095334336599953,0.032452844673792836,1,1,0,0
balanced,2048,83,2,1023.9999999999999,1,0.022947626537632604,0,0.18792982306678263,0.22038266774057547,0.032452844673792836,1,1,0,0
balanced,2048,84,2,1023.9999999999999,1,0.022947626537632715,0,0.17976904582976344,0.21222189050355628,0.032452844673792836,1,1,0,0
balanced,2048,85,2,1023.9999999999999,1,0.022947626537632604,0,0.1893894377981678,0.22184228247196064,0.032452844673792836,1,1,0,0
balanced,2048,86,2,1023.9999999999999,1,0.022947626537632604,0,0.184400047064273,0.21685289173806582,0.032452844673792836,1,1,0,0
balanced,2048,87,2,1023.9999999999999,1,0.022947626537632604,0,0.17136340946297152,0.20381625413676435,0.032452844673792836,1,1,0,0
balanced,2048,88,2,1023.9999999999999,1,0.022947626537632604,0,0.17025146476604747,0.2027043094398403,0.032452844673792836,1,1,0,0
balanced,2048,89,2,1023.9999999999999,1,0.022947626537632715,0,0.18606127732869676,0.2185141220024896,0.032452844673792836,1,1,0,0
balanced,2048,90,2,1023.9999999999999,1,0.022947626537632715,0,0.1726968901194087,0.20514973479320153,0.032452844673792836,1,1,0,0
balanced,2048,91,2,1023.9999999999999,1,0.022947626537632604,0,0.18670445673081393,0.21915730140460676,0.032452844673792836,1,1,0,0
balanced,2048,92,2,1023.9999999999999,1,0.022947626537632604,0,0.18701553344860888,0.21946837812240172,0.032452844673792836,1,1,0,0
balanced,2048,93,2,1023.9999999999999,1,0.022947626537632604,0,0.17962034965697404,0.21207319433076688,0.032452844673792836,1,1,0,0
balanced,2048,94,2,1023.9999999999999,1,0.022947626537632715,0,0.18415126216029293,0.21660410683408576,0.032452844673792836,1,1,0,0
balanced,2048,95,2,1023.9999999999999,1,0.022947626537632604,0,0.18818070443382268,0.2206335491076155,0.032452844673792836,1,1,0,0
balanced,2048,96,2,1023.9999999999999,1,0.022947626537632604,0,0.18002108782837445,0.21247393250216728,0.032452844673792836,1,1,0,0
balanced,2048,97,2,1023.9999999999999,1,0.022947626537632604,0,0.19361095023384856,0.2260637949076414,0.032452844673792836,1,1,0,0
balanced,2048,98,2,1023.9999999999999,1,0.022947626537632715,0,0.19307215845602405,0.22552500312981688,0.032452844673792836,1,1,0,0
balanced,2048,99,2,1023.9999999999999,1,0.022947626537632604,0,0.17812157194761397,0.2105744166214068,0.032452844673792836,1,1,0,0
balanced,2048,100,2,1023.9999999999999,1,0.022947626537632715,0,0.1752875656874604,0.20774041036125324,0.032452844673792836,1,1,0,0
balanced,2048,101,2,1023.9999999999999,1,0.022947626537632715,0,0.18596309050145915,0.21841593517525199,0.032452844673792836,1,1,0,0
balanced,2048,102,2,1023.9999999999999,1,0.022947626537632604,0,0.1825762333923599,0.21502907806615273,0.032452844673792836,1,1,0,0
balanced,2048,103,2,1023.9999999999999,0,0.022947626537632493,0,0.17813455331007033,0.21058739798386317,0.032452844673792836,1,1,0,0
balanced,2048,104,2,1023.9999999999999,1,0.022947626537632715,0,0.18467839068990932,0.21713123536370216,0.032452844673792836,1,1,0,0
balanced,2048,105,2,1023.9999999999999,1,0.022947626537632604,0,0.1907058127504343,0.22315865742422714,0.032452844673792836,1,1,0,0
balanced,2048,106,2,1023.9999999999999,1,0.022947626537632715,0,0.18040584758957068,0.2128586922633635,0.032452844673792836,1,1,0,0
balanced,2048,107,2,1023.9999999999999,1,0.022947626537632604,0,0.17667064812400562,0.20912349279779846,0.032452844673792836,1,1,0,0
balanced,2048,108,2,1023.9999999999999,1,0.022947626537632604,0,0.18604614413021686,0.2184989888040097,0.032452844673792836,1,1,0,0
balanced,2048,109,2,1023.9999999999999,1,0.022947626537632604,0,0.19125328985307388,0.22370613452686672,0.032452844673792836,1,1,0,0
balanced,2048,110,2,1023.9999999999999,1,0.022947626537632604,0,0.1825382078871609,0.21499105256095374,0.032452844673792836,1,1,0,0
balanced,2048,111,2,1023.9999999999999,1,0.022947626537632604,0,0.19384587340974357,0.2262987180835364,0.032452844673792836,1,1,0,0
balanced,2048,112,2,1023.9999999999999,1,0.022947626537632493,0,0.17854640110056436,0.2109992457743572,0.032452844673792836,1,1,0,0
balanced,2048,113,2,1023.9999999999999,1,0.022947626537632604,0,0.18235859108741542,0.21481143576120826,0.032452844673792836,1,1,0,0
balanced,2048,114,2,1023.9999999999999,1,0.022947626537632715,0,0.19569936210658956,0.2281522067803824,0.032452844673792836,1,1,0,0
balanced,2048,115,2,1023.9999999999999,1,0.022947626537632604,0,0.19386768338889793,0.22632052806269076,0.032452844673792836,1,1,0,0
balanced,2048,116,2,1023.9999999999999,1,0.022947626537632604,0,0.18377496726260467,0.2162278119363975,0.032452844673792836,1,1,0,0
balanced,2048,117,2,1023.9999999999999,1,0.022947626537632604,0,0.17973706455505695,0.21218990922884978,0.032452844673792836,1,1,0,0
balanced,2048,118,2,1023.9999999999999,1,0.022947626537632604,0,0.1705088434851812,0.20296168815897403,0.032452844673792836,1,1,0,0
balanced,2048,119,2,1023.9999999999999,1,0.022947626537632493,0,0.18193522912272353,0.21438807379651637,0.032452844673792836,1,1,0,0
balanced,2048,120,2,1023.9999999999999,1,0.022947626537632604,0,0.1885700804761939,0.22102292514998673,0.032452844673792836,1,1,0,0
balanced,2048,121,2,1023.9999999999999,1,0.022947626537632604,0,0.18489117098805785,0.2173440156618507,0.032452844673792836,1,1,0,0
balanced,2048,122,2,1023.9999999999999,1,0.022947626537632604,0,0.18626748342265703,0.21872032809644987,0.032452844673792836,1,1,0,0
balanced,2048,123,2,1023.9999999999999,1,0.022947626537632493,0,0.18524298433924485,0.2176958290130377,0.032452844673792836,1,1,0,0
balanced,2048,124,2,1023.9999999999999,1,0.022947626537632715,0,0.17672356679522,0.20917641146901284,0.032452844673792836,1,1,0,0
balanced,2048,125,2,1023.9999999999999,0,0.022947626537632715,0,0.19965413055966724,0.23210697523346008,0.032452844673792836,1,1,0,0
balanced,2048,126,2,1023.9999999999999,1,0.022947626537632604,0,0.19510213091071738,0.2275549755845102,0.032452844673792836,1,1,0,0
balanced,2048,127,2,1023.9999999999999,1,0.022947626537632715,0,0.1864893858750909,0.21894223054888373,0.032452844673792836,1,1,0,0
balanced,2048,128,2,1023.9999999999999,1,0.022947626537632715,0,0.18938698167232648,0.22183982634611932,0.032452844673792836,1,1,0,0
balanced,2048,129,2,1023.9999999999999,1,0.022947626537632604,0,0.1737429794497964,0.20619582412358922,0.032452844673792836,1,1,0,0
balanced,2048,130,2,1023.9999999999999,1,0.022947626537632604,0,0.1932068211652188,0.22565966583901165,0.032452844673792836,1,1,0,0
balanced,2048,131,2,1023.9999999999999,1,0.022947626537632715,0,0.18736308759286113,0.21981593226665397,0.032452844673792836,1,1,0,0
balanced,2048,132,2,1023.9999999999999,1,0.022947626537632604,0,0.17887553006423007,0.2113283747380229,0.032452844673792836,1,1,0,0
balanced,2048,133,2,1023.9999999999999,1,0.022947626537632715,0,0.18990613294826986,0.2223589776220627,0.032452844673792836,1,1,0,0
balanced,2048,134,2,1023.9999999999999,1,0.022947626537632604,0,0.18121000486797278,0.21366284954176562,0.032452844673792836,1,1,0,0
balanced,2048,135,2,1023.9999999999999,1,0.022947626537632715,0,0.18770681756839608,0.2201596622421889,0.032452844673792836,1,1,0,0
balanced,2048,136,2,1023.9999999999999,1,0.022947626537632715,0,0.19657397449870978,0.22902681917250262,0.032452844673792836,1,1,0,0
balanced,2048,137,2,1023.9999999999999,0,0.022947626537632715,0,0.19344732776558138,0.2259001724393742,0.032452844673792836,1,1,0,0
balanced,2048,138,2,1023.9999999999999,1,0.022947626537632604,0,0.18961439551437437,0.2220672401881672,0.032452844673792836,1,1,0,0
balanced,2048,139,2,1023.9999999999999,1,0.022947626537632715,0,0.1811185184363469,0.21357136311013974,0.032452844673792836,1,1,0,0
balanced,2048,140,2,1023.9999999999999,1,0.022947626537632604,0,0.19287242140657224,0.22532526608036507,0.032452844673792836,1,1,0,0
balanced,2048,141,2,1023.9999999999999,1,0.022947626537632604,0,0.1848063920675852,0.21725923674137804,0.032452844673792836,1,1,0,0
balanced,2048,142,2,1023.9999999999999,1,0.022947626537632604,0,0.1834383017705155,0.21589114644430835,0.032452844673792836,1,1,0,0
balanced,2048,143,2,1023.9999999999999,1,0.022947626537632604,0,0.19177516036299042,0.22422800503678325,0.032452844673792836,1,1,0,0
balanced,2048,144,2,1023.9999999999999,1,0.022947626537632604,0,0.19675613368150352,0.22920897835529636,0.032452844673792836,1,1,0,0
balanced,2048,145,2,1023.9999999999999,1,0.022947626537632715,0,0.17191737790599526,0.2043702225797881,0.032452844673792836,1,1,0,0
balanced,2048,146,2,1023.9999999999999,1,0.022947626537632604,0,0.18778073280771185,0.22023357748150468,0.032452844673792836,1,1,0,0
balanced,2048,147,2,1023.9999999999999,1,0.022947626537632604,0,0.18760173228071358,0.22005457695450642,0.032452844673792836,1,1,0,0
balanced,2048,148,2,1023.9999999999999,0,0.022947626537632604,0,0.16877020565241013,0.20122305032620297,0.032452844673792836,1,1,0,0
balanced,2048,149,2,1023.9999999999999,1,0.022947626537632604,0,0.17664159649519684,0.20909444116898968,0.032452844673792836,1,1,0,0
balanced,2048,150,2,1023.9999999999999,1,0.022947626537632604,0,0.17540597808564612,0.20785882275943895,0.032452844673792836,1,1,0,0
balanced,2048,151,2,1023.9999999999999,1,0.022947626537632604,0,0.18176356621104162,0.21421641088483445,0.032452844673792836,1,1,0,0
balanced,2048,152,2,1023.9999999999999,1,0.022947626537632715,0,0.18927302110332822,0.22172586577712106,0.032452844673792836,1,1,0,0
balanced,2048,153,2,1023.9999999999999,1,0.022947626537632604,0,0.17970095183406476,0.2121537965078576,0.032452844673792836,1,1,0,0
balanced,2048,154,2,1023.9999999999999,1,0.022947626537632604,0,0.18208220460832125,0.2145350492821141,0.032452844673792836,1,1,0,0
balanced,2048,155,2,1023.9999999999999,1,0.022947626537632715,0,0.185567019163575,0.21801986383736782,0.032452844673792836,1,1,0,0
balanced,2048,156,2,1023.9999999999999,1,0.022947626537632715,0,0.1869515693784179,0.21940441405221073,0.032452844673792836,1,1,0,0
balanced,2048,157,2,1023.9999999999999,1,0.022947626537632715,0,0.17771552185097006,0.2101683665247629,0.032452844673792836,1,1,0,0
balanced,2048,158,2,1023.9999999999999,0,0.022947626537632715,0,0.1967845491124282,0.22923739378622104,0.032452844673792836,1,1,0,0
balanced,2048,159,2,1023.9999999999999,1,0.022947626537632604,0,0.18900953318761632,0.22146237786140915,0.032452844673792836,1,1,0,0
balanced,2048,160,2,1023.9999999999999,1,0.022947626537632604,0,0.18571308147891608,0.2181659261527089,0.032452844673792836,1,1,0,0
balanced,2048,161,2,1023.9999999999999,1,0.022947626537632493,0,0.1809589782580856,0.21341182293187844,0.032452844673792836,1,1,0,0
balanced,2048,162,2,1023.9999999999999,1,0.022947626537632604,0,0.17785761299225017,0.210310457666043,0.032452844673792836,1,1,0,0
balanced,2048,163,2,1023.9999999999999,1,0.022947626537632715,0,0.18608127842173483,0.21853412309552767,0.032452844673792836,1,1,0,0
balanced,2048,164,2,1023.9999999999999,1,0.022947626537632715,0,0.17686694421275362,0.20931978888654645,0.032452844673792836,1,1,0,0
balanced,2048,165,2,1023.9999999999999,1,0.022947626537632604,0,0.1856416678225592,0.21809451249635203,0.032452844673792836,1,1,0,0
balanced,2048,166,2,1023.9999999999999,1,0.022947626537632493,0,0.18974261030231154,0.22219545497610438,0.032452844673792836,1,1,0,0
balanced,2048,167,2,1023.9999999999999,1,0.022947626537632715,0,0.1924646119875575,0.22491745666135032,0.032452844673792836,1,1,0,0
balanced,2048,168,2,1023.9999999999999,1,0.022947626537632604,0,0.17479613947134381,0.20724898414513665,0.032452844673792836,1,1,0,0
balanced,2048,169,2,1023.9999999999999,1,0.022947626537632604,0,0.18618505034232974,0.21863789501612257,0.032452844673792836,1,1,0,0
balanced,2048,170,2,1023.9999999999999,1,0.022947626537632604,0,0.181801929327068,0.21425477400086085,0.032452844673792836,1,1,0,0
balanced,2048,171,2,1023.9999999999999,1,0.022947626537632715,0,0.18015028269205824,0.21260312736585107,0.032452844673792836,1,1,0,0
balanced,2048,172,2,1023.9999999999999,1,0.022947626537632604,0,0.18177370808139193,0.21422655275518476,0.032452844673792836,1,1,0,0
balanced,2048,173,2,1023.9999999999999,1,0.022947626537632715,0,0.18537587624873797,0.2178287209225308,0.032452844673792836,1,1,0,0
balanced,2048,174,2,1023.9999999999999,1,0.022947626537632715,0,0.18665702306862403,0.21910986774241686,0.032452844673792836,1,1,0,0
balanced,2048,175,2,1023.9999999999999,1,0.022947626537632604,0,0.1806829931664059,0.21313583784019874,0.032452844673792836,1,1,0,0
balanced,2048,176,2,1023.9999999999999,1,0.022947626537632715,0,0.18689103934634987,0.2193438840201427,0.032452844673792836,1,1,0,0
balanced,2048,177,2,1023.9999999999999,1,0.022947626537632715,0,0.18344041511776704,0.21589325979155988,0.032452844673792836,1,1,0,0
balanced,2048,178,2,1023.9999999999999,1,0.022947626537632604,0,0.18651129774550007,0.2189641424192929,0.032452844673792836,1,1,0,0
balanced,2048,179,2,1023.9999999999999,1,0.022947626537632715,0,0.19056782564728691,0.22302067032107975,0.032452844673792836,1,1,0,0
balanced,2048,180,2,1023.9999999999999,1,0.022947626537632493,0,0.1845298055048714,0.21698265017866425,0.032452844673792836,1,1,0,0
balanced,2048,181,2,1023.9999999999999,1,0.022947626537632715,0,0.18035241690803505,0.2128052615818279,0.032452844673792836,1,1,0,0
balanced,2048,182,2,1023.9999999999999,1,0.022947626537632715,0,0.1833060334451596,0.21575887811895245,0.032452844673792836,1,1,0,0
balanced,2048,183,2,1023.9999999999999,1,0.022947626537632715,0,0.1826983610388177,0.21515120571261054,0.032452844673792836,1,1,0,0
balanced,2048,184,2,1023.9999999999999,1,0.022947626537632715,0,0.18967299199767373,0.22212583667146657,0.032452844673792836,1,1,0,0
balanced,2048,185,2,1023.9999999999999,1,0.022947626537632493,0,0.18850991065491712,0.22096275532870996,0.032452844673792836,1,1,0,0
balanced,2048,186,2,1023.9999999999999,1,0.022947626537632604,0,0.17687299772620374,0.20932584239999658,0.032452844673792836,1,1,0,0
balanced,2048,187,2,1023.9999999999999,1,0.022947626537632715,0,0.18736828651422827,0.2198211311880211,0.032452844673792836,1,1,0,0
balanced,2048,188,2,1023.9999999999999,1,0.022947626537632604,0,0.17679689705006202,0.20924974172385485,0.032452844673792836,1,1,0,0
balanced,2048,189,2,1023.9999999999999,1,0.022947626537632715,0,0.1732974477799708,0.20575029245376364,0.032452844673792836,1,1,0,0
balanced,2048,190,2,1023.9999999999999,1,0.022947626537632604,0,0.18831765247302534,0.22077049714681818,0.032452844673792836,1,1,0,0
balanced,2048,191,2,1023.9999999999999,1,0.022947626537632715,0,0.19114629153754525,0.2235991362113381,0.032452844673792836,1,1,0,0
balanced,2048,192,2,1023.9999999999999,1,0.022947626537632493,0,0.1770579019824215,0.20951074665621433,0.032452844673792836,1,1,0,0
balanced,2048,193,2,1023.9999999999999,0,0.022947626537632604,0,0.17418782811180483,0.20664067278559767,0.032452844673792836,1,1,0,0
balanced,2048,194,2,1023.9999999999999,1,0.022947626537632604,0,0.18308126357918708,0.21553410825297992,0.032452844673792836,1,1,0,0
balanced,2048,195,2,1023.9999999999999,1,0.022947626537632493,0,0.18596972295132608,0.2184225676251189,0.032452844673792836,1,1,0,0
balanced,2048,196,2,1023.9999999999999,1,0.022947626537632715,0,0.18767790715979416,0.220130751833587,0.032452844673792836,1,1,0,0
balanced,2048,197,2,1023.9999999999999,1,0.022947626537632604,0,0.1857002759564736,0.21815312063026643,0.032452844673792836,1,1,0,0
balanced,2048,198,2,1023.9999999999999,1,0.022947626537632715,0,0.18674989737403902,0.21920274204783186,0.032452844673792836,1,1,0,0
balanced,2048,199,2,1023.9999999999999,1,0.022947626537632604,0,0.1834814203808794,0.21593426505467223,0.032452844673792836,1,1,0,0
balanced,2048,200,2,1023.9999999999999,1,0.022947626537632715,0,0.18259594497114034,0.21504878964493318,0.032452844673792836,1,1,0,0
balanced,2048,201,2,1023.9999999999999,1,0.022947626537632604,0,0.17956537769644187,0.2120182223702347,0.032452844673792836,1,1,0,0
balanced,2048,202,2,1023.9999999999999,1,0.022947626537632604,0,0.182529868290859,0.21498271296465182,0.032452844673792836,1,1,0,0
balanced,2048,203,2,1023.9999999999999,1,0.022947626537632715,0,0.18508564700406605,0.21753849167785888,0.032452844673792836,1,1,0,0
balanced,2048,204,2,1023.9999999999999,1,0.022947626537632604,0,0.17666317063180514,0.20911601530559798,0.032452844673792836,1,1,0,0
balanced,2048,205,2,1023.9999999999999,0,0.022947626537632604,0,0.17625332081149558,0.20870616548528842,0.032452844673792836,1,1,0,0
balanced,2048,206,2,1023.9999999999999,1,0.022947626537632715,0,0.19099088087870064,0.22344372555249348,0.032452844673792836,1,1,0,0
balanced,2048,207,2,1023.9999999999999,0,0.022947626537632493,0,0.1756297768517962,0.20808262152558904,0.032452844673792836,1,1,0,0
balanced,2048,208,2,1023.9999999999999,1,0.022947626537632715,0,0.1905188793265415,0.22297172400033433,0.032452844673792836,1,1,0,0
balanced,2048,209,2,1023.9999999999999,1,0.022947626537632604,0,0.18026715985085684,0.21272000452464968,0.032452844673792836,1,1,0,0
balanced,2048,210,2,1023.9999999999999,1,0.022947626537632715,0,0.18377855351691913,0.21623139819071197,0.032452844673792836,1,1,0,0
balanced,2048,211,2,1023.9999999999999,1,0.022947626537632604,0,0.1733855565229599,0.20583840119675273,0.032452844673792836,1,1,0,0
balanced,2048,212,2,1023.9999999999999,1,0.022947626537632604,0,0.17411251244505616,0.206565357118849,0.032452844673792836,1,1,0,0
balanced,2048,213,2,1023.9999999999999,1,0.022947626537632493,0,0.1795544274268086,0.21200727210060144,0.032452844673792836,1,1,0,0
balanced,2048,214,2,1023.9999999999999,1,0.022947626537632493,0,0.192651335523292,0.22510418019708484,0.032452844673792836,1,1,0,0
balanced,2048,215,2,1023.9999999999999,1,0.022947626537632604,0,0.17378001224374834,0.20623285691754117,0.032452844673792836,1,1,0,0
balanced,2048,216,2,1023.9999999999999,1,0.022947626537632493,0,0.17816832759038448,0.21062117226417731,0.032452844673792836,1,1,0,0
balanced,2048,217,2,1023.9999999999999,1,0.022947626537632604,0,0.1896832608645782,0.22213610553837104,0.032452844673792836,1,1,0,0
balanced,2048,218,2,1023.9999999999999,1,0.022947626537632604,0,0.1740169995051929,0.20646984417898573,0.032452844673792836,1,1,0,0
balanced,2048,219,2,1023.9999999999999,1,0.022947626537632715,0,0.1853730143148914,0.21782585898868423,0.032452844673792836,1,1,0,0
balanced,2048,220,2,1023.9999999999999,1,0.022947626537632715,0,0.1866439644259587,0.21909680909975154,0.032452844673792836,1,1,0,0
balanced,2048,221,2,1023.9999999999999,1,0.022947626537632493,0,0.18589220610007023,0.21834505077386307,0.032452844673792836,1,1,0,0
balanced,2048,222,2,1023.9999999999999,1,0.022947626537632715,0,0.17820783071389995,0.2106606753876928,0.032452844673792836,1,1,0,0
balanced,2048,223,2,1023.9999999999999,1,0.022947626537632715,0,0.18568217596295888,0.21813502063675172,0.032452844673792836,1,1,0,0
balanced,2048,224,2,1023.9999999999999,1,0.022947626537632715,0,0.18131117842737537,0.2137640231011682,0.032452844673792836,1,1,0,0
balanced,2048,225,2,1023.9999999999999,1,0.022947626537632715,0,0.17915954588424143,0.21161239055803427,0.032452844673792836,1,1,0,0
balanced,2048,226,2,1023.9999999999999,1,0.022947626537632604,0,0.19142242930599668,0.2238752739797895,0.032452844673792836,1,1,0,0
balanced,2048,227,2,1023.9999999999999,1,0.022947626537632604,0,0.17728787789742084,0.20974072257121368,0.032452844673792836,1,1,0,0
balanced,2048,228,2,1023.9999999999999,1,0.022947626537632604,0,0.17913214226989643,0.21158498694368927,0.032452844673792836,1,1,0,0
balanced,2048,229,2,1023.9999999999999,1,0.022947626537632715,0,0.18769307477942354,0.22014591945321638,0.032452844673792836,1,1,0,0
balanced,2048,230,2,1023.9999999999999,1,0.022947626537632604,0,0.1858048877224756,0.21825773239626844,0.032452844673792836,1,1,0,0
balanced,2048,231,2,1023.9999999999999,1,0.022947626537632604,0,0.17412786739610514,0.20658071206989798,0.032452844673792836,1,1,0,0
balanced,2048,232,2,1023.9999999999999,1,0.022947626537632715,0,0.19511718245010373,0.22757002712389657,0.032452844673792836,1,1,0,0
balanced,2048,233,2,1023.9999999999999,1,0.022947626537632604,0,0.18013070200981457,0.2125835466836074,0.032452844673792836,1,1,0,0
balanced,2048,234,2,1023.9999999999999,1,0.022947626537632604,0,0.18059358759047112,0.21304643226426395,0.032452844673792836,1,1,0,0
balanced,2048,235,2,1023.9999999999999,0,0.022947626537632604,0,0.17601350175614078,0.2084663464299336,0.032452844673792836,1,1,0,0
balanced,2048,236,2,1023.9999999999999,1,0.022947626537632715,0,0.18789765505707057,0.2203504997308634,0.032452844673792836,1,1,0,0
balanced,2048,237,2,1023.9999999999999,1,0.022947626537632715,0,0.1863827233258713,0.21883556799966414,0.032452844673792836,1,1,0,0
balanced,2048,238,2,1023.9999999999999,1,0.022947626537632604,0,0.17813096326652467,0.2105838079403175,0.032452844673792836,1,1,0,0
balanced,2048,239,2,1023.9999999999999,1,0.022947626537632604,0,0.1726461758191396,0.20509902049293244,0.032452844673792836,1,1,0,0
balanced,2048,240,2,1023.9999999999999,1,0.022947626537632493,0,0.1789245959590829,0.21137744063287572,0.032452844673792836,1,1,0,0
balanced,2048,241,2,1023.9999999999999,1,0.022947626537632604,0,0.17897847194386668,0.21143131661765951,0.032452844673792836,1,1,0,0
balanced,2048,242,2,1023.9999999999999,1,0.022947626537632604,0,0.1905013486820465,0.22295419335583933,0.032452844673792836,1,1,0,0
balanced,2048,243,2,1023.9999999999999,1,0.022947626537632715,0,0.18662708607002415,0.219079930743817,0.032452844673792836,1,1,0,0
balanced,2048,244,2,1023.9999999999999,1,0.022947626537632493,0,0.18007307754395108,0.2125259222177439,0.032452844673792836,1,1,0,0
balanced,2048,245,2,1023.9999999999999,1,0.022947626537632604,0,0.17391548836648357,0.2063683330402764,0.032452844673792836,1,1,0,0
balanced,2048,246,2,1023.9999999999999,1,0.022947626537632493,0,0.18487262479534755,0.2173254694691404,0.032452844673792836,1,1,0,0
balanced,2048,247,2,1023.9999999999999,1,0.022947626537632715,0,0.18351580942141588,0.2159686540952087,0.032452844673792836,1,1,0,0
balanced,2048,248,2,1023.9999999999999,1,0.022947626537632715,0,0.18231221260001018,0.21476505727380302,0.032452844673792836,1,1,0,0
balanced,2048,249,2,1023.9999999999999,1,0.022947626537632715,0,0.1871070539454709,0.21955989861926373,0.032452844673792836,1,1,0,0
balanced,2048,250,2,1023.9999999999999,1,0.022947626537632604,0,0.1875511542834004,0.22000399895719325,0.032452844673792836,1,1,0,0
balanced,2048,251,2,1023.9999999999999,1,0.022947626537632715,0,0.1850787161034847,0.21753156077727753,0.032452844673792836,1,1,0,0
balanced,2048,252,2,1023.9999999999999,1,0.022947626537632604,0,0.17616401099809093,0.20861685567188376,0.032452844673792836,1,1,0,0
balanced,2048,253,2,1023.9999999999999,1,0.022947626537632493,0,0.18473501588267977,0.2171878605564726,0.032452844673792836,1,1,0,0
balanced,2048,254,2,1023.9999999999999,1,0.022947626537632604,0,0.19220765447328275,0.2246604991470756,0.032452844673792836,1,1,0,0
balanced,2048,255,2,1023.9999999999999,1,0.022947626537632715,0,0.18561553177130985,0.21806837644510269,0.032452844673792836,1,1,0,0
balanced,2048,256,2,1023.9999999999999,1,0.022947626537632715,0,0.18191332705848096,0.2143661717322738,0.032452844673792836,1,1,0,0
balanced,2048,257,2,1023.9999999999999,1,0.022947626537632715,0,0.18131394139795654,0.21376678607174937,0.032452844673792836,1,1,0,0
balanced,2048,258,2,1023.9999999999999,1,0.022947626537632604,0,0.1765626272416601,0.20901547191545294,0.032452844673792836,1,1,0,0
balanced,2048,259,2,1023.9999999999999,1,0.022947626537632715,0,0.17962666717749431,0.21207951185128715,0.032452844673792836,1,1,0,0
balanced,2048,260,2,1023.9999999999999,1,0.022947626537632604,0,0.1750362535347168,0.20748909820850964,0.032452844673792836,1,1,0,0
balanced,2048,261,2,1023.9999999999999,1,0.022947626537632604,0,0.18048156664132697,0.2129344113151198,0.032452844673792836,1,1,0,0
balanced,2048,262,2,1023.9999999999999,1,0.022947626537632604,0,0.18442853363204886,0.2168813783058417,0.032452844673792836,1,1,0,0
balanced,2048,263,2,1023.9999999999999,1,0.022947626537632715,0,0.17566458395251766,0.2081174286263105,0.032452844673792836,1,1,0,0
balanced,2048,264,2,1023.9999999999999,1,0.022947626537632604,0,0.17991293021622284,0.21236577489001568,0.032452844673792836,1,1,0,0
balanced,2048,265,2,1023.9999999999999,1,0.022947626537632715,0,0.1720850312331781,0.20453787590697092,0.032452844673792836,1,1,0,0
balanced,2048,266,2,1023.9999999999999,1,0.022947626537632715,0,0.17686701010276323,0.20931985477655607,0.032452844673792836,1,1,0,0
balanced,2048,267,2,1023.9999999999999,1,0.022947626537632604,0,0.17790138267102223,0.21035422734481507,0.032452844673792836,1,1,0,0
balanced,2048,268,2,1023.9999999999999,1,0.022947626537632604,0,0.1792347970503535,0.21168764172414634,0.032452844673792836,1,1,0,0
balanced,2048,269,2,1023.9999999999999,1,0.022947626537632604,0,0.1823351061822598,0.21478795085605262,0.032452844673792836,1,1,0,0
balanced,2048,270,2,1023.9999999999999,1,0.022947626537632604,0,0.18691044067918156,0.2193632853529744,0.032452844673792836,1,1,0,0
balanced,2048,271,2,1023.9999999999999,1,0.022947626537632715,0,0.1785939451239022,0.21104678979769503,0.032452844673792836,1,1,0,0
balanced,2048,272,2,1023.9999999999999,1,0.022947626537632493,0,0.18370484555772265,0.2161576902315155,0.032452844673792836,1,1,0,0
balanced,2048,273,2,1023.9999999999999,1,0.022947626537632604,0,0.18207959862369494,0.21453244329748777,0.032452844673792836,1,1,0,0
balanced,2048,274,2,1023.9999999999999,1,0.022947626537632715,0,0.1853436661529808,0.21779651082677365,0.032452844673792836,1,1,0,0
balanced,2048,275,2,1023.9999999999999,1,0.022947626537632604,0,0.186417940138507,0.21887078481229982,0.032452844673792836,1,1,0,0
balanced,2048,276,2,1023.9999999999999,1,0.022947626537632604,0,0.18252392797024297,0.2149767726440358,0.032452844673792836,1,1,0,0
balanced,2048,277,2,1023.9999999999999,1,0.022947626537632604,0,0.17015654570275107,0.2026093903765439,0.032452844673792836,1,1,0,0
balanced,2048,278,2,1023.9999999999999,1,0.022947626537632715,0,0.18730949106968803,0.21976233574348086,0.032452844673792836,1,1,0,0
balanced,2048,279,2,1023.9999999999999,1,0.022947626537632715,0,0.17627251844712993,0.20872536312092277,0.032452844673792836,1,1,0,0
balanced,2048,280,2,1023.9999999999999,1,0.022947626537632715,0,0.17717294639508413,0.20962579106887697,0.032452844673792836,1,1,0,0
balanced,2048,281,2,1023.9999999999999,1,0.022947626537632604,0,0.1884827390278126,0.22093558370160543,0.032452844673792836,1,1,0,0
balanced,2048,282,2,1023.9999999999999,1,0.022947626537632604,0,0.17237924841237995,0.20483209308617278,0.032452844673792836,1,1,0,0
balanced,2048,283,2,1023.9999999999999,1,0.022947626537632715,0,0.18018452985579936,0.2126373745295922,0.032452844673792836,1,1,0,0
balanced,2048,284,2,1023.9999999999999,1,0.022947626537632715,0,0.19736240677296768,0.22981525144676052,0.032452844673792836,1,1,0,0
balanced,2048,285,2,1023.9999999999999,1,0.022947626537632715,0,0.18216135115984855,0.21461419583364139,0.032452844673792836,1,1,0,0
balanced,2048,286,2,1023.9999999999999,1,0.022947626537632715,0,0.18684463630976844,0.21929748098356128,0.032452844673792836,1,1,0,0
balanced,2048,287,2,1023.9999999999999,1,0.022947626537632604,0,0.1907569666582789,0.22320981133207174,0.032452844673792836,1,1,0,0
balanced,2048,288,2,1023.9999999999999,1,0.022947626537632715,0,0.18821984320402035,0.2206726878778132,0.032452844673792836,1,1,0,0
balanced,2048,289,2,1023.9999999999999,1,0.022947626537632715,0,0.18323221575698556,0.2156850604307784,0.032452844673792836,1,1,0,0
balanced,2048,290,2,1023.9999999999999,1,0.022947626537632715,0,0.1899503326400892,0.22240317731388204,0.032452844673792836,1,1,0,0
balanced,2048,291,2,1023.9999999999999,1,0.022947626537632715,0,0.1864654926027075,0.21891833727650034,0.032452844673792836,1,1,0,0
balanced,2048,292,2,1023.9999999999999,1,0.022947626537632493,0,0.19098115623064665,0.2234340009044395,0.032452844673792836,1,1,0,0
balanced,2048,293,2,1023.9999999999999,1,0.022947626537632715,0,0.18210443064713266,0.2145572753209255,0.032452844673792836,1,1,0,0
balanced,2048,294,2,1023.9999999999999,1,0.022947626537632604,0,0.17843879275903957,0.2108916374328324,0.032452844673792836,1,1,0,0
balanced,2048,295,2,1023.9999999999999,1,0.022947626537632604,0,0.17339403931453967,0.2058468839883325,0.032452844673792836,1,1,0,0
balanced,2048,296,2,1023.9999999999999,0,0.022947626537632715,0,0.17517722527011825,0.2076300699439111,0.032452844673792836,1,1,0,0
balanced,2048,297,2,1023.9999999999999,1,0.022947626537632715,0,0.1720660801542736,0.20451892482806644,0.032452844673792836,1,1,0,0
balanced,2048,298,2,1023.9999999999999,1,0.022947626537632604,0,0.18844190455771814,0.22089474923151098,0.032452844673792836,1,1,0,0
balanced,2048,299,2,1023.9999999999999,1,0.022947626537632604,0,0.18119300630173002,0.21364585097552286,0.032452844673792836,1,1,0,0
balanced,8192,0,2,4095.9999999999995,1,0.011473813268816357,0,0.1924138871510686,0.20864030948796514,0.01622642233689653,1,1,0,0
balanced,8192,1,2,4095.9999999999995,1,0.011473813268816357,0,0.1908275466701651,0.20705396900706163,0.01622642233689653,1,1,0,0
balanced,8192,2,2,4095.9999999999995,1,0.011473813268816468,0,0.19759197428780945,0.21381839662470598,0.01622642233689653,1,1,0,0
balanced,8192,3,2,4095.9999999999995,1,0.011473813268816357,0,0.1901395531231489,0.20636597546004543,0.01622642233689653,1,1,0,0
balanced,8192,4,2,4095.9999999999995,1,0.011473813268816357,0,0.19053310068509866,0.20675952302199518,0.01622642233689653,1,1,0,0
balanced,8192,5,2,4095.9999999999995,1,0.011473813268816357,0,0.18690469123813014,0.20313111357502667,0.01622642233689653,1,1,0,0
balanced,8192,6,2,4095.9999999999995,1,0.011473813268816357,0,0.19513786705162733,0.21136428938852386,0.01622642233689653,1,1,0,0
balanced,8192,7,2,4095.9999999999995,1,0.011473813268816357,0,0.18538866202321375,0.20161508436011027,0.01622642233689653,1,1,0,0
balanced,8192,8,2,4095.9999999999995,1,0.011473813268816357,0,0.19035161106000315,0.20657803339689967,0.01622642233689653,1,1,0,0
balanced,8192,9,2,4095.9999999999995,1,0.011473813268816357,0,0.19638822490058788,0.2126146472374844,0.01622642233689653,1,1,0,0
balanced,8192,10,2,4095.9999999999995,1,0.011473813268816468,0,0.19391037483371049,0.21013679717060701,0.01622642233689653,1,1,0,0
balanced,8192,11,2,4095.9999999999995,1,0.011473813268816468,0,0.19664335348360068,0.2128697758204972,0.01622642233689653,1,1,0,0
balanced,8192,12,2,4095.9999999999995,1,0.011473813268816357,0,0.19331232974273949,0.20953875207963601,0.01622642233689653,1,1,0,0
balanced,8192,13,2,4095.9999999999995,0,0.011473813268816357,0,0.18674918861753864,0.20297561095443517,0.01622642233689653,1,1,0,0
balanced,8192,14,2,4095.9999999999995,1,0.011473813268816468,0,0.19461065498436647,0.210837077321263,0.01622642233689653,1,1,0,0
balanced,8192,15,2,4095.9999999999995,1,0.011473813268816357,0,0.18705046668584868,0.2032768890227452,0.01622642233689653,1,1,0,0
balanced,8192,16,2,4095.9999999999995,1,0.011473813268816357,0,0.18856569695862263,0.20479211929551916,0.01622642233689653,1,1,0,0
balanced,8192,17,2,4095.9999999999995,1,0.011473813268816357,0,0.19411959971409054,0.21034602205098707,0.01622642233689653,1,1,0,0
balanced,8192,18,2,4095.9999999999995,1,0.011473813268816468,0,0.19180439398920862,0.20803081632610515,0.01622642233689653,1,1,0,0
balanced,8192,19,2,4095.9999999999995,1,0.011473813268816357,0,0.19547357258946219,0.21169999492635871,0.01622642233689653,1,1,0,0
balanced,8192,20,2,4095.9999999999995,1,0.011473813268816357,0,0.1938451679046212,0.21007159024151772,0.01622642233689653,1,1,0,0
balanced,8192,21,2,4095.9999999999995,1,0.011473813268816468,0,0.1915255511965666,0.20775197353346314,0.01622642233689653,1,1,0,0
balanced,8192,22,2,4095.9999999999995,1,0.011473813268816468,0,0.19182742283126147,0.208053845168158,0.01622642233689653,1,1,0,0
balanced,8192,23,2,4095.9999999999995,1,0.011473813268816357,0,0.19196604939681244,0.20819247173370897,0.01622642233689653,1,1,0,0
balanced,8192,24,2,4095.9999999999995,0,0.011473813268816357,0,0.19890206040111486,0.21512848273801138,0.01622642233689653,1,1,0,0
balanced,8192,25,2,4095.9999999999995,1,0.011473813268816357,0,0.1907048063133186,0.20693122865021513,0.01622642233689653,1,1,0,0
balanced,8192,26,2,4095.9999999999995,1,0.011473813268816357,0,0.1957355129832284,0.21196193532012492,0.01622642233689653,1,1,0,0
balanced,8192,27,2,4095.9999999999995,1,0.011473813268816468,0,0.1912387929990254,0.20746521533592194,0.01622642233689653,1,1,0,0
balanced,8192,28,2,4095.9999999999995,1,0.011473813268816468,0,0.1961818533085128,0.21240827564540932,0.01622642233689653,1,1,0,0
balanced,8192,29,2,4095.9999999999995,1,0.011473813268816357,0,0.19231511526372863,0.20854153760062516,0.01622642233689653,1,1,0,0
balanced,8192,30,2,4095.9999999999995,1,0.011473813268816468,0,0.19161602397882577,0.2078424463157223,0.01622642233689653,1,1,0,0
balanced,8192,31,2,4095.9999999999995,1,0.011473813268816357,0,0.18664461880522087,0.2028710411421174,0.01622642233689653,1,1,0,0
balanced,8192,32,2,4095.9999999999995,1,0.011473813268816357,0,0.19260295542938266,0.2088293777662792,0.01622642233689653,1,1,0,0
balanced,8192,33,2,4095.9999999999995,1,0.011473813268816357,0,0.19333372581194436,0.20956014814884089,0.01622642233689653,1,1,0,0
balanced,8192,34,2,4095.9999999999995,1,0.011473813268816357,0,0.19372607318910107,0.2099524955259976,0.01622642233689653,1,1,0,0
balanced,8192,35,2,4095.9999999999995,1,0.011473813268816468,0,0.18715851463445493,0.20338493697135146,0.01622642233689653,1,1,0,0
balanced,8192,36,2,4095.9999999999995,1,0.011473813268816468,0,0.19076282524257793,0.20698924757947446,0.01622642233689653,1,1,0,0
balanced,8192,37,2,4095.9999999999995,1,0.011473813268816357,0,0.199286281053066,0.21551270338996253,0.01622642233689653,1,1,0,0
balanced,8192,38,2,4095.9999999999995,1,0.011473813268816357,0,0.19458024252941436,0.2108066648663109,0.01622642233689653,1,1,0,0
balanced,8192,39,2,4095.9999999999995,1,0.011473813268816357,0,0.19403477636595018,0.2102611987028467,0.01622642233689653,1,1,0,0
balanced,8192,40,2,4095.9999999999995,1,0.011473813268816357,0,0.19377156353935743,0.20999798587625396,0.01622642233689653,1,1,0,0
balanced,8192,41,2,4095.9999999999995,1,0.011473813268816468,0,0.1911440154562568,0.20737043779315334,0.01622642233689653,1,1,0,0
balanced,8192,42,2,4095.9999999999995,1,0.011473813268816357,0,0.18930579589962349,0.20553221823652001,0.01622642233689653,1,1,0,0
balanced,8192,43,2,4095.9999999999995,1,0.011473813268816357,0,0.19227319221183659,0.20849961454873311,0.01622642233689653,1,1,0,0
balanced,8192,44,2,4095.9999999999995,1,0.011473813268816357,0,0.18828609102611982,0.20451251336301635,0.01622642233689653,1,1,0,0
balanced,8192,45,2,4095.9999999999995,1,0.011473813268816357,0,0.19801632004782183,0.21424274238471835,0.01622642233689653,1,1,0,0
balanced,8192,46,2,4095.9999999999995,1,0.011473813268816468,0,0.19567232652861305,0.21189874886550958,0.01622642233689653,1,1,0,0
balanced,8192,47,2,4095.9999999999995,1,0.011473813268816468,0,0.1863829113790625,0.20260933371595902,0.01622642233689653,1,1,0,0
balanced,8192,48,2,4095.9999999999995,1,0.011473813268816357,0,0.19159763162147248,0.207824053958369,0.01622642233689653,1,1,0,0
balanced,8192,49,2,4095.9999999999995,1,0.011473813268816468,0,0.19391896750838156,0.21014538984527809,0.01622642233689653,1,1,0,0
balanced,8192,50,2,4095.9999999999995,1,0.011473813268816357,0,0.19263881685651219,0.2088652391934087,0.01622642233689653,1,1,0,0
balanced,8192,51,2,4095.9999999999995,1,0.011473813268816468,0,0.1938390386462423,0.21006546098313883,0.01622642233689653,1,1,0,0
balanced,8192,52,2,4095.9999999999995,1,0.011473813268816468,0,0.19088820350808583,0.20711462584498236,0.01622642233689653,1,1,0,0
balanced,8192,53,2,4095.9999999999995,1,0.011473813268816468,0,0.19506830893646415,0.21129473127336068,0.01622642233689653,1,1,0,0
balanced,8192,54,2,4095.9999999999995,1,0.011473813268816357,0,0.19732428513756156,0.2135507074744581,0.01622642233689653,1,1,0,0
balanced,8192,55,2,4095.9999999999995,1,0.011473813268816357,0,0.1917888847951732,0.20801530713206973,0.01622642233689653,1,1,0,0
balanced,8192,56,2,4095.9999999999995,1,0.011473813268816468,0,0.19157966736931853,0.20780608970621506,0.01622642233689653,1,1,0,0
balanced,8192,57,2,4095.9999999999995,1,0.011473813268816468,0,0.18874436338360362,0.20497078572050015,0.01622642233689653,1,1,0,0
balanced,8192,58,2,4095.9999999999995,1,0.011473813268816357,0,0.1940772923617914,0.21030371469868792,0.01622642233689653,1,1,0,0
balanced,8192,59,2,4095.9999999999995,1,0.011473813268816357,0,0.19256841963069649,0.20879484196759301,0.01622642233689653,1,1,0,0
balanced,8192,60,2,4095.9999999999995,1,0.011473813268816468,0,0.19295877962153607,0.2091852019584326,0.01622642233689653,1,1,0,0
balanced,8192,61,2,4095.9999999999995,1,0.011473813268816357,0,0.1961349568459521,0.21236137918284864,0.01622642233689653,1,1,0,0
balanced,8192,62,2,4095.9999999999995,1,0.011473813268816468,0,0.193349456075674,0.20957587841257053,0.01622642233689653,1,1,0,0
balanced,8192,63,2,4095.9999999999995,1,0.011473813268816357,0,0.1902580182553696,0.20648444059226612,0.01622642233689653,1,1,0,0
balanced,8192,64,2,4095.9999999999995,1,0.011473813268816357,0,0.18831353332982714,0.20453995566672367,0.01622642233689653,1,1,0,0
balanced,8192,65,2,4095.9999999999995,1,0.011473813268816357,0,0.1934300089753952,0.20965643131229172,0.01622642233689653,1,1,0,0
balanced,8192,66,2,4095.9999999999995,1,0.011473813268816357,0,0.19087642297879637,0.2071028453156929,0.01622642233689653,1,1,0,0
balanced,8192,67,2,4095.9999999999995,1,0.011473813268816357,0,0.18586447654601618,0.2020908988829127,0.01622642233689653,1,1,0,0
balanced,8192,68,2,4095.9999999999995,1,0.011473813268816357,0,0.19152296827545268,0.2077493906123492,0.01622642233689653,1,1,0,0
balanced,8192,69,2,4095.9999999999995,1,0.011473813268816468,0,0.1898338831441052,0.20606030548100174,0.01622642233689653,1,1,0,0
balanced,8192,70,2,4095.9999999999995,1,0.011473813268816357,0,0.1877331102549093,0.20395953259180583,0.01622642233689653,1,1,0,0
balanced,8192,71,2,4095.9999999999995,1,0.01147381326881658,0,0.19089078270147042,0.20711720503836695,0.01622642233689653,1,1,0,0
balanced,8192,72,2,4095.9999999999995,1,0.011473813268816357,0,0.18976669661530848,0.205993118952205,0.01622642233689653,1,1,0,0
balanced,8192,73,2,4095.9999999999995,1,0.011473813268816357,0,0.19521383488763944,0.21144025722453597,0.01622642233689653,1,1,0,0
balanced,8192,74,2,4095.9999999999995,1,0.011473813268816357,0,0.18871036048506684,0.20493678282196337,0.01622642233689653,1,1,0,0
balanced,8192,75,2,4095.9999999999995,1,0.011473813268816357,0,0.194368550635046,0.21059497297194252,0.01622642233689653,1,1,0,0
balanced,8192,76,2,4095.9999999999995,1,0.011473813268816468,0,0.18846019035050016,0.20468661268739669,0.01622642233689653,1,1,0,0
balanced,8192,77,2,4095.9999999999995,0,0.011473813268816357,0,0.20129111636988906,0.21751753870678558,0.01622642233689653,0,1,0,0
balanced,8192,78,2,4095.9999999999995,1,0.011473813268816468,0,0.19001021229090453,0.20623663462780106,0.01622642233689653,1,1,0,0
balanced,8192,79,2,4095.9999999999995,1,0.011473813268816468,0,0.1915573059046174,0.20778372824151392,0.01622642233689653,1,1,0,0
balanced,8192,80,2,4095.9999999999995,1,0.011473813268816357,0,0.1897628076827827,0.20598923001967923,0.01622642233689653,1,1,0,0
balanced,8192,81,2,4095.9999999999995,1,0.011473813268816357,0,0.19600749365914322,0.21223391599603975,0.01622642233689653,1,1,0,0
balanced,8192,82,2,4095.9999999999995,1,0.011473813268816357,0,0.19565797635455645,0.21188439869145298,0.01622642233689653,1,1,0,0
balanced,8192,83,2,4095.9999999999995,1,0.011473813268816357,0,0.18877271162469778,0.2049991339615943,0.01622642233689653,1,1,0,0
balanced,8192,84,2,4095.9999999999995,1,0.011473813268816468,0,0.19090085072482732,0.20712727306172385,0.01622642233689653,1,1,0,0
balanced,8192,85,2,4095.9999999999995,1,0.011473813268816357,0,0.19257251374502454,0.20879893608192107,0.01622642233689653,1,1,0,0
balanced,8192,86,2,4095.9999999999995,1,0.011473813268816468,0,0.1910884478242597,0.20731487016115624,0.01622642233689653,1,1,0,0
balanced,8192,87,2,4095.9999999999995,1,0.011473813268816468,0,0.19442771189313396,0.2106541342300305,0.01622642233689653,1,1,0,0
balanced,8192,88,2,4095.9999999999995,1,0.011473813268816357,0,0.19241484054736346,0.20864126288426,0.01622642233689653,1,1,0,0
balanced,8192,89,2,4095.9999999999995,1,0.011473813268816468,0,0.18865233881636062,0.20487876115325715,0.01622642233689653,1,1,0,0
balanced,8192,90,2,4095.9999999999995,1,0.011473813268816357,0,0.19156527400274298,0.2077916963396395,0.01622642233689653,1,1,0,0
balanced,8192,91,2,4095.9999999999995,1,0.011473813268816357,0,0.19370549325363695,0.20993191559053348,0.01622642233689653,1,1,0,0
balanced,8192,92,2,4095.9999999999995,0,0.011473813268816357,0,0.18241138364117676,0.1986378059780733,0.01622642233689653,0,1,0,0
balanced,8192,93,2,4095.9999999999995,1,0.011473813268816357,0,0.19170431564678775,0.20793073798368428,0.01622642233689653,1,1,0,0
balanced,8192,94,2,4095.9999999999995,1,0.011473813268816357,0,0.188363010028681,0.20458943236557753,0.01622642233689653,1,1,0,0
balanced,8192,95,2,4095.9999999999995,1,0.011473813268816357,0,0.1938463578733231,0.21007278021021963,0.01622642233689653,1,1,0,0
balanced,8192,96,2,4095.9999999999995,1,0.011473813268816357,0,0.19142663243819913,0.20765305477509566,0.01622642233689653,1,1,0,0
balanced,8192,97,2,4095.9999999999995,1,0.011473813268816357,0,0.19793802143034384,0.21416444376724036,0.01622642233689653,1,1,0,0
balanced,8192,98,2,4095.9999999999995,1,0.011473813268816357,0,0.19177930434665502,0.20800572668355155,0.01622642233689653,1,1,0,0
balanced,8192,99,2,4095.9999999999995,1,0.011473813268816468,0,0.19456451806799713,0.21079094040489366,0.01622642233689653,1,1,0,0
balanced,8192,100,2,4095.9999999999995,1,0.011473813268816468,0,0.18880165061574522,0.20502807295264175,0.01622642233689653,1,1,0,0
balanced,8192,101,2,4095.9999999999995,1,0.011473813268816357,0,0.1884701623883167,0.20469658472521324,0.01622642233689653,1,1,0,0
balanced,8192,102,2,4095.9999999999995,1,0.011473813268816357,0,0.1974597454675462,0.21368616780444272,0.01622642233689653,1,1,0,0
balanced,8192,103,2,4095.9999999999995,1,0.011473813268816468,0,0.19464303076625206,0.21086945310314859,0.01622642233689653,1,1,0,0
balanced,8192,104,2,4095.9999999999995,1,0.011473813268816357,0,0.19070336178344827,0.2069297841203448,0.01622642233689653,1,1,0,0
balanced,8192,105,2,4095.9999999999995,1,0.011473813268816357,0,0.1914074074071866,0.20763382974408312,0.01622642233689653,1,1,0,0
balanced,8192,106,2,4095.9999999999995,1,0.011473813268816468,0,0.19363698406008967,0.2098634063969862,0.01622642233689653,1,1,0,0
balanced,8192,107,2,4095.9999999999995,1,0.011473813268816468,0,0.19130656684731406,0.2075329891842106,0.01622642233689653,1,1,0,0
balanced,8192,108,2,4095.9999999999995,1,0.011473813268816468,0,0.19781822758508788,0.2140446499219844,0.01622642233689653,1,1,0,0
balanced,8192,109,2,4095.9999999999995,1,0.011473813268816468,0,0.1873401174361342,0.20356653977303074,0.01622642233689653,1,1,0,0
balanced,8192,110,2,4095.9999999999995,1,0.011473813268816357,0,0.19613561094451004,0.21236203328140657,0.01622642233689653,1,1,0,0
balanced,8192,111,2,4095.9999999999995,1,0.011473813268816468,0,0.19314799625319218,0.2093744185900887,0.01622642233689653,1,1,0,0
balanced,8192,112,2,4095.9999999999995,1,0.011473813268816357,0,0.19722508965611502,0.21345151199301154,0.01622642233689653,1,1,0,0
balanced,8192,113,2,4095.9999999999995,1,0.011473813268816468,0,0.1938453879923781,0.21007181032927463,0.01622642233689653,1,1,0,0
balanced,8192,114,2,4095.9999999999995,1,0.011473813268816468,0,0.19057481034566331,0.20680123268255984,0.01622642233689653,1,1,0,0
balanced,8192,115,2,4095.9999999999995,1,0.011473813268816468,0,0.1921577552201555,0.20838417755705202,0.01622642233689653,1,1,0,0
balanced,8192,116,2,4095.9999999999995,1,0.011473813268816357,0,0.18851892212983562,0.20474534446673215,0.01622642233689653,1,1,0,0
balanced,8192,117,2,4095.9999999999995,1,0.011473813268816468,0,0.1929878782515262,0.20921430058842272,0.01622642233689653,1,1,0,0
balanced,8192,118,2,4095.9999999999995,0,0.011473813268816357,0,0.18838885142912543,0.20461527376602195,0.01622642233689653,1,1,0,0
balanced,8192,119,2,4095.9999999999995,1,0.011473813268816357,0,0.1912435601479462,0.20746998248484272,0.01622642233689653,1,1,0,0
balanced,8192,120,2,4095.9999999999995,1,0.011473813268816357,0,0.1903442153010536,0.20657063763795014,0.01622642233689653,1,1,0,0
balanced,8192,121,2,4095.9999999999995,1,0.011473813268816357,0,0.1918413019694022,0.20806772430629872,0.01622642233689653,1,1,0,0
balanced,8192,122,2,4095.9999999999995,1,0.011473813268816468,0,0.18840185495634482,0.20462827729324135,0.01622642233689653,1,1,0,0
balanced,8192,123,2,4095.9999999999995,1,0.011473813268816468,0,0.1901170422425023,0.20634346457939884,0.01622642233689653,1,1,0,0
balanced,8192,124,2,4095.9999999999995,1,0.011473813268816468,0,0.19171897920968484,0.20794540154658137,0.01622642233689653,1,1,0,0
balanced,8192,125,2,4095.9999999999995,1,0.011473813268816357,0,0.19350004357530437,0.2097264659122009,0.01622642233689653,1,1,0,0
balanced,8192,126,2,4095.9999999999995,1,0.011473813268816357,0,0.189318304128748,0.20554472646564453,0.01622642233689653,1,1,0,0
balanced,8192,127,2,4095.9999999999995,1,0.011473813268816468,0,0.1920846090443326,0.20831103138122914,0.01622642233689653,1,1,0,0
balanced,8192,128,2,4095.9999999999995,1,0.011473813268816468,0,0.18794473455812366,0.2041711568950202,0.01622642233689653,1,1,0,0
balanced,8192,129,2,4095.9999999999995,1,0.011473813268816357,0,0.1915425814193088,0.20776900375620533,0.01622642233689653,1,1,0,0
balanced,8192,130,2,4095.9999999999995,1,0.011473813268816468,0,0.1931102062179037,0.20933662855480023,0.01622642233689653,1,1,0,0
balanced,8192,131,2,4095.9999999999995,1,0.011473813268816468,0,0.19403613622005444,0.21026255855695097,0.01622642233689653,1,1,0,0
balanced,8192,132,2,4095.9999999999995,1,0.011473813268816468,0,0.19113684575844347,0.20736326809534,0.01622642233689653,1,1,0,0
balanced,8192,133,2,4095.9999999999995,1,0.011473813268816357,0,0.1925639326837248,0.20879035502062132,0.01622642233689653,1,1,0,0
balanced,8192,134,2,4095.9999999999995,1,0.011473813268816357,0,0.19081044893157745,0.20703687126847398,0.01622642233689653,1,1,0,0
balanced,8192,135,2,4095.9999999999995,0,0.011473813268816357,0,0.19572149008598066,0.2119479124228772,0.01622642233689653,1,1,0,0
balanced,8192,136,2,4095.9999999999995,1,0.011473813268816357,0,0.18661767996672285,0.20284410230361938,0.01622642233689653,1,1,0,0
balanced,8192,137,2,4095.9999999999995,1,0.011473813268816357,0,0.18527326108154468,0.2014996834184412,0.01622642233689653,1,1,0,0
balanced,8192,138,2,4095.9999999999995,1,0.011473813268816357,0,0.19025793028932453,0.20648435262622106,0.01622642233689653,1,1,0,0
balanced,8192,139,2,4095.9999999999995,1,0.011473813268816357,0,0.1935576568222629,0.20978407915915942,0.01622642233689653,1,1,0,0
balanced,8192,140,2,4095.9999999999995,1,0.011473813268816357,0,0.18800336683390634,0.20422978917080287,0.01622642233689653,1,1,0,0
balanced,8192,141,2,4095.9999999999995,1,0.011473813268816468,0,0.1939822921058435,0.21020871444274003,0.01622642233689653,1,1,0,0
balanced,8192,142,2,4095.9999999999995,1,0.011473813268816468,0,0.18796249268413656,0.2041889150210331,0.01622642233689653,1,1,0,0
balanced,8192,143,2,4095.9999999999995,1,0.011473813268816357,0,0.18932170506459195,0.20554812740148848,0.01622642233689653,1,1,0,0
balanced,8192,144,2,4095.9999999999995,1,0.011473813268816468,0,0.19188788744515256,0.2081143097820491,0.01622642233689653,1,1,0,0
balanced,8192,145,2,4095.9999999999995,1,0.01147381326881658,0,0.18905412750891076,0.2052805498458073,0.01622642233689653,1,1,0,0
balanced,8192,146,2,4095.9999999999995,1,0.011473813268816468,0,0.19444028219894705,0.21066670453584357,0.01622642233689653,1,1,0,0
balanced,8192,147,2,4095.9999999999995,1,0.011473813268816357,0,0.19233488099824642,0.20856130333514294,0.01622642233689653,1,1,0,0
balanced,8192,148,2,4095.9999999999995,1,0.011473813268816468,0,0.1968929219386848,0.21311934427558132,0.01622642233689653,1,1,0,0
balanced,8192,149,2,4095.9999999999995,1,0.011473813268816357,0,0.19079874885470943,0.20702517119160596,0.01622642233689653,1,1,0,0
balanced,8192,150,2,4095.9999999999995,1,0.011473813268816357,0,0.19289765238772427,0.2091240747246208,0.01622642233689653,1,1,0,0
balanced,8192,151,2,4095.9999999999995,1,0.011473813268816468,0,0.1925467835519603,0.20877320588885684,0.01622642233689653,1,1,0,0
balanced,8192,152,2,4095.9999999999995,1,0.011473813268816468,0,0.1895038991450052,0.20573032148190173,0.01622642233689653,1,1,0,0
balanced,8192,153,2,4095.9999999999995,1,0.011473813268816468,0,0.19449110022971838,0.2107175225666149,0.01622642233689653,1,1,0,0
balanced,8192,154,2,4095.9999999999995,1,0.011473813268816357,0,0.19165221631477147,0.207878638651668,0.01622642233689653,1,1,0,0
balanced,8192,155,2,4095.9999999999995,0,0.011473813268816468,0,0.2003046787164504,0.21653110105334694,0.01622642233689653,0,1,0,0
balanced,8192,156,2,4095.9999999999995,1,0.011473813268816357,0,0.18942886256675623,0.20565528490365276,0.01622642233689653,1,1,0,0
balanced,8192,157,2,4095.9999999999995,1,0.011473813268816357,0,0.1896707186665419,0.20589714100343842,0.01622642233689653,1,1,0,0
balanced,8192,158,2,4095.9999999999995,1,0.011473813268816468,0,0.1874868435154119,0.20371326585230842,0.01622642233689653,1,1,0,0
balanced,8192,159,2,4095.9999999999995,1,0.011473813268816357,0,0.19437704881745665,0.21060347115435318,0.01622642233689653,1,1,0,0
balanced,8192,160,2,4095.9999999999995,1,0.011473813268816468,0,0.19494694764933068,0.2111733699862272,0.01622642233689653,1,1,0,0
balanced,8192,161,2,4095.9999999999995,1,0.011473813268816357,0,0.19441680177348902,0.21064322411038555,0.01622642233689653,1,1,0,0
balanced,8192,162,2,4095.9999999999995,1,0.011473813268816468,0,0.19151742965114038,0.2077438519880369,0.01622642233689653,1,1,0,0
balanced,8192,163,2,4095.9999999999995,1,0.011473813268816357,0,0.18825466976645627,0.2044810921033528,0.01622642233689653,1,1,0,0
balanced,8192,164,2,4095.9999999999995,1,0.011473813268816357,0,0.18924639274275867,0.2054728150796552,0.01622642233689653,1,1,0,0
balanced,8192,165,2,4095.9999999999995,1,0.011473813268816468,0,0.1932239855919609,0.20945040792885744,0.01622642233689653,1,1,0,0
balanced,8192,166,2,4095.9999999999995,1,0.011473813268816357,0,0.1961579120648353,0.21238433440173182,0.01622642233689653,1,1,0,0
balanced,8192,167,2,4095.9999999999995,1,0.011473813268816357,0,0.1915378776954978,0.20776430003239432,0.01622642233689653,1,1,0,0
balanced,8192,168,2,4095.9999999999995,1,0.011473813268816357,0,0.19060084312916287,0.2068272654660594,0.01622642233689653,1,1,0,0
balanced,8192,169,2,4095.9999999999995,1,0.011473813268816357,0,0.1900410851880216,0.20626750752491813,0.01622642233689653,1,1,0,0
balanced,8192,170,2,4095.9999999999995,1,0.011473813268816357,0,0.1901344362132935,0.20636085855019004,0.01622642233689653,1,1,0,0
balanced,8192,171,2,4095.9999999999995,1,0.011473813268816468,0,0.18932053338254506,0.2055469557194416,0.01622642233689653,1,1,0,0
balanced,8192,172,2,4095.9999999999995,1,0.011473813268816468,0,0.18641029445385943,0.20263671679075596,0.01622642233689653,1,1,0,0
balanced,8192,173,2,4095.9999999999995,1,0.011473813268816357,0,0.19408971781933454,0.21031614015623107,0.01622642233689653,1,1,0,0
balanced,8192,174,2,4095.9999999999995,1,0.011473813268816468,0,0.1887830022481018,0.20500942458499832,0.01622642233689653,1,1,0,0
balanced,8192,175,2,4095.9999999999995,1,0.011473813268816357,0,0.19084363183243314,0.20707005416932966,0.01622642233689653,1,1,0,0
balanced,8192,176,2,4095.9999999999995,1,0.011473813268816468,0,0.19370634636783113,0.20993276870472766,0.01622642233689653,1,1,0,0
balanced,8192,177,2,4095.9999999999995,1,0.011473813268816357,0,0.19373826142341627,0.2099646837603128,0.01622642233689653,1,1,0,0
balanced,8192,178,2,4095.9999999999995,1,0.011473813268816357,0,0.19469375652685433,0.21092017886375086,0.01622642233689653,1,1,0,0
balanced,8192,179,2,4095.9999999999995,1,0.011473813268816357,0,0.18901604216139767,0.2052424644982942,0.01622642233689653,1,1,0,0
balanced,8192,180,2,4095.9999999999995,1,0.011473813268816357,0,0.1899495539720697,0.20617597630896622,0.01622642233689653,1,1,0,0
balanced,8192,181,2,4095.9999999999995,1,0.011473813268816357,0,0.19624003706912035,0.21246645940601688,0.01622642233689653,1,1,0,0
balanced,8192,182,2,4095.9999999999995,0,0.011473813268816357,0,0.18361499852415586,0.1998414208610524,0.01622642233689653,0,1,0,0
balanced,8192,183,2,4095.9999999999995,1,0.011473813268816468,0,0.18763978755264143,0.20386620988953796,0.01622642233689653,1,1,0,0
balanced,8192,184,2,4095.9999999999995,1,0.011473813268816468,0,0.19259640377042964,0.20882282610732616,0.01622642233689653,1,1,0,0
balanced,8192,185,2,4095.9999999999995,1,0.011473813268816357,0,0.1936260524635965,0.20985247480049302,0.01622642233689653,1,1,0,0
balanced,8192,186,2,4095.9999999999995,1,0.011473813268816468,0,0.19266506508921166,0.2088914874261082,0.01622642233689653,1,1,0,0
balanced,8192,187,2,4095.9999999999995,1,0.011473813268816468,0,0.18801718263849382,0.20424360497539035,0.01622642233689653,1,1,0,0
balanced,8192,188,2,4095.9999999999995,1,0.011473813268816468,0,0.193650460506193,0.20987688284308953,0.01622642233689653,1,1,0,0
balanced,8192,189,2,4095.9999999999995,1,0.011473813268816468,0,0.19138733985581707,0.2076137621927136,0.01622642233689653,1,1,0,0
balanced,8192,190,2,4095.9999999999995,1,0.011473813268816357,0,0.19123209287558818,0.2074585152124847,0.01622642233689653,1,1,0,0
balanced,8192,191,2,4095.9999999999995,1,0.011473813268816357,0,0.18505900222283328,0.2012854245597298,0.01622642233689653,1,1,0,0
balanced,8192,192,2,4095.9999999999995,1,0.011473813268816357,0,0.19256149753721352,0.20878791987411005,0.01622642233689653,1,1,0,0
balanced,8192,193,2,4095.9999999999995,0,0.011473813268816357,0,0.19911945154021454,0.21534587387711107,0.01622642233689653,1,1,0,0
balanced,8192,194,2,4095.9999999999995,1,0.011473813268816468,0,0.19372587357370996,0.2099522959106065,0.01622642233689653,1,1,0,0
balanced,8192,195,2,4095.9999999999995,1,0.011473813268816357,0,0.18618815330331523,0.20241457564021176,0.01622642233689653,1,1,0,0
balanced,8192,196,2,4095.9999999999995,1,0.011473813268816357,0,0.191116047496668,0.20734246983356452,0.01622642233689653,1,1,0,0
balanced,8192,197,2,4095.9999999999995,1,0.011473813268816357,0,0.19744382886597833,0.21367025120287486,0.01622642233689653,1,1,0,0
balanced,8192,198,2,4095.9999999999995,1,0.011473813268816357,0,0.1963831955604991,0.21260961789739563,0.01622642233689653,1,1,0,0
balanced,8192,199,2,4095.9999999999995,1,0.011473813268816357,0,0.19568063046488232,0.21190705280177885,0.01622642233689653,1,1,0,0
balanced,8192,200,2,4095.9999999999995,1,0.011473813268816357,0,0.19551973114646864,0.21174615348336517,0.01622642233689653,1,1,0,0
balanced,8192,201,2,4095.9999999999995,0,0.011473813268816357,0,0.19058884944164967,0.2068152717785462,0.01622642233689653,1,1,0,0
balanced,8192,202,2,4095.9999999999995,1,0.011473813268816357,0,0.19521107355439526,0.2114374958912918,0.01622642233689653,1,1,0,0
balanced,8192,203,2,4095.9999999999995,1,0.011473813268816468,0,0.1904238313371674,0.20665025367406392,0.01622642233689653,1,1,0,0
balanced,8192,204,2,4095.9999999999995,1,0.011473813268816357,0,0.19146003810277096,0.2076864604396675,0.01622642233689653,1,1,0,0
balanced,8192,205,2,4095.9999999999995,1,0.011473813268816357,0,0.19004004609077346,0.20626646842767,0.01622642233689653,1,1,0,0
balanced,8192,206,2,4095.9999999999995,1,0.011473813268816357,0,0.18925672026427992,0.20548314260117645,0.01622642233689653,1,1,0,0
balanced,8192,207,2,4095.9999999999995,1,0.011473813268816468,0,0.19002970259859114,0.20625612493548767,0.01622642233689653,1,1,0,0
balanced,8192,208,2,4095.9999999999995,1,0.011473813268816357,0,0.1930874419822201,0.20931386431911664,0.01622642233689653,1,1,0,0
balanced,8192,209,2,4095.9999999999995,1,0.011473813268816357,0,0.18558038350860773,0.20180680584550426,0.01622642233689653,1,1,0,0
balanced,8192,210,2,4095.9999999999995,1,0.011473813268816357,0,0.187114231233388,0.20334065357028452,0.01622642233689653,1,1,0,0
balanced,8192,211,2,4095.9999999999995,0,0.011473813268816357,0,0.18334457292757045,0.19957099526446698,0.01622642233689653,0,1,0,0
balanced,8192,212,2,4095.9999999999995,1,0.011473813268816468,0,0.19336599609755278,0.2095924184344493,0.01622642233689653,1,1,0,0
balanced,8192,213,2,4095.9999999999995,1,0.011473813268816357,0,0.1938984906923631,0.21012491302925962,0.01622642233689653,1,1,0,0
balanced,8192,214,2,4095.9999999999995,1,0.011473813268816357,0,0.19512556588330704,0.21135198822020357,0.01622642233689653,1,1,0,0
balanced,8192,215,2,4095.9999999999995,1,0.011473813268816357,0,0.18796308740465217,0.2041895097415487,0.01622642233689653,1,1,0,0
balanced,8192,216,2,4095.9999999999995,1,0.011473813268816357,0,0.1936119044533815,0.20983832679027803,0.01622642233689653,1,1,0,0
balanced,8192,217,2,4095.9999999999995,1,0.011473813268816357,0,0.195843084086058,0.21206950642295452,0.01622642233689653,1,1,0,0
balanced,8192,218,2,4095.9999999999995,1,0.011473813268816357,0,0.19529343666543064,0.21151985900232717,0.01622642233689653,1,1,0,0
balanced,8192,219,2,4095.9999999999995,1,0.011473813268816357,0,0.18935148606923935,0.20557790840613588,0.01622642233689653,1,1,0,0
balanced,8192,220,2,4095.9999999999995,1,0.011473813268816357,0,0.19088762306604207,0.2071140454029386,0.01622642233689653,1,1,0,0
balanced,8192,221,2,4095.9999999999995,1,0.011473813268816468,0,0.19094152121728314,0.20716794355417967,0.01622642233689653,1,1,0,0
balanced,8192,222,2,4095.9999999999995,1,0.011473813268816357,0,0.19491718521859525,0.21114360755549177,0.01622642233689653,1,1,0,0
balanced,8192,223,2,4095.9999999999995,1,0.011473813268816468,0,0.19540540705617587,0.2116318293930724,0.01622642233689653,1,1,0,0
balanced,8192,224,2,4095.9999999999995,1,0.011473813268816357,0,0.19002069474490757,0.2062471170818041,0.01622642233689653,1,1,0,0
balanced,8192,225,2,4095.9999999999995,1,0.011473813268816357,0,0.1891328397315527,0.20535926206844923,0.01622642233689653,1,1,0,0
balanced,8192,226,2,4095.9999999999995,1,0.011473813268816468,0,0.19428188441739208,0.2105083067542886,0.01622642233689653,1,1,0,0
balanced,8192,227,2,4095.9999999999995,1,0.011473813268816357,0,0.18758561961339992,0.20381204195029645,0.01622642233689653,1,1,0,0
balanced,8192,228,2,4095.9999999999995,1,0.011473813268816468,0,0.19617289652355813,0.21239931886045466,0.01622642233689653,1,1,0,0
balanced,8192,229,2,4095.9999999999995,1,0.011473813268816357,0,0.19294883030952226,0.20917525264641879,0.01622642233689653,1,1,0,0
balanced,8192,230,2,4095.9999999999995,1,0.011473813268816357,0,0.1877661509392473,0.20399257327614384,0.01622642233689653,1,1,0,0
balanced,8192,231,2,4095.9999999999995,1,0.011473813268816468,0,0.1932146599527491,0.20944108228964564,0.01622642233689653,1,1,0,0
balanced,8192,232,2,4095.9999999999995,1,0.011473813268816357,0,0.18569277070402818,0.2019191930409247,0.01622642233689653,1,1,0,0
balanced,8192,233,2,4095.9999999999995,1,0.011473813268816357,0,0.1951146119492545,0.21134103428615103,0.01622642233689653,1,1,0,0
balanced,8192,234,2,4095.9999999999995,1,0.011473813268816357,0,0.19248134579269893,0.20870776812959546,0.01622642233689653,1,1,0,0
balanced,8192,235,2,4095.9999999999995,1,0.011473813268816468,0,0.19645662971317096,0.2126830520500675,0.01622642233689653,1,1,0,0
balanced,8192,236,2,4095.9999999999995,1,0.011473813268816468,0,0.1938280903103788,0.21005451264727532,0.01622642233689653,1,1,0,0
balanced,8192,237,2,4095.9999999999995,1,0.011473813268816357,0,0.1883309089680239,0.20455733130492043,0.01622642233689653,1,1,0,0
balanced,8192,238,2,4095.9999999999995,1,0.011473813268816357,0,0.19027170835847684,0.20649813069537337,0.01622642233689653,1,1,0,0
balanced,8192,239,2,4095.9999999999995,1,0.011473813268816357,0,0.19321251877558637,0.2094389411124829,0.01622642233689653,1,1,0,0
balanced,8192,240,2,4095.9999999999995,1,0.011473813268816357,0,0.19577310367764178,0.2119995260145383,0.01622642233689653,1,1,0,0
balanced,8192,241,2,4095.9999999999995,0,0.011473813268816357,0,0.18318215919912129,0.19940858153601781,0.01622642233689653,0,1,0,0
balanced,8192,242,2,4095.9999999999995,1,0.011473813268816357,0,0.1915213732512666,0.20774779558816314,0.01622642233689653,1,1,0,0
balanced,8192,243,2,4095.9999999999995,1,0.011473813268816357,0,0.1957140672980202,0.21194048963491674,0.01622642233689653,1,1,0,0
balanced,8192,244,2,4095.9999999999995,1,0.011473813268816357,0,0.18851681285920113,0.20474323519609766,0.01622642233689653,1,1,0,0
balanced,8192,245,2,4095.9999999999995,1,0.011473813268816468,0,0.19741311688173352,0.21363953921863005,0.01622642233689653,1,1,0,0
balanced,8192,246,2,4095.9999999999995,1,0.011473813268816468,0,0.1945734730228892,0.21079989535978572,0.01622642233689653,1,1,0,0
balanced,8192,247,2,4095.9999999999995,1,0.011473813268816468,0,0.19094554502463318,0.2071719673615297,0.01622642233689653,1,1,0,0
balanced,8192,248,2,4095.9999999999995,1,0.011473813268816357,0,0.19224543522624227,0.2084718575631388,0.01622642233689653,1,1,0,0
balanced,8192,249,2,4095.9999999999995,1,0.011473813268816357,0,0.19141556876469978,0.2076419911015963,0.01622642233689653,1,1,0,0
balanced,8192,250,2,4095.9999999999995,1,0.011473813268816357,0,0.19077456737570725,0.20700098971260378,0.01622642233689653,1,1,0,0
balanced,8192,251,2,4095.9999999999995,1,0.011473813268816468,0,0.19426180628730644,0.21048822862420297,0.01622642233689653,1,1,0,0
balanced,8192,252,2,4095.9999999999995,1,0.011473813268816357,0,0.18920062089715395,0.20542704323405048,0.01622642233689653,1,1,0,0
balanced,8192,253,2,4095.9999999999995,1,0.011473813268816357,0,0.1894649175935414,0.20569133993043792,0.01622642233689653,1,1,0,0
balanced,8192,254,2,4095.9999999999995,1,0.011473813268816357,0,0.18868951052210725,0.20491593285900378,0.01622642233689653,1,1,0,0
balanced,8192,255,2,4095.9999999999995,1,0.011473813268816468,0,0.19201997670096915,0.20824639903786568,0.01622642233689653,1,1,0,0
balanced,8192,256,2,4095.9999999999995,1,0.011473813268816357,0,0.19017881559106659,0.20640523792796311,0.01622642233689653,1,1,0,0
balanced,8192,257,2,4095.9999999999995,1,0.011473813268816357,0,0.1903017523513288,0.20652817468822532,0.01622642233689653,1,1,0,0
balanced,8192,258,2,4095.9999999999995,1,0.011473813268816357,0,0.1854377142371516,0.20166413657404814,0.01622642233689653,1,1,0,0
balanced,8192,259,2,4095.9999999999995,1,0.011473813268816357,0,0.18843990288769802,0.20466632522459455,0.01622642233689653,1,1,0,0
balanced,8192,260,2,4095.9999999999995,1,0.011473813268816357,0,0.19327125391741468,0.2094976762543112,0.01622642233689653,1,1,0,0
balanced,8192,261,2,4095.9999999999995,1,0.011473813268816357,0,0.19102588900547074,0.20725231134236727,0.01622642233689653,1,1,0,0
balanced,8192,262,2,4095.9999999999995,1,0.011473813268816357,0,0.18809075026322264,0.20431717260011917,0.01622642233689653,1,1,0,0
balanced,8192,263,2,4095.9999999999995,1,0.011473813268816357,0,0.1911949340449613,0.20742135638185782,0.01622642233689653,1,1,0,0
balanced,8192,264,2,4095.9999999999995,1,0.011473813268816468,0,0.18919574583883664,0.20542216817573317,0.01622642233689653,1,1,0,0
balanced,8192,265,2,4095.9999999999995,1,0.011473813268816468,0,0.18858833437940786,0.2048147567163044,0.01622642233689653,1,1,0,0
balanced,8192,266,2,4095.9999999999995,1,0.011473813268816357,0,0.19083772068697646,0.207064143023873,0.01622642233689653,1,1,0,0
balanced,8192,267,2,4095.9999999999995,1,0.011473813268816468,0,0.1938239389440416,0.21005036128093812,0.01622642233689653,1,1,0,0
balanced,8192,268,2,4095.9999999999995,1,0.011473813268816468,0,0.19162700984294723,0.20785343217984376,0.01622642233689653,1,1,0,0
balanced,8192,269,2,4095.9999999999995,1,0.011473813268816357,0,0.19237562940259884,0.20860205173949536,0.01622642233689653,1,1,0,0
balanced,8192,270,2,4095.9999999999995,1,0.011473813268816357,0,0.18671490339204327,0.2029413257289398,0.01622642233689653,1,1,0,0
balanced,8192,271,2,4095.9999999999995,1,0.011473813268816468,0,0.18988963895811883,0.20611606129501536,0.01622642233689653,1,1,0,0
balanced,8192,272,2,4095.9999999999995,1,0.011473813268816357,0,0.19295284320844203,0.20917926554533856,0.01622642233689653,1,1,0,0
balanced,8192,273,2,4095.9999999999995,1,0.011473813268816468,0,0.1894792469569357,0.20570566929383222,0.01622642233689653,1,1,0,0
balanced,8192,274,2,4095.9999999999995,1,0.011473813268816468,0,0.1914959136200794,0.20772233595697592,0.01622642233689653,1,1,0,0
balanced,8192,275,2,4095.9999999999995,1,0.011473813268816468,0,0.1870887498357598,0.20331517217265632,0.01622642233689653,1,1,0,0
balanced,8192,276,2,4095.9999999999995,1,0.011473813268816468,0,0.18621712424957787,0.2024435465864744,0.01622642233689653,1,1,0,0
balanced,8192,277,2,4095.9999999999995,1,0.011473813268816357,0,0.18803928878624876,0.2042657111231453,0.01622642233689653,1,1,0,0
balanced,8192,278,2,4095.9999999999995,1,0.011473813268816357,0,0.1873494627816633,0.20357588511855984,0.01622642233689653,1,1,0,0
balanced,8192,279,2,4095.9999999999995,1,0.011473813268816357,0,0.18495684014350894,0.20118326248040547,0.01622642233689653,1,1,0,0
balanced,8192,280,2,4095.9999999999995,1,0.011473813268816357,0,0.18919788939425064,0.20542431173114717,0.01622642233689653,1,1,0,0
balanced,8192,281,2,4095.9999999999995,1,0.011473813268816468,0,0.19033622699824249,0.20656264933513901,0.01622642233689653,1,1,0,0
balanced,8192,282,2,4095.9999999999995,1,0.011473813268816468,0,0.19207209034349998,0.2082985126803965,0.01622642233689653,1,1,0,0
balanced,8192,283,2,4095.9999999999995,1,0.011473813268816357,0,0.1907216109337913,0.20694803327068784,0.01622642233689653,1,1,0,0
balanced,8192,284,2,4095.9999999999995,1,0.011473813268816357,0,0.18896955204870403,0.20519597438560055,0.01622642233689653,1,1,0,0
balanced,8192,285,2,4095.9999999999995,1,0.011473813268816468,0,0.19194110047572294,0.20816752281261947,0.01622642233689653,1,1,0,0
balanced,8192,286,2,4095.9999999999995,1,0.011473813268816357,0,0.18982138186659603,0.20604780420349256,0.01622642233689653,1,1,0,0
balanced,8192,287,2,4095.9999999999995,1,0.011473813268816468,0,0.19169156164568707,0.2079179839825836,0.01622642233689653,1,1,0,0
balanced,8192,288,2,4095.9999999999995,1,0.011473813268816468,0,0.19583693777145839,0.21206336010835491,0.01622642233689653,1,1,0,0
balanced,8192,289,2,4095.9999999999995,1,0.011473813268816357,0,0.19332494783111126,0.2095513701680078,0.01622642233689653,1,1,0,0
balanced,8192,290,2,4095.9999999999995,1,0.011473813268816357,0,0.1843304246777745,0.20055684701467102,0.01622642233689653,1,1,0,0
balanced,8192,291,2,4095.9999999999995,1,0.011473813268816468,0,0.19169946837558738,0.2079258907124839,0.01622642233689653,1,1,0,0
balanced,8192,292,2,4095.9999999999995,1,0.011473813268816357,0,0.19217347398002638,0.2083998963169229,0.01622642233689653,1,1,0,0
balanced,8192,293,2,4095.9999999999995,1,0.011473813268816357,0,0.1911802484096678,0.20740667074656433,0.01622642233689653,1,1,0,0
balanced,8192,294,2,4095.9999999999995,1,0.011473813268816468,0,0.1935916179350099,0.20981804027190643,0.01622642233689653,1,1,0,0
balanced,8192,295,2,4095.9999999999995,1,0.011473813268816357,0,0.19773837110566755,0.21396479344256408,0.01622642233689653,1,1,0,0
balanced,8192,296,2,4095.9999999999995,1,0.011473813268816357,0,0.19411273517704303,0.21033915751393956,0.01622642233689653,1,1,0,0
balanced,8192,297,2,4095.9999999999995,1,0.011473813268816357,0,0.19436648056862565,0.21059290290552218,0.01622642233689653,1,1,0,0
balanced,8192,298,2,4095.9999999999995,1,0.011473813268816468,0,0.19265136185093878,0.2088777841878353,0.01622642233689653,1,1,0,0
balanced,8192,299,2,4095.9999999999995,1,0.011473813268816357,0,0.18974355457678038,0.2059699769136769,0.01622642233689653,1,1,0,0
